0,1,2,3,4,5,6,7,8,9,10,11,12,13,14,15,16,17,18,19,20,21,22,23,24,25,26,27,28,29,30,31,32,33,34,35,36,37,38,39,40,41,42,43,44,45,46,47,48,49,50,51,52,53,54,55,56,57,58,59,60,61,62,63,64,65,66,67,68,69,70,71,72,73,74,75,76,77,78,79,80,81,82,83,84,85,86,87,88,89,90,91,92,93,94,95,96,97,98,99,100,101,102,103,104,105,106,107,108,109,110,111,112,113,114,115,116,117,118,119,120,121,122,123,124,125,126,127,128,129,130,131,132,133,134,135,136,137,138,139,140,
0.9996865391731262,0.9384539127349854,0.9005763530731201,-0.045891210436820984,-0.04301668331027031,-0.03918338939547539,0.004599467385560274,0.0023937185760587454,-0.021890658885240555,-0.022807225584983826,-0.006836635991930962,-0.005990255624055862,0.009209496900439262,-0.00910976529121399,0.012971878051757812,0.00217275507748127,0.004506467841565609,0.008881308138370514,-0.03769661858677864,-0.04810917750000954,-0.054843686521053314,0.19212573766708374,0.17254988849163055,0.17833159863948822,-0.08965176343917847,-0.08617250621318817,-0.07146390527486801,-0.04400043189525604,-0.027695434167981148,-0.03792385384440422,0.001828639069572091,0.007087603211402893,0.012233339250087738,0.012108607217669487,-0.0007375952554866672,-0.0010469398694112897,-0.030749235302209854,-0.02248174138367176,-0.03131800889968872,0.0359591580927372,0.03666440397500992,0.044417738914489746,-0.03798367455601692,-0.02431315742433071,-0.032628513872623444,0.021246591582894325,0.008809230290353298,0.0023649961221963167,0.04316883161664009,0.0598677396774292,0.0590633861720562,0.020618965849280357,0.026868216693401337,0.02848295494914055,-0.030629314482212067,-0.01801646128296852,-0.024965859949588776,0.0318942666053772,0.0333234965801239,0.033576905727386475,0.006802891846746206,0.005078629590570927,0.0031388544011861086,0.032929953187704086,0.04119139537215233,0.035464808344841,0.03035491146147251,0.020779507234692574,0.02531270869076252,0.02280328795313835,0.016779787838459015,0.017171232029795647,0.0164639875292778,0.025209838524460793,0.025338565930724144,-0.01972184330224991,-0.012527275830507278,-0.01220190804451704,-0.01769086718559265,-0.010949190706014633,-0.012186997570097446,0.003341300180181861,-0.006235486827790737,-0.006940136663615704,0.03448967635631561,0.030013835057616234,0.025627758353948593,-0.0012812906643375754,0.010495593771338463,0.008601301349699497,0.015614567324519157,0.026733633130788803,0.023184143006801605,-0.03094889596104622,-0.03325241059064865,-0.032028455287218094,0.02228373847901821,0.024123571813106537,0.0230379868298769,0.00404982827603817,0.004152145702391863,0.0028342418372631073,-0.016621360555291176,-0.013824382796883583,-0.01218497846275568,0.015044552274048328,0.015063158236443996,0.012716514058411121,-0.004988557659089565,-0.003947549033910036,-0.004619358107447624,0.008537854067981243,0.010291303507983685,0.009583675302565098,0.013267689384520054,0.010400662198662758,0.007914162240922451,-0.015891896560788155,-0.017432350665330887,-0.01592673920094967,0.013098453171551228,0.014939887449145317,0.013770380057394505,-0.00514234509319067,-0.0025120959617197514,-0.0007542493985965848,-0.007919984869658947,-0.009683589451014996,-0.010010001249611378,-0.0038588703610002995,-0.003722219727933407,-0.0023363118525594473,0.010243804194033146,0.010408137924969196,0.012060774490237236,0.002093568677082658,0.0028311924543231726,0.0005416658823378384,0.0020550168119370937,0.003213424701243639,0.001884481986053288,
0.9384539127349854,0.9996786117553711,0.958552896976471,-0.03294362500309944,-0.04553568363189697,-0.04117240011692047,0.006404583808034658,-0.018501143902540207,-0.02800789289176464,-0.01970578543841839,0.003628765232861042,0.006309618707746267,0.009474985301494598,0.008920392021536827,0.020984075963497162,0.006609999109059572,-0.0010970273287966847,0.0018398715183138847,-0.04278234392404556,-0.03828848525881767,-0.04301896691322327,0.17682142555713654,0.18196651339530945,0.17906710505485535,-0.08898881077766418,-0.09239038079977036,-0.08068491518497467,-0.03929777815937996,-0.03371622785925865,-0.0366414338350296,-0.002965345745906234,-0.009866259060800076,-0.009584372863173485,0.009477619081735611,0.009441801346838474,0.011266580782830715,-0.02572302147746086,-0.027374522760510445,-0.03313978388905525,0.02899397350847721,0.0203253161162138,0.025282122194767,-0.025051947683095932,-0.019640183076262474,-0.021980704739689827,0.021199971437454224,0.023933423683047295,0.014758624136447906,0.045709941536188126,0.05209534615278244,0.0529223270714283,0.021345404908061028,0.02068718895316124,0.02542206272482872,-0.015476732514798641,-0.012120782397687435,-0.01627286896109581,0.03009236790239811,0.03182074800133705,0.03158194571733475,0.005852114409208298,0.0071523492224514484,0.0037680957466363907,0.029650259763002396,0.03195836767554283,0.028037378564476967,0.029328424483537674,0.026855267584323883,0.028314320370554924,0.026369180530309677,0.026214024052023888,0.02557579055428505,0.014843478798866272,0.017348602414131165,0.018355948850512505,-0.020075924694538116,-0.017479481175541878,-0.01658966951072216,-0.007508308161050081,-0.004283773247152567,-0.0049804081209003925,-0.002284666756168008,-0.003691963152959943,-0.006411541718989611,0.029387203976511955,0.02542285807430744,0.01999288611114025,0.0019509762059897184,0.0022877391893416643,0.0043126377277076244,0.022360147908329964,0.025045139715075493,0.023940104991197586,-0.030305346474051476,-0.032001495361328125,-0.03203746676445007,0.02044072560966015,0.021663401275873184,0.021463481709361076,0.003943840507417917,0.004664527717977762,0.003961960319429636,-0.012784167192876339,-0.009919053874909878,-0.008298933506011963,0.012390894815325737,0.010202438570559025,0.009131976403295994,-0.005454310216009617,-0.005491626914590597,-0.005886778701096773,0.007663993630558252,0.0093735596165061,0.010218937881290913,0.013693996705114841,0.01095961220562458,0.0076867276802659035,-0.01522915530949831,-0.016837475821375847,-0.016860706731677055,0.01104196161031723,0.012556897476315498,0.012417140416800976,-0.00624130479991436,-0.003833214985206723,-0.001640637987293303,-0.006023881491273642,-0.007267516106367111,-0.0073873139917850494,-0.003959124442189932,-0.0039397054351866245,-0.003135903738439083,0.00772518664598465,0.010453416965901852,0.011320636607706547,0.0028160454239696264,0.0030139335431158543,0.0013893815921619534,0.002157597104087472,0.0014700692845508456,0.0006153376307338476,
0.9005763530731201,0.958552896976471,0.9996881484985352,-0.015474751591682434,-0.026102587580680847,-0.009834235534071922,-0.010328195989131927,-0.024264205247163773,-0.04528886079788208,-0.027146989479660988,-0.002697208896279335,-0.010484474711120129,0.017734499648213387,0.015148529782891273,0.03511873260140419,0.019429273903369904,0.010055280290544033,0.023292038589715958,-0.05174999311566353,-0.0455668605864048,-0.061142947524785995,0.18325647711753845,0.17884384095668793,0.19416318833827972,-0.07431146502494812,-0.0811157077550888,-0.060631319880485535,-0.04713704437017441,-0.035501688718795776,-0.05165025591850281,0.008215971291065216,-0.004981226287782192,0.005327003076672554,0.005034967325627804,0.007944857701659203,0.004922554828226566,-0.036073047667741776,-0.03408055379986763,-0.05263760685920715,0.03706670552492142,0.021315226331353188,0.04263030365109444,-0.03518575429916382,-0.022587070241570473,-0.04359129071235657,0.02218417450785637,0.022691713646054268,0.02277669496834278,0.045399490743875504,0.054831523448228836,0.049588244408369064,0.020159276202321053,0.022189583629369736,0.025934554636478424,-0.019507238641381264,-0.012728453613817692,-0.01815195381641388,0.02610529214143753,0.026871640235185623,0.028083395212888718,0.0066375271417200565,0.006717975717037916,0.004099723417311907,0.026616310700774193,0.033456262201070786,0.03014502115547657,0.03232080116868019,0.026163578033447266,0.029557647183537483,0.030515525490045547,0.028273537755012512,0.0291958786547184,0.01112380251288414,0.015497724525630474,0.012444483116269112,-0.02211472950875759,-0.019960615783929825,-0.018633410334587097,-0.005031823646277189,-0.0017059214878827333,-0.004534940700978041,0.0012499582953751087,-0.0015799731481820345,-0.0014281828189268708,0.024311020970344543,0.018200114369392395,0.012417779304087162,-0.002633874537423253,-0.00011311341222608462,-0.0011266096262261271,0.017126256600022316,0.022346753627061844,0.019328948110342026,-0.028197741135954857,-0.03041970171034336,-0.02881510928273201,0.018703486770391464,0.020549271255731583,0.01985582895576954,0.0029357753228396177,0.004033505450934172,0.0037205859553068876,-0.011312250047922134,-0.008168862201273441,-0.00793070811778307,0.009642756544053555,0.008804265409708023,0.007530371658504009,-0.0042070308700203896,-0.004283837508410215,-0.0050896848551929,0.006914995145052671,0.009381544776260853,0.009911246597766876,0.014437109231948853,0.011153805069625378,0.008697643876075745,-0.013248372822999954,-0.015229753218591213,-0.01516585610806942,0.009842531755566597,0.01162878517061472,0.011830434203147888,-0.0062229223549366,-0.0034811552613973618,-0.0017639030702412128,-0.006067806389182806,-0.007100154645740986,-0.007607439998537302,-0.004830732010304928,-0.005033049266785383,-0.0037475840654224157,0.006889566779136658,0.008358951658010483,0.00944454874843359,0.0031013665720820427,0.0037883282639086246,0.002047737594693899,0.0018699425272643566,0.002359099453315139,0.00040125337545759976,
-0.045891210436820984,-0.03294362500309944,-0.015474751591682434,0.9996779561042786,0.9122619032859802,0.8902562260627747,-0.02140282653272152,-0.024909427389502525,-0.018698381260037422,0.010226466692984104,-0.006676749791949987,-0.007482429500669241,0.010853816755115986,0.0241719800978899,0.036288682371377945,0.024252712726593018,0.024576721712946892,0.026397686451673508,-0.13174763321876526,-0.10645242780447006,-0.13192154467105865,0.03205493837594986,0.03781072050333023,0.041572898626327515,-0.026177799329161644,-0.01905377022922039,-0.01979917846620083,-0.01709013804793358,-0.01584629900753498,-0.024531880393624306,0.04267417639493942,0.039893582463264465,0.04995668679475784,-0.07472112029790878,-0.05591977760195732,-0.06351178884506226,-0.0699193999171257,-0.07961457967758179,-0.08590061217546463,0.18879951536655426,0.15773259103298187,0.16642984747886658,-0.017688391730189323,-0.028217367827892303,-0.025625156238675117,0.029120080173015594,0.029575295746326447,0.030523631721735,-0.02342032641172409,-0.020526021718978882,-0.024053078144788742,0.017558960244059563,0.0018920177826657891,0.002133105881512165,0.014820192009210587,0.004415108822286129,0.009127304889261723,-0.020070359110832214,-0.027014777064323425,-0.027524931356310844,0.03970491141080856,0.03841235488653183,0.04397682473063469,0.03656048700213432,0.02845137193799019,0.03230854496359825,-0.01573297753930092,-0.007847249507904053,-0.015252919867634773,0.003124156966805458,0.012208417057991028,0.009442148730158806,-0.0223560594022274,-0.02096511423587799,-0.02739458717405796,0.012643253430724144,0.013636092655360699,0.005337574984878302,0.015644490718841553,0.018056470900774002,0.019871773198246956,0.03265446424484253,0.03558756411075592,0.032330434769392014,-0.0018990844255313277,-0.0019347270717844367,-0.0029083469416946173,0.015387285500764847,0.0006716311327181756,0.0029077595099806786,0.007387980353087187,-0.0011382965603843331,0.0014102698769420385,-0.006208406295627356,-0.008317923173308372,-0.007793927565217018,-0.0075755356810987,-0.00657586008310318,-0.00466530118137598,-0.020082613453269005,-0.022913815453648567,-0.022539706900715828,0.008714433759450912,0.004731562454253435,0.0028815148398280144,-0.01509600505232811,-0.014464269392192364,-0.013697419315576553,0.012022829614579678,0.01300817634910345,0.012617173604667187,0.00019983388483524323,-0.0009209262207150459,-5.730046905227937e-05,-0.012458737939596176,-0.01114255003631115,-0.009706247597932816,-0.006058640778064728,-0.005417213309556246,-0.006768855266273022,-0.008435254916548729,-0.006935633718967438,-0.004715664312243462,0.0023910298477858305,0.0008382307714782655,0.0014430697774514556,0.009682745672762394,0.011529221199452877,0.010604091919958591,0.013406479731202126,0.013681408949196339,0.014998946338891983,0.003893860848620534,0.0042455606162548065,0.002116877818480134,-0.013585628010332584,-0.016310879960656166,-0.015978658571839333,-0.0006549495155923069,-0.00258765765465796,-0.003724516835063696,
-0.04301668331027031,-0.04553568363189697,-0.026102587580680847,0.9122619032859802,0.999688982963562,0.9398784637451172,-0.0413963757455349,-0.024052560329437256,-0.0097926314920187,0.010516594164073467,0.003248575609177351,-0.005141447763890028,0.022352309897542,-0.007784838322550058,0.009815424680709839,0.01922548934817314,0.024678770452737808,0.021785978227853775,-0.10159842669963837,-0.13830286264419556,-0.12438857555389404,0.03587762266397476,0.02075953036546707,0.020845327526330948,-0.022349223494529724,-0.01443425752222538,-0.014385747723281384,-0.019620267674326897,-0.0070542641915380955,-0.015404864214360714,0.035421162843704224,0.03743172436952591,0.04353604465723038,-0.05590061470866203,-0.06362799555063248,-0.05739974230527878,-0.0670551210641861,-0.07711762934923172,-0.08364259451627731,0.16776372492313385,0.17553386092185974,0.1669902205467224,-0.012836862355470657,-0.025860365480184555,-0.024726854637265205,0.024437982589006424,0.02128944918513298,0.021490607410669327,-0.02214612439274788,-0.019537441432476044,-0.022630808874964714,0.009737081825733185,0.0039030988700687885,0.0009211316937580705,0.014072529971599579,0.012183337472379208,0.013749324716627598,-0.024972526356577873,-0.03248044475913048,-0.034139133989810944,0.0413508377969265,0.0374930202960968,0.043318118900060654,0.030785348266363144,0.029437486082315445,0.033681269735097885,-0.011567546054720879,-0.006106311455368996,-0.010335112921893597,0.0012042615562677383,0.0004498005728237331,-0.002737762639299035,-0.01866547204554081,-0.015754159539937973,-0.021140558645129204,0.009104243479669094,0.011768201366066933,0.005463350564241409,0.019087111577391624,0.018338505178689957,0.019062327221035957,0.03448547050356865,0.0355880968272686,0.033783406019210815,-0.001106351730413735,-0.004140659235417843,-0.0048596509732306,0.013847755268216133,0.0030607159715145826,0.004092256538569927,0.0062560406513512135,-0.0004325474437791854,-0.001242301776073873,-0.0015648517291992903,-0.0030093654058873653,-0.005503806751221418,-0.010298210196197033,-0.010187400504946709,-0.006721207406371832,-0.014387850649654865,-0.01917286403477192,-0.020348861813545227,0.010386848822236061,0.005777828395366669,0.003685236908495426,-0.015574870631098747,-0.014368942007422447,-0.013171963393688202,0.009337247349321842,0.012031808495521545,0.012427390553057194,-0.000574918813072145,-0.0014060249086469412,-0.0013744191965088248,-0.010847794823348522,-0.007215998601168394,-0.00714511051774025,-0.002323779510334134,-0.0024677098263055086,-0.005640908144414425,-0.00994948111474514,-0.00927666760981083,-0.005468057934194803,0.00043472342076711357,-0.002441437914967537,-0.0008213041583076119,0.009455986320972443,0.009160962887108326,0.009529652073979378,0.010693449527025223,0.013525348156690598,0.014343022368848324,0.005430978257209063,0.004110693000257015,0.0023892237804830074,-0.008738239295780659,-0.013797329738736153,-0.014419681392610073,0.0008122345898300409,-0.0007407651282846928,-0.0019056664314121008,
-0.03918338939547539,-0.04117240011692047,-0.009834235534071922,0.8902562260627747,0.9398784637451172,0.9996840953826904,-0.04885037615895271,-0.025859715417027473,-0.01170431263744831,0.004490696359425783,-0.007176614832133055,-0.015880316495895386,0.020631927996873856,-0.0025218501687049866,0.010981149040162563,0.028016094118356705,0.03672216087579727,0.025952190160751343,-0.11769319325685501,-0.11520005762577057,-0.13514363765716553,0.03717583790421486,0.014161037281155586,0.020851194858551025,-0.01917346753180027,-0.00919492356479168,-0.0072745694778859615,-0.022441711276769638,-0.014151457697153091,-0.0277920700609684,0.041481368243694305,0.03497709333896637,0.051249582320451736,-0.05805528908967972,-0.04927932843565941,-0.054657675325870514,-0.06506255269050598,-0.07693477720022202,-0.09877514839172363,0.1707010567188263,0.16301119327545166,0.1762961447238922,-0.016875412315130234,-0.029291052371263504,-0.038871221244335175,0.02239815518260002,0.02040928043425083,0.01803567446768284,-0.023851115256547928,-0.022101836279034615,-0.024935316294431686,0.006098253186792135,-0.0015680865617468953,0.0013649719767272472,0.014000024646520615,0.010757890529930592,0.01182069256901741,-0.02614167518913746,-0.03209574893116951,-0.03329542651772499,0.0405573695898056,0.03767893463373184,0.0419919416308403,0.026873616501688957,0.025303995236754417,0.028563307598233223,-0.014466322027146816,-0.007975135929882526,-0.011901844292879105,0.002971495734527707,0.0016215554205700755,-0.0037017553113400936,-0.02083745412528515,-0.016423212364315987,-0.02195659838616848,0.009665394201874733,0.01215753611177206,0.00495242839679122,0.017643984407186508,0.019121726974844933,0.018757067620754242,0.035750456154346466,0.038423217833042145,0.037322964519262314,-0.002553278347477317,-0.006504634860903025,-0.006400702986866236,0.01398477889597416,0.003949603531509638,0.0051314979791641235,0.00844030361622572,0.0010083920788019896,-0.0019749142229557037,0.001978982472792268,8.454828639514744e-05,-0.0036329145077615976,-0.011242680251598358,-0.011257217265665531,-0.007425968069583178,-0.012495717033743858,-0.01684386283159256,-0.018239321187138557,0.011178984306752682,0.007038148585706949,0.004103760700672865,-0.015826743096113205,-0.014449072070419788,-0.012755836360156536,0.010032332502305508,0.011201824061572552,0.013322541490197182,-0.0006895234109833837,-0.0006722467369399965,-0.0008648784714750946,-0.00927337072789669,-0.006423401180654764,-0.006948171183466911,0.0010031526908278465,-0.00034658148069866,-0.004582652822136879,-0.010791589505970478,-0.009960895404219627,-0.0056731607764959335,-0.0017895136261358857,-0.00289286021143198,-0.0021440337877720594,0.008373826742172241,0.009305226616561413,0.009923379868268967,0.010420966893434525,0.012385150417685509,0.01412880513817072,0.0052033476531505585,0.0032068362925201654,0.0026345772203058004,-0.0071344380266964436,-0.011089794337749481,-0.013035657815635204,0.0008075510268099606,-0.00029682464082725346,-0.0019510530401021242,
0.004599467385560274,0.006404583808034658,-0.010328195989131927,-0.02140282653272152,-0.0413963757455349,-0.04885037615895271,0.9996790289878845,0.9352043271064758,0.8922631740570068,-0.08718982338905334,-0.08736710995435715,-0.06446526199579239,0.011876176111400127,0.038727983832359314,0.02819199301302433,0.0283980555832386,0.02753816358745098,0.036925461143255234,0.18548312783241272,0.18759103119373322,0.17511998116970062,-0.01393166184425354,-0.0028918602038174868,-0.016834493726491928,0.04022208973765373,0.049712151288986206,0.03942680358886719,0.056935764849185944,0.03457944467663765,0.0418185256421566,0.058824773877859116,0.07326065748929977,0.06875798106193542,-0.04392468184232712,-0.025984078645706177,-0.02284897491335869,0.15153203904628754,0.15494567155838013,0.1480076164007187,0.01830572821199894,-0.0030829564202576876,-0.009779421612620354,0.08324285596609116,0.054070375859737396,0.07086107134819031,0.010870805941522121,0.0175599567592144,0.015689842402935028,0.029320847243070602,0.027802849188447,0.02418908104300499,0.009596086107194424,0.001911767409183085,0.007878444157540798,0.015598121099174023,-0.004849093034863472,0.00042692795977927744,0.03974063694477081,0.03539656475186348,0.03918517380952835,0.0014277813024818897,0.007904279977083206,0.006257360335439444,0.04439076408743858,0.025500759482383728,0.025545652955770493,0.022447869181632996,0.02749844826757908,0.023481229320168495,-0.007332386448979378,0.006797756999731064,0.0014222986064851284,0.039949703961610794,0.03827163949608803,0.03190332651138306,0.0029444373212754726,-0.010068628005683422,-0.011278005316853523,-0.02839428372681141,-0.024153616279363632,-0.02388078346848488,-0.01873873919248581,-0.009596270509064198,-0.010037995874881744,0.02007385715842247,0.02444799803197384,0.018409183248877525,0.016597794368863106,0.0028778815176337957,0.006040455773472786,0.044149573892354965,0.03050212748348713,0.03821120783686638,-0.015831083059310913,-0.013320429250597954,-0.010445918887853622,0.008100633509457111,0.00848001055419445,0.006887041497975588,0.000814458355307579,-0.0027345693670213223,-0.002276082755997777,-0.020709367468953133,-0.02326895110309124,-0.02221892587840557,0.011564535088837147,0.009128116071224213,0.01175785157829523,-0.010586689226329327,-0.0042232610285282135,-0.004620769061148167,0.011901973746716976,0.006854141131043434,0.008591671474277973,-0.005494681652635336,-0.0028523849323391914,-0.004557718522846699,-0.01819014362990856,-0.014087635092437267,-0.013096604496240616,0.010891728103160858,0.013045448809862137,0.01042892038822174,-0.0029334661085158587,-0.008121390827000141,-0.005166730843484402,-0.007933265529572964,-0.007965479046106339,-0.008740975521504879,-0.001853802241384983,0.0012451777001842856,0.0004115011543035507,0.0026457244530320168,0.004028198774904013,0.002904400462284684,-0.004633396863937378,-0.00921285804361105,-0.007776737213134766,0.00412050960585475,0.005469927564263344,0.008977074176073074,
0.0023937185760587454,-0.018501143902540207,-0.024264205247163773,-0.024909427389502525,-0.024052560329437256,-0.025859715417027473,0.9352043271064758,0.9996894598007202,0.949817419052124,-0.07672972977161407,-0.09490649402141571,-0.08167220652103424,0.0018728985451161861,0.02478829212486744,0.019719930365681648,0.024919424206018448,0.045301731675863266,0.047023922204971313,0.18727821111679077,0.1903722882270813,0.17910902202129364,-0.0105399489402771,-0.01820390485227108,-0.025004252791404724,0.05119454488158226,0.06292039901018143,0.056436244398355484,0.05823320150375366,0.0420699417591095,0.045978426933288574,0.060502663254737854,0.07585962116718292,0.07567205280065536,-0.03544455021619797,-0.029953015968203545,-0.026278730481863022,0.15120235085487366,0.1590677797794342,0.1526465117931366,0.007794938050210476,0.003939730580896139,-0.005640248768031597,0.06897714734077454,0.05991295725107193,0.0673050805926323,0.01172364316880703,0.012505743652582169,0.009763373993337154,0.02719704620540142,0.025521863251924515,0.022382456809282303,0.00539981247857213,0.00312088243663311,0.005100249778479338,0.010505015961825848,0.005831124261021614,0.004394932184368372,0.034577131271362305,0.03020951896905899,0.033863261342048645,-0.0002255674626212567,0.0033187095541507006,0.003418629989027977,0.0316125750541687,0.023087896406650543,0.018478749319911003,0.028681395575404167,0.025904279202222824,0.02441204898059368,0.0016859481111168861,0.006491304375231266,0.0031992492731660604,0.03677193075418472,0.037239834666252136,0.032281294465065,0.001972421072423458,-0.007406174670904875,-0.007222033105790615,-0.023660318925976753,-0.024499986320734024,-0.02278931252658367,-0.010397077538073063,-0.010192644782364368,-0.007335494738072157,0.02010655775666237,0.020908480510115623,0.01787641830742359,0.009553184732794762,0.008981848135590553,0.008715743198990822,0.04082164168357849,0.032092344015836716,0.03397757187485695,-0.013177271001040936,-0.009931160137057304,-0.008188707754015923,0.005090876016765833,0.00443113362416625,0.004182011354714632,0.0006000676658004522,-0.0015827177558094263,-0.002321988809853792,-0.02076171711087227,-0.022333234548568726,-0.022901786491274834,0.0067666866816580296,0.007436220534145832,0.010177884250879288,-0.009527739137411118,-0.004901859909296036,-0.004836311098188162,0.007864918559789658,0.005367454141378403,0.00575485173612833,-0.003158943261951208,-0.0031500491313636303,-0.004246325697749853,-0.014592327177524567,-0.011926368810236454,-0.011100641451776028,0.007826654240489006,0.009048477746546268,0.007506914436817169,-0.005327337421476841,-0.00831657461822033,-0.005920919124037027,-0.006542641203850508,-0.007857595570385456,-0.007984533905982971,0.00011921066470677033,0.002084112958982587,0.0024326990824192762,0.001312888110987842,0.0011796144535765052,0.0013716047396883368,-0.007068573962897062,-0.009719008579850197,-0.010058621875941753,0.0035421308130025864,0.005865630228072405,0.00899356696754694,
-0.021890658885240555,-0.02800789289176464,-0.04528886079788208,-0.018698381260037422,-0.0097926314920187,-0.01170431263744831,0.8922631740570068,0.949817419052124,0.9996823072433472,-0.0581900030374527,-0.08765390515327454,-0.0834474042057991,0.0022728699259459972,0.027575094252824783,0.0161992646753788,0.02310117706656456,0.034791845828294754,0.034334927797317505,0.17770226299762726,0.18353970348834991,0.1951838582754135,-0.023450661450624466,-0.027324402704834938,-0.03858628496527672,0.04909897968173027,0.06505538523197174,0.05416785553097725,0.06629670411348343,0.04350583255290985,0.053327884525060654,0.047195885330438614,0.06588137149810791,0.06053785979747772,-0.03423817828297615,-0.0253476370126009,-0.017608197405934334,0.14462846517562866,0.1517558991909027,0.1584874987602234,0.00778792891651392,0.005061304196715355,-0.007026305887848139,0.08092261850833893,0.06294338405132294,0.08463824540376663,0.012517571449279785,0.014432331547141075,0.009662123396992683,0.029832443222403526,0.027304811403155327,0.02475285902619362,0.010735954158008099,0.004887325223535299,0.006587191950529814,0.017674339935183525,0.007858182303607464,0.014353442005813122,0.034092940390110016,0.029581375420093536,0.02914866805076599,-0.00382044306024909,0.002177654532715678,0.002349046990275383,0.03094390034675598,0.01753167062997818,0.01451199036091566,0.023996183648705482,0.025945015251636505,0.02494952827692032,0.0003985607763752341,0.007421677466481924,0.001700910972431302,0.03912276774644852,0.03993583098053932,0.03396386280655861,0.005299723241478205,-0.005578897427767515,-0.00720282131806016,-0.020867886021733284,-0.019584406167268753,-0.018439771607518196,-0.011556636542081833,-0.006290279794484377,-0.006504330784082413,0.017900636419653893,0.02081066183745861,0.017884360626339912,0.016882294788956642,0.011849652044475079,0.013993938453495502,0.047555964440107346,0.034176550805568695,0.034576527774333954,-0.011631421744823456,-0.008143040351569653,-0.007788912858814001,0.00374792842194438,0.003717015730217099,0.0038659011479467154,0.0006518494919873774,-0.0023568931501358747,-0.0025684458669275045,-0.019296957179903984,-0.021742742508649826,-0.020812610164284706,0.007821629755198956,0.007715821266174316,0.010353181511163712,-0.011004628613591194,-0.005644232500344515,-0.005890929140150547,0.007941491901874542,0.004702957347035408,0.005617645103484392,-0.004052148200571537,-0.002729191444814205,-0.003910464234650135,-0.013279959559440613,-0.010062946937978268,-0.010614871978759766,0.006186559796333313,0.008290464989840984,0.006893018260598183,-0.0032185916788876057,-0.007617608178406954,-0.004837257321923971,-0.00681873457506299,-0.007581866811960936,-0.007361347321420908,-0.0004813913255929947,0.0028771564830094576,0.002603329950943589,0.00017304043285548687,0.0007933776942081749,0.001852214802056551,-0.0064648352563381195,-0.010848775506019592,-0.010549576953053474,0.0039011023472994566,0.005284262355417013,0.008153129369020462,
-0.022807225584983826,-0.01970578543841839,-0.027146989479660988,0.010226466692984104,0.010516594164073467,0.004490696359425783,-0.08718982338905334,-0.07672972977161407,-0.0581900030374527,0.9996915459632874,0.9388502240180969,0.9088661074638367,-0.24206708371639252,-0.25206369161605835,-0.24001345038414001,0.006930453237146139,0.010657097212970257,-0.0007713300874456763,0.0019487892277538776,0.01149028167128563,0.01671232469379902,0.04772046208381653,0.05017450824379921,0.04785843938589096,-0.1566210240125656,-0.14326195418834686,-0.1519017070531845,0.2830851674079895,0.29117128252983093,0.28348270058631897,-0.14435823261737823,-0.15265285968780518,-0.15678516030311584,-0.10691529512405396,-0.1006607636809349,-0.10110407322645187,0.12077093869447708,0.10746444016695023,0.11178780347108841,0.07834916561841965,0.07446590811014175,0.06764832139015198,-0.02242843620479107,-0.013942488469183445,-0.014463077299296856,0.015415498055517673,0.012492187321186066,0.015696553513407707,-0.003671867772936821,0.0022897254675626755,0.0017840918153524399,0.008492176420986652,0.00680525740608573,0.009039495140314102,0.015254278667271137,0.023193150758743286,0.02544020116329193,0.1252780258655548,0.1108456552028656,0.11073877662420273,-0.023940259590744972,-0.03172123059630394,-0.0222861859947443,-0.009931293316185474,-0.007332123350352049,-0.005681275390088558,-0.024494631215929985,-0.020938999950885773,-0.021700074896216393,0.020446883514523506,0.017028462141752243,0.019052673131227493,-0.008870822377502918,0.0010488391853868961,-0.0012176607269793749,0.01311696507036686,0.022672735154628754,0.014763103798031807,0.013378441333770752,0.009674440138041973,0.012599837966263294,-0.0163820069283247,-0.01903921738266945,-0.019784118980169296,0.03096024878323078,0.02490099146962166,0.03032059222459793,0.02189657837152481,0.02401181496679783,0.02686300501227379,0.0019517609616741538,0.006836442276835442,0.006144764833152294,0.010223980993032455,0.010371530428528786,0.009976735338568687,-0.004298473708331585,-0.0029961757827550173,-0.0021501120645552874,0.005672387313097715,0.0044662486761808395,0.004237301182001829,0.003086767392233014,0.004728423897176981,0.00692611001431942,0.00034101621713489294,-0.002535340143367648,-0.004607744049280882,-0.0015029744245111942,-0.003281127894297242,-0.002143159741535783,-0.008036735467612743,-0.00724082300439477,-0.007140679284930229,-0.004616688005626202,-0.0036911461502313614,-0.0014059952227398753,0.009348628111183643,0.009184615686535835,0.009612668305635452,-0.00913912896066904,-0.006988100241869688,-0.005593695677816868,0.0008022143738344312,0.0022519000340253115,0.0007189989555627108,0.0030081782024353743,0.0019627329893410206,0.002522627590224147,-0.008606658317148685,-0.010378088802099228,-0.009581300429999828,9.730888268677518e-05,-0.001421464723534882,-1.267484731215518e-05,0.013185475021600723,0.012255026958882809,0.01158253662288189,-7.417677261400968e-05,-0.0008207269129343331,-7.694007217651233e-05,
-0.006836635991930962,0.003628765232861042,-0.002697208896279335,-0.006676749791949987,0.003248575609177351,-0.007176614832133055,-0.08736710995435715,-0.09490649402141571,-0.08765390515327454,0.9388502240180969,0.9996755123138428,0.9558405876159668,-0.23399578034877777,-0.24670705199241638,-0.24433276057243347,-0.006587374955415726,-0.008620000444352627,-0.01705068163573742,0.024015553295612335,0.015362389385700226,0.023954419419169426,0.0526883564889431,0.06762303411960602,0.07005347311496735,-0.15021362900733948,-0.1618952602148056,-0.15625505149364471,0.271810919046402,0.27795475721359253,0.27664679288864136,-0.1423846036195755,-0.1467146873474121,-0.1486850082874298,-0.09740372002124786,-0.10987301170825958,-0.10599718987941742,0.11364845931529999,0.11211004108190536,0.11306802928447723,0.07307540625333786,0.08434295654296875,0.07326701283454895,-0.022730357944965363,-0.008564512245357037,-0.012847673147916794,-0.003947555553168058,-0.006225563120096922,-0.003956416621804237,0.006981931161135435,-2.126808976754546e-05,0.005308217369019985,0.006002931389957666,0.0056425114162266254,0.007051199208945036,0.011798204854130745,0.016794303432106972,0.019307905808091164,0.10908070206642151,0.12471823394298553,0.11492513120174408,-0.02881471812725067,-0.02983004041016102,-0.025920843705534935,-0.011100112460553646,-0.005874237976968288,-0.004637106321752071,-0.019075563177466393,-0.018509265035390854,-0.016053659841418266,0.01009626779705286,0.004435108043253422,0.008250582963228226,0.0002272807469125837,-0.0037240467499941587,0.002267662435770035,0.012145050801336765,0.018662549555301666,0.017186420038342476,0.009214447811245918,0.003835496259853244,0.005758332088589668,-0.012669851072132587,-0.019320251420140266,-0.019228503108024597,0.03226654976606369,0.0315595418214798,0.03577150031924248,0.014019276015460491,0.02307819202542305,0.023521967232227325,0.000347837689332664,0.007210757117718458,0.00727705517783761,0.008817448280751705,0.007346093654632568,0.00710255466401577,-0.002142240758985281,-0.001598060131072998,-0.0007832477567717433,0.004624862689524889,0.005574443843215704,0.00531521113589406,0.001131361466832459,0.003517342731356621,0.005912027321755886,-0.0010804926278069615,0.00017604073218535632,-0.0035350348334759474,0.0014101896667852998,-0.0015367250889539719,-0.0008790131541900337,-0.006465560756623745,-0.005449382122606039,-0.004722624085843563,-0.004529675934463739,-0.005171638447791338,-0.002303164917975664,0.008389972150325775,0.006803387776017189,0.007152166683226824,-0.005899178795516491,-0.006036794278770685,-0.004117099568247795,0.00011822171654785052,0.0025480061303824186,0.0013096473412588239,0.002163736382499337,0.0015402734279632568,0.001907368190586567,-0.008593172766268253,-0.012178520672023296,-0.010794968344271183,-6.691407907055691e-05,-4.988781802239828e-05,0.001349766505882144,0.01259541418403387,0.014837382361292839,0.01363169215619564,-0.0005524990847334266,-0.00012962108303327113,5.91741300013382e-05,
-0.005990255624055862,0.006309618707746267,-0.010484474711120129,-0.007482429500669241,-0.005141447763890028,-0.015880316495895386,-0.06446526199579239,-0.08167220652103424,-0.0834474042057991,0.9088661074638367,0.9558405876159668,0.9996861219406128,-0.2282199114561081,-0.24790559709072113,-0.24588993191719055,-0.010292017832398415,-0.010203294456005096,-0.013874031603336334,0.03091622143983841,0.02379375696182251,0.023369165137410164,0.0437694676220417,0.06521598994731903,0.06516226381063461,-0.16273342072963715,-0.1605147123336792,-0.1709003448486328,0.26892274618148804,0.27539798617362976,0.28147441148757935,-0.14972959458827972,-0.15355205535888672,-0.15456335246562958,-0.09534941613674164,-0.1028735563158989,-0.10548453032970428,0.11603666096925735,0.11265677213668823,0.1262727826833725,0.06980711221694946,0.07536593824625015,0.06922511756420135,-0.020825643092393875,-0.009521051310002804,0.00027352970209904015,0.002687977161258459,0.0025614683981984854,0.006221584510058165,-9.961482646758668e-06,0.0020324138458818197,0.002923279767856002,0.007326524239033461,0.0068506887182593346,0.008763374760746956,0.011201029643416405,0.015908395871520042,0.013943665660917759,0.11020908504724503,0.11733457446098328,0.12646768987178802,-0.022714752703905106,-0.029650891199707985,-0.02379692532122135,-0.011111761443316936,-0.003952483180910349,-0.002836416009813547,-0.02147240750491619,-0.018930431455373764,-0.01974411867558956,0.012419600039720535,0.009098418988287449,0.012706267647445202,-0.007270336616784334,-0.0021691748406738043,-0.0010217080125585198,0.0074993628077209,0.01736127771437168,0.014731035567820072,0.007425182033330202,0.002161032287403941,0.005385387223213911,-0.012973242439329624,-0.017796708270907402,-0.020389055833220482,0.03057672455906868,0.029325442388653755,0.03719587251543999,0.013564578257501125,0.020047061145305634,0.02344866655766964,-0.0013352642999961972,0.00615535257384181,0.008818849921226501,0.0065666260197758675,0.005468130577355623,0.005598315969109535,-0.0007404536008834839,0.0005502994754351676,-0.000420784461311996,0.0032554182689636946,0.00419561006128788,0.004144289996474981,0.002377546625211835,0.004839255940169096,0.005946093238890171,-0.0015310889575630426,-0.0014552136417478323,-0.002052372321486473,0.0013850649120286107,-0.003124126698821783,-0.001285340404137969,-0.006216056179255247,-0.004883126355707645,-0.004656641278415918,-0.004118655808269978,-0.004481650423258543,-0.002308954019099474,0.006257503293454647,0.004993907175958157,0.005595942493528128,-0.005071150604635477,-0.00411688769236207,-0.0038460062351077795,-0.0010418082820251584,0.0020937954541295767,0.000798834313172847,0.0022167533170431852,0.0016084857052192092,0.0008694499265402555,-0.00787542387843132,-0.011507771909236908,-0.011141974478960037,0.00044039549538865685,-3.090137761319056e-05,0.0013590108137577772,0.011354654096066952,0.013280184008181095,0.012443180195987225,0.0007311608060263097,0.0010080370120704174,0.0014772186987102032,
0.009209496900439262,0.009474985301494598,0.017734499648213387,0.010853816755115986,0.022352309897542,0.020631927996873856,0.011876176111400127,0.0018728985451161861,0.0022728699259459972,-0.24206708371639252,-0.23399578034877777,-0.2282199114561081,0.999686062335968,0.9136712551116943,0.893032968044281,0.05860517546534538,0.060784291476011276,0.06483601778745651,0.0831528902053833,0.07974406331777573,0.07838810980319977,-0.15909580886363983,-0.1522120088338852,-0.13254934549331665,0.16020067036151886,0.16549786925315857,0.16204483807086945,-0.25837442278862,-0.23623237013816833,-0.2521652579307556,0.05013328418135643,0.060343436896800995,0.06151450797915459,0.06844199448823929,0.06305434554815292,0.06523977220058441,0.04789932817220688,0.05103055760264397,0.04490145295858383,0.04729611426591873,0.04755358770489693,0.048993147909641266,0.09099099785089493,0.09100966155529022,0.08478002995252609,0.0024970066733658314,0.0035556242801249027,0.0033847372978925705,-0.010369846597313881,-0.004861465189605951,-0.0078085679560899734,0.019699105992913246,0.02614191360771656,0.029709208756685257,0.000415204995078966,-0.0037164718378335238,-0.003642214462161064,-0.027550682425498962,-0.030176909640431404,-0.025882968679070473,0.132193922996521,0.10514577478170395,0.10447487980127335,-0.014492331072688103,-0.01304390374571085,-0.011409951373934746,0.027640022337436676,0.021981235593557358,0.021746082231402397,-0.010079160332679749,-0.007273187395185232,-0.006830229889601469,0.0037288973107934,0.00943723600357771,0.004178368486464024,-0.01784922182559967,-0.004511869978159666,-0.011306427419185638,0.004063945729285479,0.0009949075756594539,0.00268137757666409,-0.003962049726396799,-0.0053862095810472965,-0.004694165661931038,0.0007544950931333005,-0.00188055366743356,-0.0015015852404758334,0.020040394738316536,0.017711011692881584,0.019055943936109543,-0.00011255858407821506,-0.0007085556862875819,-0.0005420281668193638,-0.0034868200309574604,-0.0019562907982617617,-0.0005243697087280452,0.00047254632227122784,-0.0006323082488961518,-0.0009656510665081441,-0.0007196649676188827,0.0007877167081460357,0.0022034149151295424,0.00220096274279058,0.001607237965799868,0.0018660769565030932,-0.006592336110770702,-0.005274894181638956,-0.006330038420855999,0.0013659849064424634,-0.0031559662893414497,-0.004188140854239464,0.004437475465238094,0.002914006821811199,0.0028170167934149504,0.00531135406345129,0.005665968172252178,0.005319670308381319,-0.005541172344237566,-0.0027322133537381887,-0.0018141856417059898,0.0043152072466909885,0.003393156686797738,0.0037025469355285168,-0.006205111276358366,-0.005780072417110205,-0.0046156723983585835,0.0038314976263791323,0.00500090979039669,0.004337439313530922,0.0048104324378073215,0.004005711991339922,0.0032577926758676767,0.0004962814855389297,-0.0009570376132614911,-0.001742806052789092,-0.0051779733039438725,-0.0059082587249577045,-0.004208986181765795,0.002806724514812231,0.0027827024459838867,0.0030824639834463596,
-0.00910976529121399,0.008920392021536827,0.015148529782891273,0.0241719800978899,-0.007784838322550058,-0.0025218501687049866,0.038727983832359314,0.02478829212486744,0.027575094252824783,-0.25206369161605835,-0.24670705199241638,-0.24790559709072113,0.9136712551116943,0.9996828436851501,0.9427950978279114,0.08188945055007935,0.07038383930921555,0.0742335245013237,0.07540576905012131,0.10423731058835983,0.10019215941429138,-0.16451767086982727,-0.15976306796073914,-0.14775076508522034,0.16691987216472626,0.15834477543830872,0.15935185551643372,-0.22977522015571594,-0.2663813531398773,-0.2501738965511322,0.05165046080946922,0.053648147732019424,0.056994251906871796,0.06622559577226639,0.06836505234241486,0.06994915753602982,0.03584489971399307,0.04722476750612259,0.03595655411481857,0.04959995299577713,0.05181705951690674,0.05819971114397049,0.09036947041749954,0.0903119444847107,0.08671094477176666,0.014616922475397587,0.015019125305116177,0.013920210301876068,-0.006132075563073158,-0.011068449355661869,-0.01168705616146326,0.02182917296886444,0.02322179451584816,0.02680710330605507,0.0012553486740216613,-0.006867084186524153,-0.005292859394103289,-0.029935456812381744,-0.031844913959503174,-0.029106732457876205,0.10972894728183746,0.12543359398841858,0.11288028210401535,-0.006963350344449282,-0.016057927161455154,-0.013869556598365307,0.02637520246207714,0.016228798776865005,0.017716847360134125,-0.00606520427390933,-0.0005859322263859212,-0.001342398696579039,0.010280718095600605,0.0051168049685657024,0.004374328069388866,0.002461956115439534,-0.008709837682545185,-0.0027459110133349895,0.0026416245382279158,-0.000675512885209173,0.0008109271875582635,-0.005041688680648804,-0.004956538323312998,-0.003517311532050371,-0.006713623180985451,-0.0005356613546609879,-0.004519470501691103,0.018179720267653465,0.019393721595406532,0.01975369080901146,0.002821143949404359,-0.00044598025851882994,0.0007854801951907575,-0.0029400468338280916,-0.0035304275806993246,-0.0012001467403024435,-0.0002514023217372596,0.0014607985503971577,0.00015313748735934496,-0.003846402047201991,-0.001643311115913093,0.0006952541880309582,0.0004937129560858011,0.001657563610933721,0.001230941852554679,-0.006764663383364677,-0.008536661975085735,-0.008087662048637867,-0.0017685173079371452,0.0005066319718025625,-0.0020674285478889942,0.006124642211943865,0.004998431075364351,0.0051606278866529465,0.006102717947214842,0.003677012864500284,0.003745733993127942,-0.006003821734338999,-0.004364790394902229,-0.0030688841361552477,0.0039794412441551685,0.004988023079931736,0.0046600522473454475,-0.0019334127428010106,-0.005185677204281092,-0.0029206490144133568,0.001942422124557197,0.005001837387681007,0.0037470273673534393,0.00541100325062871,0.004394970368593931,0.003693409264087677,-0.0018725426634773612,-0.00024710356956347823,-0.0013872117269784212,-0.008110437542200089,-0.00614630151540041,-0.004540198482573032,0.002000126289203763,0.002551858779042959,0.0022927350364625454,
0.012971878051757812,0.020984075963497162,0.03511873260140419,0.036288682371377945,0.009815424680709839,0.010981149040162563,0.02819199301302433,0.019719930365681648,0.0161992646753788,-0.24001345038414001,-0.24433276057243347,-0.24588993191719055,0.893032968044281,0.9427950978279114,0.9996837973594666,0.08386062830686569,0.07110670208930969,0.0747259184718132,0.07127275317907333,0.09400646388530731,0.09527578204870224,-0.14425809681415558,-0.14602328836917877,-0.13783226907253265,0.1613830029964447,0.15889525413513184,0.15996652841567993,-0.24824199080467224,-0.24925772845745087,-0.2683260440826416,0.05922023579478264,0.0588526651263237,0.06265556812286377,0.06941082328557968,0.06879617273807526,0.06492049992084503,0.03347480297088623,0.03936760127544403,0.023480592295527458,0.04545028135180473,0.052278563380241394,0.0766768679022789,0.08354592323303223,0.086451955139637,0.08113542944192886,0.019508112221956253,0.02107412740588188,0.019143585115671158,-0.014831868931651115,-0.013007727451622486,-0.01763305999338627,0.020261578261852264,0.024454355239868164,0.023082997649908066,-0.0015819830587133765,-0.0064676436595618725,-0.0062942225486040115,-0.024457670748233795,-0.03036845102906227,-0.025414327159523964,0.10920947045087814,0.11560060828924179,0.125759094953537,-0.007881627418100834,-0.012140979990363121,-0.013254715129733086,0.02464136853814125,0.014711358584463596,0.014627505093812943,-0.0021608490496873856,0.003023852128535509,0.0023093000054359436,0.0019581448286771774,0.0035254559479653835,-0.00036833100602962077,-0.005629552993923426,-0.004439886659383774,-0.005612368695437908,0.0026904286351054907,0.00015828583855181932,0.000749834522139281,-0.0019594680052250624,-0.0017889278242364526,0.00023661133309360594,0.0005248863017186522,0.002019227482378483,0.0016517512267455459,0.014550931751728058,0.017929237335920334,0.021034564822912216,-0.00020309598767198622,-0.0014908015727996826,-0.0004433449066709727,-0.0032586921006441116,-0.0033356756903231144,-0.0019877615850418806,-0.0009783937130123377,-2.7222213248023763e-05,-0.000110389526525978,-0.001869644271209836,-3.9878825191408396e-05,0.0007882020436227322,0.0002106129686580971,0.0006287057767622173,0.0007936336915008724,-0.0074006482027471066,-0.007699612993746996,-0.008564894087612629,-0.0015946583589538932,-0.0002953667426481843,-0.00014224014012143016,0.005525874439626932,0.004645440261811018,0.00509014492854476,0.003528889501467347,0.0016785860061645508,0.0019889373797923326,-0.006141430698335171,-0.004432861227542162,-0.0034928699024021626,0.00370372855104506,0.0043082754127681255,0.0046035829000175,-0.0023984122090041637,-0.004045770037919283,-0.0036401627585291862,0.0011405845871195197,0.004122683312743902,0.0032262965105473995,0.005310597363859415,0.00445925910025835,0.004050711169838905,-0.0018231173744425178,-0.0008564302115701139,-0.001320131472311914,-0.006938733160495758,-0.005342940799891949,-0.0036639166064560413,0.0027784474659711123,0.002264845184981823,0.002682180143892765,
0.00217275507748127,0.006609999109059572,0.019429273903369904,0.024252712726593018,0.01922548934817314,0.028016094118356705,0.0283980555832386,0.024919424206018448,0.02310117706656456,0.006930453237146139,-0.006587374955415726,-0.010292017832398415,0.05860517546534538,0.08188945055007935,0.08386062830686569,0.999683141708374,0.926391065120697,0.8923776149749756,-0.11506219208240509,-0.09680670499801636,-0.10535579174757004,-0.4073950946331024,-0.37584352493286133,-0.34992608428001404,0.11806267499923706,0.10516493022441864,0.10435657203197479,0.0015770245809108019,-0.010337228886783123,-0.01583676226437092,-0.015574674122035503,0.0003472800017334521,0.02444101683795452,0.15640494227409363,0.16538819670677185,0.15087838470935822,-0.06581630557775497,-0.04716983437538147,-0.07802903652191162,-0.0312759168446064,-0.04600841552019119,-0.027423614636063576,0.04957912489771843,0.04980424791574478,0.04598280042409897,0.04828036203980446,0.05213282257318497,0.0485665462911129,0.018276020884513855,0.013897200115025043,0.01463908702135086,-0.01960173435509205,-0.02504006400704384,-0.0219909455627203,0.046634722501039505,0.03573658689856529,0.03929004818201065,-0.013039367273449898,-0.01884111389517784,-0.01731094717979431,-0.01761338859796524,-0.003334080334752798,-0.006699747871607542,0.1126599907875061,0.08986345678567886,0.08929336071014404,-0.0071607972495257854,-0.002612700453028083,-0.002761293202638626,-0.007827027700841427,0.0024526924826204777,0.000539192755240947,0.012171660549938679,0.005457453895360231,0.002821587957441807,0.001413373975083232,-0.01175525039434433,-0.00518938060849905,0.02034660242497921,0.02689891681075096,0.026802923530340195,0.014354954473674297,0.018181152641773224,0.013860389590263367,-0.0019330057548359036,0.007572720758616924,-0.0017303796485066414,-0.014649605378508568,-0.02398863434791565,-0.02037654258310795,0.013109611347317696,0.003651061560958624,0.006872327532619238,0.004348537884652615,0.004942317958921194,0.004732290282845497,0.0014297942398115993,-0.0005236183642409742,8.547455945517868e-05,0.002544214017689228,0.00030170870013535023,-5.399356086854823e-05,0.0015078575816005468,0.0016622411785647273,0.0025894271675497293,-0.0050626713782548904,-0.007645752280950546,-0.00807932298630476,-0.004444323480129242,0.0006533341365866363,0.0009695588960312307,-0.00773156713694334,-0.012349448166787624,-0.011310386471450329,0.003962805029004812,0.0038565227296203375,0.00335906189866364,0.006078711245208979,0.008819499984383583,0.008630002848803997,-0.00394029775634408,-0.005819930694997311,-0.0056238616816699505,0.0019557971972972155,-0.002291366457939148,-0.0010602270485833287,0.010158202610909939,0.010030411183834076,0.010475318878889084,-0.008464478887617588,-0.00603305920958519,-0.006761142518371344,-0.004309759940952063,-0.001762641710229218,-0.0018521114252507687,0.004361480474472046,0.002514441264793277,0.0023843408562242985,-0.008476780727505684,-0.009184098802506924,-0.009380090981721878,
0.004506467841565609,-0.0010970273287966847,0.010055280290544033,0.024576721712946892,0.024678770452737808,0.03672216087579727,0.02753816358745098,0.045301731675863266,0.034791845828294754,0.010657097212970257,-0.008620000444352627,-0.010203294456005096,0.060784291476011276,0.07038383930921555,0.07110670208930969,0.926391065120697,0.9996740221977234,0.9510900974273682,-0.10903172194957733,-0.10522200912237167,-0.11459182947874069,-0.3750278651714325,-0.4043092429637909,-0.37318095564842224,0.10482127219438553,0.11264096945524216,0.11440557986497879,-0.0023962517734616995,-0.009185991249978542,-0.016918031498789787,-0.0006374819786287844,-0.004568867385387421,0.01733267679810524,0.1574711799621582,0.16134823858737946,0.1478579193353653,-0.06311826407909393,-0.061067234724760056,-0.07240401208400726,-0.03513817489147186,-0.04015359655022621,-0.025659104809165,0.048899970948696136,0.05241923779249191,0.03873845562338829,0.041162680834531784,0.04136645793914795,0.04098391532897949,0.016427701339125633,0.018141167238354683,0.01631864160299301,-0.020813271403312683,-0.020997118204832077,-0.019148176535964012,0.04048242047429085,0.040272168815135956,0.03805683180689812,-0.012441855855286121,-0.014068703167140484,-0.010942669585347176,-0.012280321680009365,-0.009177712723612785,-0.010330962017178535,0.09711165726184845,0.10268169641494751,0.09537927806377411,0.002398390555754304,0.0013823010958731174,0.00395050086081028,-0.006327055860310793,-0.007497599348425865,-0.004879206418991089,0.00708011444658041,0.007770366966724396,0.00290473410859704,-0.0025413804687559605,-0.009127957746386528,-0.005900902207940817,0.017428744584321976,0.020645227283239365,0.022067923098802567,0.021533479914069176,0.01807641237974167,0.01589762419462204,0.005784190725535154,0.00792616605758667,0.002090327674522996,-0.020501192659139633,-0.022477058693766594,-0.020528780296444893,0.011964061297476292,0.014341230504214764,0.013012238778173923,0.003025509649887681,0.004699025768786669,0.0049140057526528835,0.0013452456332743168,-0.00040830980287864804,-0.00047044167877174914,0.0010416839504614472,0.0004606787988450378,-0.0010358685394749045,-0.00030975890695117414,-5.0276164984097704e-05,0.0006289226585067809,-0.0039398097433149815,-0.005142378155142069,-0.006096030585467815,-0.0030499787535518408,-0.0007774907280690968,0.00013314471289049834,-0.009459375403821468,-0.01146163884550333,-0.012112824246287346,0.004101200960576534,0.004182372707873583,0.004114984069019556,0.005864147562533617,0.00790280569344759,0.008578987792134285,-0.004025861155241728,-0.005419156979769468,-0.005977467633783817,5.2882041927659884e-05,-0.0008133672527037561,-0.000711288652382791,0.00818882416933775,0.007186195347458124,0.008134433068335056,-0.006730749737471342,-0.005594974849373102,-0.006025706417858601,-0.002404920756816864,-0.002328947652131319,-0.0020542405545711517,0.0023357418831437826,0.0019302526488900185,0.0014110800111666322,-0.009677073918282986,-0.009608850814402103,-0.009417381137609482,
0.008881308138370514,0.0018398715183138847,0.023292038589715958,0.026397686451673508,0.021785978227853775,0.025952190160751343,0.036925461143255234,0.047023922204971313,0.034334927797317505,-0.0007713300874456763,-0.01705068163573742,-0.013874031603336334,0.06483601778745651,0.0742335245013237,0.0747259184718132,0.8923776149749756,0.9510900974273682,0.9996713399887085,-0.10952166467905045,-0.10524135082960129,-0.12476944178342819,-0.3544245660305023,-0.3774513900279999,-0.37495937943458557,0.10390962660312653,0.11095955967903137,0.1226188912987709,-0.002950516063719988,-0.012571870349347591,-0.02748843841254711,0.010635605081915855,0.004972959868609905,0.03584198281168938,0.14609463512897491,0.15346568822860718,0.14174191653728485,-0.08058370649814606,-0.05653376877307892,-0.08474114537239075,-0.030382860451936722,-0.04140809550881386,-0.021678445860743523,0.049012698233127594,0.04629523679614067,0.03101392462849617,0.041812144219875336,0.04544712230563164,0.04577219858765602,0.019284687936306,0.021076077595353127,0.021660970523953438,-0.02332891896367073,-0.02317420206964016,-0.01949402131140232,0.04099150374531746,0.03560922294855118,0.03645790368318558,-0.010768044739961624,-0.011647006496787071,-0.008674558252096176,-0.012679887004196644,-0.0076613412238657475,-0.01180811133235693,0.0942191630601883,0.09251496195793152,0.1004905104637146,0.0013934781309217215,0.0016760790022090077,0.0021915833931416273,-0.006031432654708624,-0.0017025102861225605,-0.0016707483446225524,0.009148853830993176,0.007744223345071077,0.005539495497941971,-0.002393761184066534,-0.014343881979584694,-0.009115216322243214,0.016985133290290833,0.0231048334389925,0.0223957858979702,0.018227536231279373,0.01808847114443779,0.015520385466516018,8.388734568143263e-05,0.0072260103188455105,0.00039076159009709954,-0.022072793915867805,-0.026645289734005928,-0.02337883599102497,0.01378005649894476,0.010692964307963848,0.0128324618563056,0.0007562133832834661,0.002644122112542391,0.003652427112683654,0.0029767199885100126,0.0014449760783463717,0.001136600156314671,0.000660900492221117,-0.0005920772673562169,-0.0005090019549243152,0.0005477550439536572,-4.016847015009262e-05,0.001337833353318274,-0.003884238190948963,-0.004824376665055752,-0.005990098230540752,-0.0036951848305761814,-0.0004944019019603729,8.358782906725537e-06,-0.007040981203317642,-0.010850010439753532,-0.009989047423005104,0.0028480456676334143,0.003921969328075647,0.0037454983685165644,0.003829879919067025,0.006803091615438461,0.007503900211304426,-0.002526885364204645,-0.004176451358944178,-0.004465493373572826,0.001495824777521193,-0.000821479014120996,-0.00040078978054225445,0.008371572941541672,0.008233651518821716,0.007701010908931494,-0.008103125728666782,-0.00587177649140358,-0.006089320871978998,-0.002270182827487588,-0.0015369155444204807,-0.0016406099312007427,0.003101400565356016,0.0018234065501019359,0.0021511500235646963,-0.009092963300645351,-0.00940210185945034,-0.008860628120601177,
-0.03769661858677864,-0.04278234392404556,-0.05174999311566353,-0.13174763321876526,-0.10159842669963837,-0.11769319325685501,0.18548312783241272,0.18727821111679077,0.17770226299762726,0.0019487892277538776,0.024015553295612335,0.03091622143983841,0.0831528902053833,0.07540576905012131,0.07127275317907333,-0.11506219208240509,-0.10903172194957733,-0.10952166467905045,0.9996867775917053,0.9287267923355103,0.9100879430770874,0.007109974976629019,0.0037699490785598755,0.002708601299673319,0.03342093527317047,0.03276274353265762,0.03439600020647049,-0.017493538558483124,0.0018926570191979408,0.01821408048272133,-0.010475151240825653,-0.005127723794430494,-0.012341070920228958,0.11752266436815262,0.0961788222193718,0.10616805404424667,0.10146297514438629,0.09439106285572052,0.0974900871515274,-0.10805732011795044,-0.08627974987030029,-0.10325883328914642,-0.007865718565881252,-0.010385959409177303,-0.0030558202415704727,-0.006052722688764334,-0.00944434478878975,-0.008038956671953201,-0.006917276885360479,-0.005663630086928606,-0.0073366011492908,-0.0062169479206204414,0.0005359484348446131,-0.0044099632650613785,-0.00813077948987484,-0.0038415503222495317,-0.007965127006173134,-0.009900842793285847,-0.006558865308761597,-0.00735502177849412,0.02341971918940544,0.020785905420780182,0.02193518541753292,0.0014971514465287328,0.009900436736643314,0.010408109985291958,0.08008867502212524,0.060933396220207214,0.05408630520105362,-0.009187811985611916,-0.01584882289171219,-0.013613699935376644,0.009191310033202171,0.00929222907871008,0.01008397527039051,0.0227912999689579,0.0320407897233963,0.033991530537605286,-0.011667628772556782,-0.014145213179290295,-0.012370927259325981,0.0236620232462883,0.016606425866484642,0.01775391213595867,0.004938397090882063,0.002995143411681056,0.0057950709015131,-0.014312352053821087,-0.001966946292668581,-0.006607921328395605,0.004028214141726494,0.0055846539326012135,0.0033496760297566652,0.0031931365374475718,0.002457651775330305,0.00011202397581655532,-0.005051544867455959,-0.004392542876303196,-0.00398174487054348,-0.003607172518968582,-0.0020668432116508484,-0.0011937315575778484,-0.0056317709386348724,-0.0082765594124794,-0.009122725576162338,-0.004042716231197119,-0.001406450872309506,0.00030106341000646353,0.003330301959067583,0.0023698739241808653,0.002096688374876976,0.003323534969240427,0.0036652262788265944,0.003738891799002886,-0.0093865767121315,-0.014074071310460567,-0.015036436729133129,-0.0028752260841429234,-0.003658789675682783,-0.0051872460171580315,0.0014529827749356627,0.0008261157781817019,0.0016958232736214995,0.00744469091296196,0.008751822635531425,0.009919313713908195,-0.003823376027867198,-0.003756783902645111,-0.0043447669595479965,0.008808428421616554,0.008459644392132759,0.006489404942840338,-0.0009726627613417804,-0.0010237360838800669,-0.0015707124257460237,-0.007929990068078041,-0.007132790517061949,-0.006277977488934994,0.007325423415750265,0.006988490000367165,0.008719287812709808,
-0.04810917750000954,-0.03828848525881767,-0.0455668605864048,-0.10645242780447006,-0.13830286264419556,-0.11520005762577057,0.18759103119373322,0.1903722882270813,0.18353970348834991,0.01149028167128563,0.015362389385700226,0.02379375696182251,0.07974406331777573,0.10423731058835983,0.09400646388530731,-0.09680670499801636,-0.10522200912237167,-0.10524135082960129,0.9287267923355103,0.999688982963562,0.9494491219520569,-0.006895345635712147,0.0003278891381341964,-0.002522451803088188,0.03721088543534279,0.04487602040171623,0.04634225741028786,0.00047269469359889627,-0.006968452595174313,0.0073800296522676945,-0.008233561180531979,-0.01739521138370037,-0.019059646874666214,0.10085759311914444,0.11955426633358002,0.11280204355716705,0.09990233182907104,0.08977800607681274,0.08929101377725601,-0.0936361774802208,-0.1040257140994072,-0.09723980724811554,-0.0003945416829083115,-0.007606221362948418,-0.004817692097276449,-0.005605571437627077,-0.003972117323428392,-0.004886255133897066,-0.0022198446094989777,-0.006191396154463291,-0.006302064750343561,-0.004987120628356934,-0.002541377441957593,-0.0056406487710773945,-0.0019610445015132427,-0.007937587797641754,-0.005497491918504238,-0.005319596733897924,-0.004209579899907112,-0.005971122533082962,0.01841443032026291,0.0195110235363245,0.01897103525698185,0.0051151760853827,0.003990753088146448,0.0046006375923752785,0.0707603171467781,0.07447239011526108,0.06230373680591583,-0.012674341909587383,-0.011425298638641834,-0.011031719855964184,0.017163420096039772,0.013857475481927395,0.015529971569776535,0.029291393235325813,0.03077532723546028,0.032944001257419586,-0.013079065829515457,-0.014605035074055195,-0.012680260464549065,0.013085898943245411,0.012843466363847256,0.012676989659667015,0.0023995107039809227,4.5969398343004286e-05,0.0051154885441064835,-0.00494857644662261,-0.000608744565397501,-0.001680735033005476,0.011323381215333939,0.005096028558909893,0.0056769452057778835,0.006808088161051273,0.005241750739514828,0.0030543284956365824,-0.005112738348543644,-0.004950446076691151,-0.0039022222626954317,-0.0019283518195152283,0.0006113479030318558,0.0008971070637926459,-0.004503204487264156,-0.0069705890491604805,-0.008234363980591297,-0.004220946226269007,-0.0028903658967465162,-0.0009083841578103602,0.0020449634175747633,0.0002629214432090521,0.0011131868232041597,0.005157188046723604,0.005118100438266993,0.0049289013259112835,-0.008012153208255768,-0.011881251819431782,-0.013424575328826904,-0.001453425153158605,-0.0029393660370260477,-0.004560071974992752,0.0014366373652592301,0.0018054855754598975,0.002993580186739564,0.005963358096778393,0.00800464116036892,0.009452789090573788,-0.004190539009869099,-0.0034370683133602142,-0.003551280125975609,0.006524980068206787,0.005847164895385504,0.004613340366631746,-0.0025894856080412865,-0.002305160043761134,-0.00260448781773448,-0.005300231743603945,-0.004158392082899809,-0.003740796120837331,0.007184636313468218,0.0058975741267204285,0.007021650671958923,
-0.054843686521053314,-0.04301896691322327,-0.061142947524785995,-0.13192154467105865,-0.12438857555389404,-0.13514363765716553,0.17511998116970062,0.17910902202129364,0.1951838582754135,0.01671232469379902,0.023954419419169426,0.023369165137410164,0.07838810980319977,0.10019215941429138,0.09527578204870224,-0.10535579174757004,-0.11459182947874069,-0.12476944178342819,0.9100879430770874,0.9494491219520569,0.9996850490570068,-0.009595517069101334,-0.007069361861795187,-0.01590178720653057,0.03568128123879433,0.040487367659807205,0.04171258583664894,0.011624629609286785,0.00414677569642663,0.021731598302721977,-0.018390677869319916,-0.021692490205168724,-0.040338654071092606,0.11571347713470459,0.11135181039571762,0.1292797327041626,0.10423007607460022,0.08917469531297684,0.10298426449298859,-0.11057009547948837,-0.09030824899673462,-0.10653374344110489,0.006802968680858612,-0.00025139868375845253,0.011693919077515602,-0.0050233169458806515,-0.004945911467075348,-0.00541041512042284,-0.005855156574398279,-0.00870773196220398,-0.008848435245454311,-0.010175547562539577,-0.0029114396311342716,-0.005583591293543577,-0.008464070037007332,-0.008907051756978035,-0.005845028441399336,-0.0070121558383107185,-0.004382919054478407,-0.00786925945430994,0.019292796030640602,0.020703693851828575,0.018795855343341827,-0.0024378160014748573,-4.820447793463245e-05,-0.0017151091014966369,0.0643119215965271,0.06236782297492027,0.06645525246858597,-0.010656545870006084,-0.012983890250325203,-0.011233482509851456,0.014360908418893814,0.012915530242025852,0.014335398562252522,0.03235476091504097,0.03295554965734482,0.03346135839819908,-0.011508763767778873,-0.014468182809650898,-0.012288845144212246,0.014266771264374256,0.01133641880005598,0.011397705413401127,0.0006353859789669514,-0.00037332953070290387,0.003265908919274807,-0.007981717586517334,0.0020584003068506718,0.0008476728689856827,0.007055393885821104,0.0069970181211829185,0.004194031935185194,0.0077840290032327175,0.007455597165971994,0.005040864460170269,-0.007501246873289347,-0.007703858427703381,-0.006935032084584236,-0.0019084415398538113,0.0011160640278831124,0.0007607887382619083,-0.00446035573258996,-0.006740384269505739,-0.00747437821701169,-0.0050252885557711124,-0.00299572735093534,-0.0014791834400966763,-0.0012255209730938077,-0.0013913387665525079,-0.0011388306738808751,0.005357453599572182,0.005337054375559092,0.005163343157619238,-0.0081016905605793,-0.012692689895629883,-0.011793330311775208,-0.0010677733225747943,-0.002426871797069907,-0.00372234801761806,-0.00044545589480549097,-6.926244532223791e-05,0.0005362730589695275,0.007380167953670025,0.009043807163834572,0.010090705938637257,-0.004860066343098879,-0.00445516174659133,-0.003774092998355627,0.006168291438370943,0.0056774308905005455,0.004069281276315451,-0.0035350469406694174,-0.002819565124809742,-0.00306444289162755,-0.005709490273147821,-0.0037133274599909782,-0.0034792539663612843,0.007839630357921124,0.006576929707080126,0.007403349503874779,
0.19212573766708374,0.17682142555713654,0.18325647711753845,0.03205493837594986,0.03587762266397476,0.03717583790421486,-0.01393166184425354,-0.0105399489402771,-0.023450661450624466,0.04772046208381653,0.0526883564889431,0.0437694676220417,-0.15909580886363983,-0.16451767086982727,-0.14425809681415558,-0.4073950946331024,-0.3750278651714325,-0.3544245660305023,0.007109974976629019,-0.006895345635712147,-0.009595517069101334,0.9996767044067383,0.9248998761177063,0.8748325109481812,-0.07521319389343262,-0.05594062805175781,-0.03399107605218887,0.007720791269093752,0.023829201236367226,0.014587147161364555,0.07714637368917465,0.06447009742259979,0.05644151195883751,-0.14533601701259613,-0.14781993627548218,-0.14348503947257996,-0.008862943388521671,-0.021383266896009445,-0.024658530950546265,0.18084312975406647,0.17974604666233063,0.18012037873268127,-0.12885387241840363,-0.13029423356056213,-0.14260108768939972,0.04457953944802284,0.036716923117637634,0.035412658005952835,-0.0006642462685704231,0.006650879979133606,0.003874091664329171,0.0033951187506318092,0.010240630246698856,0.009003886952996254,-0.0293602142482996,-0.01749485731124878,-0.02535986714065075,0.02575501799583435,0.02726038731634617,0.02734237350523472,-0.01576218195259571,-0.020545490086078644,-0.018578199669718742,-0.004889056086540222,0.00628729909658432,0.0019302680157124996,-0.0031855441629886627,-0.009299971163272858,-0.004050887655466795,0.12430074065923691,0.10468841344118118,0.10047776997089386,-0.013607676140964031,-0.0037453307304531336,-0.004167403094470501,-0.012808121740818024,-0.007702604867517948,-0.011925498023629189,-0.011085279285907745,-0.010914782993495464,-0.012167757377028465,-0.0030958170536905527,-0.008975671604275703,-0.004606345202773809,0.0077972314320504665,0.0016644633142277598,0.0038073542527854443,0.023833101615309715,0.032313521951436996,0.028062738478183746,-0.004097042605280876,0.006316586397588253,-0.0018272075103595853,-0.002394807757809758,-0.0023633395321667194,-0.0014446531422436237,-0.0007632655906490982,-0.0014479623641818762,-0.0017146114259958267,-0.0021930276416242123,-0.002096491865813732,-0.0029675993137061596,-0.005955434869974852,-0.005445997230708599,-0.005278159398585558,0.005138156935572624,0.00702842278406024,0.006495396140962839,0.002148464322090149,0.0014675052370876074,0.0018294730689376593,0.0057883900590240955,0.008521595038473606,0.008136761374771595,-0.002137657953426242,-0.0032970362808555365,-0.0036414694041013718,-0.007303982973098755,-0.010997902601957321,-0.009470541030168533,0.0049931351095438,0.0058749946765601635,0.006571668665856123,-0.00013559327635448426,0.0030999258160591125,0.0029250704683363438,-0.008479584008455276,-0.010056152939796448,-0.010370496660470963,0.0020011228043586016,0.0006329268217086792,0.0014929819153621793,0.0017980480333790183,-5.636168134515174e-05,0.0015615071170032024,-0.004911215975880623,-0.0016054833540692925,-0.0026086140424013138,0.0010818508453667164,0.003701147623360157,0.0037015224806964397,
0.17254988849163055,0.18196651339530945,0.17884384095668793,0.03781072050333023,0.02075953036546707,0.014161037281155586,-0.0028918602038174868,-0.01820390485227108,-0.027324402704834938,0.05017450824379921,0.06762303411960602,0.06521598994731903,-0.1522120088338852,-0.15976306796073914,-0.14602328836917877,-0.37584352493286133,-0.4043092429637909,-0.3774513900279999,0.0037699490785598755,0.0003278891381341964,-0.007069361861795187,0.9248998761177063,0.9996840357780457,0.9450020790100098,-0.058481305837631226,-0.07482364773750305,-0.06507810205221176,0.018155211582779884,0.020764239132404327,0.01740419864654541,0.06569754332304001,0.07054796069860458,0.06332721561193466,-0.14833752810955048,-0.14630894362926483,-0.14230075478553772,-0.016373710706830025,-0.011717215180397034,-0.012726942077279091,0.17303629219532013,0.16435787081718445,0.15672069787979126,-0.1314462572336197,-0.12734076380729675,-0.1192324161529541,0.04703173041343689,0.04685848206281662,0.0437939390540123,-0.0010481491917744279,0.005703854840248823,0.004984384868294001,0.009429981000721455,0.010376537218689919,0.011962312273681164,-0.018409768119454384,-0.02107223868370056,-0.02149670384824276,0.027270887047052383,0.02768683433532715,0.027103682979941368,-0.018948104232549667,-0.01660606637597084,-0.018230078741908073,0.004433713853359222,0.0024551167152822018,0.0026336810551583767,-0.008979027159512043,-0.0072019062936306,-0.007753012236207724,0.11236584186553955,0.1264403611421585,0.11604446917772293,-0.01233353465795517,-0.01264476589858532,-0.011801746673882008,-0.012158659286797047,-0.011311739683151245,-0.013351421803236008,-0.006732055451720953,-0.0027098068967461586,-0.00446209916844964,-0.010399707593023777,-0.011585395783185959,-0.010558354668319225,0.00352820404805243,0.004877289291471243,0.004051658324897289,0.029105765745043755,0.03128160908818245,0.029734335839748383,0.0007903301739133894,-0.0031859625596553087,-0.002063952386379242,-0.005788041744381189,-0.006675924640148878,-0.004338918719440699,0.00034030049573630095,0.0008981003193184733,-0.0005639712326228619,-0.003360703121870756,-0.0041214036755263805,-0.003047119826078415,-0.004618947859853506,-0.005314805544912815,-0.003446824150159955,0.005273668561130762,0.005366561468690634,0.004846255760639906,0.0025360386352986097,0.003496465738862753,0.0026382985524833202,0.007016753777861595,0.007284616585820913,0.009097132831811905,-0.005879957228899002,-0.006317787803709507,-0.006307678762823343,-0.012994500808417797,-0.01315721683204174,-0.012009360827505589,0.005961976479738951,0.00771343894302845,0.007551443297415972,0.0016274083172902465,0.0023062974214553833,0.0027667784597724676,-0.007521169260144234,-0.007019928190857172,-0.008920883759856224,0.00016598000365775079,-0.0005968745099380612,-0.0005018236697651446,0.000864006404299289,0.0017707787919789553,0.0025337503757327795,-0.003652862273156643,-0.0036520562134683132,-0.00255865091457963,0.00244784913957119,0.0034164858516305685,0.004090677015483379,
0.17833159863948822,0.17906710505485535,0.19416318833827972,0.041572898626327515,0.020845327526330948,0.020851194858551025,-0.016834493726491928,-0.025004252791404724,-0.03858628496527672,0.04785843938589096,0.07005347311496735,0.06516226381063461,-0.13254934549331665,-0.14775076508522034,-0.13783226907253265,-0.34992608428001404,-0.37318095564842224,-0.37495937943458557,0.002708601299673319,-0.002522451803088188,-0.01590178720653057,0.8748325109481812,0.9450020790100098,0.9996904134750366,-0.040140483528375626,-0.06737819314002991,-0.05682121217250824,0.010277848690748215,0.01768011599779129,0.008275264874100685,0.06096504628658295,0.06693164259195328,0.07446072995662689,-0.14538942277431488,-0.14309942722320557,-0.15242871642112732,-0.02421550080180168,-0.016893897205591202,-0.015809951350092888,0.1729600429534912,0.15550746023654938,0.1729874461889267,-0.13754455745220184,-0.11623401939868927,-0.12426357716321945,0.043391771614551544,0.0429903045296669,0.0437898188829422,-0.0036041252315044403,0.00341644324362278,0.0031569108832627535,0.009444334544241428,0.010819194838404655,0.011079823598265648,-0.021554147824645042,-0.019478917121887207,-0.021312763914465904,0.02671957015991211,0.02739686891436577,0.027721073478460312,-0.01743367686867714,-0.016861816868185997,-0.01690906472504139,0.006941292434930801,0.009088131599128246,0.007479457184672356,-0.007347520906478167,-0.008900531567633152,-0.00928220059722662,0.10140515118837357,0.11108280718326569,0.11834502220153809,-0.011546481400728226,-0.010804650373756886,-0.015584106557071209,-0.015585706569254398,-0.010090739466249943,-0.012571887113153934,-0.006461655255407095,-0.0034212388563901186,-0.002877876628190279,-0.009470658376812935,-0.01338355615735054,-0.009761466644704342,0.006434681825339794,0.005225291941314936,0.005601335316896439,0.023738037794828415,0.03005223348736763,0.02713697962462902,-0.004607762675732374,-0.004023194313049316,-0.002676712116226554,-0.006620604079216719,-0.007129556965082884,-0.0038870719727128744,0.0008584015304222703,0.000818700878880918,-0.0008576189284212887,-0.004246775060892105,-0.004180148243904114,-0.0030042657162994146,-0.007078377064317465,-0.00584038719534874,-0.004087353590875864,0.004547504708170891,0.004523842595517635,0.00321396766230464,0.004190701991319656,0.00390525721013546,0.0035966369323432446,0.00527863809838891,0.006893061101436615,0.008444571867585182,-0.00698527367785573,-0.007787876762449741,-0.006586877629160881,-0.013579459860920906,-0.013992201536893845,-0.009626669809222221,0.006767334882169962,0.007883063517510891,0.006585034541785717,0.0007609216263517737,0.002358765574172139,0.0016811118694022298,-0.0065575893968343735,-0.006953801494091749,-0.008375569246709347,-1.4375555110746063e-05,-0.0017024026019498706,-0.0014994979137554765,0.0006174775771796703,0.0010463085491210222,0.0018804038409143686,-0.0046217311173677444,-0.0031393917743116617,-0.000944273779168725,0.0018548081861808896,0.0036692435387521982,0.004413383547216654,
-0.08965176343917847,-0.08898881077766418,-0.07431146502494812,-0.026177799329161644,-0.022349223494529724,-0.01917346753180027,0.04022208973765373,0.05119454488158226,0.04909897968173027,-0.1566210240125656,-0.15021362900733948,-0.16273342072963715,0.16020067036151886,0.16691987216472626,0.1613830029964447,0.11806267499923706,0.10482127219438553,0.10390962660312653,0.03342093527317047,0.03721088543534279,0.03568128123879433,-0.07521319389343262,-0.058481305837631226,-0.040140483528375626,0.999691367149353,0.931111752986908,0.9001853466033936,-0.16769146919250488,-0.17122876644134521,-0.17118993401527405,0.044882968068122864,0.04835501313209534,0.0570598803460598,0.030405526980757713,0.02594173513352871,0.022016245871782303,0.08716455101966858,0.0945819541811943,0.08055470883846283,0.10056675970554352,0.10707690566778183,0.1130063608288765,0.013167056255042553,0.02044791914522648,0.017462730407714844,-0.004762416239827871,-9.245327237294987e-05,0.0007591473986394703,0.1823415756225586,0.1591396927833557,0.15734869241714478,-0.031690992414951324,-0.030442148447036743,-0.027681803330779076,0.042213454842567444,0.031455669552087784,0.03533416613936424,-0.016852255910634995,-0.003980036824941635,-0.011928276158869267,0.017654240131378174,0.027123039588332176,0.018088506534695625,0.031501658260822296,0.02199920080602169,0.020555725321173668,0.01664668507874012,0.01751433126628399,0.020177306607365608,-0.018669437617063522,-0.009745492599904537,-0.009447730146348476,0.27463993430137634,0.2410527765750885,0.23811639845371246,-0.014577650465071201,-0.027261417359113693,-0.0189617108553648,0.013616171665489674,0.01659228466451168,0.013958471827208996,-0.004991302266716957,-0.006004483439028263,-0.007030457723885775,0.007531811948865652,0.01252402551472187,0.00682343915104866,0.008696656674146652,0.0097073158249259,0.012257411144673824,0.008920703083276749,0.002792980754747987,0.00506212841719389,0.003929466474801302,0.0036459206603467464,0.0041376701556146145,0.019378522410988808,0.015161522664129734,0.01558580994606018,-0.003368510166183114,-0.003491449635475874,-0.0027875646483153105,0.006817963439971209,0.007956595160067081,0.00754518760368228,-0.0014885561540722847,-0.0006587199750356376,-6.833279621787369e-05,0.0064118122681975365,0.00894799456000328,0.008348179049789906,0.005768756847828627,0.0033448562026023865,0.0027289113495498896,0.010354237630963326,0.008981996215879917,0.008612021803855896,0.004822567105293274,0.006328707095235586,0.00785102229565382,0.023118240758776665,0.01641053520143032,0.016567815095186234,-0.003975374158471823,-0.007674341090023518,-0.006437774747610092,0.0073711080476641655,0.007916122674942017,0.008678453043103218,-0.0009005699539557099,-0.00038844451773911715,-0.0007087746053002775,-0.0015632803551852703,-2.059629196082824e-06,-0.00045444839634001255,0.004959058482199907,0.003377859015017748,0.003896520007401705,0.0021569926757365465,0.004509857390075922,0.0048884921707212925,
-0.08617250621318817,-0.09239038079977036,-0.0811157077550888,-0.01905377022922039,-0.01443425752222538,-0.00919492356479168,0.049712151288986206,0.06292039901018143,0.06505538523197174,-0.14326195418834686,-0.1618952602148056,-0.1605147123336792,0.16549786925315857,0.15834477543830872,0.15889525413513184,0.10516493022441864,0.11264096945524216,0.11095955967903137,0.03276274353265762,0.04487602040171623,0.040487367659807205,-0.05594062805175781,-0.07482364773750305,-0.06737819314002991,0.931111752986908,0.9996812343597412,0.9456897974014282,-0.16250689327716827,-0.1579573005437851,-0.16451199352741241,0.04614945873618126,0.04084768891334534,0.04931717738509178,0.02480369806289673,0.03556109219789505,0.02740778774023056,0.09187214821577072,0.08499260246753693,0.07988746464252472,0.11151565611362457,0.10304613411426544,0.11196278035640717,0.026453915983438492,0.02399171143770218,0.018395258113741875,0.0035433832090348005,0.0041257040575146675,0.006358541548252106,0.16099658608436584,0.17530812323093414,0.16450375318527222,-0.028612986207008362,-0.03097197599709034,-0.02655325084924698,0.036440152674913406,0.035566285252571106,0.035884756594896317,-0.004415830131620169,-0.008486906997859478,-0.0061347405426204205,0.024133646860718727,0.02355095185339451,0.020770056173205376,0.023761354386806488,0.026150787249207497,0.02399168536067009,0.013514154590666294,0.020210321992635727,0.021322429180145264,-0.007542422506958246,-0.013325477950274944,-0.011743840761482716,0.24182890355587006,0.27081453800201416,0.2528831958770752,-0.022044138982892036,-0.02459997870028019,-0.02404644899070263,0.017027975991368294,0.01966346986591816,0.01931941509246826,-0.006069045513868332,-0.0014928921591490507,-0.0052194371819496155,0.010217648930847645,0.01099969819188118,0.007410945370793343,0.015184912830591202,0.007056815084069967,0.01251194067299366,0.006684025749564171,0.00903369951993227,0.008508401922881603,0.0026887687854468822,0.003366464050486684,0.0029633240774273872,0.015969881787896156,0.01674048975110054,0.01535914745181799,-0.0037687676958739758,-0.0040350439958274364,-0.004106228705495596,0.007534302771091461,0.00837690569460392,0.007767858915030956,7.949553264552378e-07,-0.0003163014189340174,0.0008510313928127289,0.005620031617581844,0.007218080572783947,0.008088579401373863,0.003810720983892679,0.00331970420666039,0.001331574167124927,0.008684963919222355,0.010804787278175354,0.009855448268353939,0.004379032179713249,0.006049697287380695,0.006899372674524784,0.017106227576732635,0.0198395773768425,0.01652197539806366,-0.006032521836459637,-0.008224173448979855,-0.008687049150466919,0.007132424972951412,0.00715419789776206,0.00872709322720766,0.00016916611639317125,0.0009880787692964077,0.000631810340564698,0.00024741439847275615,-0.000312876160023734,0.00031395271071232855,0.0031542200595140457,0.0027133426629006863,0.0025145974941551685,0.002355746692046523,0.004514747299253941,0.004880810622125864,
-0.07146390527486801,-0.08068491518497467,-0.060631319880485535,-0.01979917846620083,-0.014385747723281384,-0.0072745694778859615,0.03942680358886719,0.056436244398355484,0.05416785553097725,-0.1519017070531845,-0.15625505149364471,-0.1709003448486328,0.16204483807086945,0.15935185551643372,0.15996652841567993,0.10435657203197479,0.11440557986497879,0.1226188912987709,0.03439600020647049,0.04634225741028786,0.04171258583664894,-0.03399107605218887,-0.06507810205221176,-0.05682121217250824,0.9001853466033936,0.9456897974014282,0.9996932744979858,-0.16830261051654816,-0.165436789393425,-0.17360326647758484,0.05520414188504219,0.05046902969479561,0.05981355533003807,0.022903336212038994,0.028566373512148857,0.021770570427179337,0.08037567138671875,0.07977866381406784,0.07364100962877274,0.11200665682554245,0.10929616540670395,0.1248217448592186,0.02145279385149479,0.016314635053277016,-0.00874109473079443,-0.0004896451137028635,-0.001420576241798699,-0.0021896837279200554,0.1617312729358673,0.1663563847541809,0.17617769539356232,-0.02916264906525612,-0.03134344145655632,-0.02950817160308361,0.03864102438092232,0.033748965710401535,0.0360790491104126,-0.013059678487479687,-0.00737720774486661,-0.009596774354577065,0.016945580020546913,0.023454289883375168,0.0178372785449028,0.021925995126366615,0.02230716682970524,0.026515226811170578,0.015273092314600945,0.019983703270554543,0.02331753447651863,-0.005098473280668259,-0.00928726140409708,-0.016384802758693695,0.23704619705677032,0.25036877393722534,0.2659377157688141,-0.017215045168995857,-0.027876509353518486,-0.023161286488175392,0.016519304364919662,0.021964266896247864,0.020870009437203407,-0.0031881763134151697,-0.0004220079572405666,-0.0005877118674106896,0.00806437712162733,0.012390656396746635,0.012396544218063354,0.009886871092021465,0.005603455472737551,0.007899063639342785,0.008318127132952213,0.007407073397189379,0.006024531088769436,0.0044996729120612144,0.004007862880825996,0.002980360994115472,0.015073387883603573,0.014773769304156303,0.01700332947075367,-0.003069329308345914,-0.0024443778675049543,-0.0028871200047433376,0.006483762059360743,0.007212903816252947,0.006505390163511038,-0.001262517413124442,0.0004240607959218323,-6.511068932013586e-05,0.004768631421029568,0.007684440817683935,0.008893935941159725,0.004249678924679756,0.003110974794253707,0.0027328263968229294,0.008359761908650398,0.009625867940485477,0.009571036323904991,0.006995884235948324,0.007153623271733522,0.0064292242750525475,0.0163301732391119,0.016856614500284195,0.019362308084964752,-0.005543263163417578,-0.009409867227077484,-0.008306670933961868,0.0061419568955898285,0.00713151041418314,0.009103846736252308,-0.0002986634790431708,0.0004924646927975118,0.0009328013984486461,-0.0012460782891139388,-0.0009002836304716766,-0.0008029146702028811,0.0033029206097126007,0.003765142522752285,0.003372213104739785,0.0018429735209792852,0.0034574244637042284,0.0031673016492277384,
-0.04400043189525604,-0.03929777815937996,-0.04713704437017441,-0.01709013804793358,-0.019620267674326897,-0.022441711276769638,0.056935764849185944,0.05823320150375366,0.06629670411348343,0.2830851674079895,0.271810919046402,0.26892274618148804,-0.25837442278862,-0.22977522015571594,-0.24824199080467224,0.0015770245809108019,-0.0023962517734616995,-0.002950516063719988,-0.017493538558483124,0.00047269469359889627,0.011624629609286785,0.007720791269093752,0.018155211582779884,0.010277848690748215,-0.16769146919250488,-0.16250689327716827,-0.16830261051654816,0.9996863603591919,0.9199568033218384,0.8989090919494629,-0.15107698738574982,-0.1488431692123413,-0.14515158534049988,-0.0874386876821518,-0.07146202027797699,-0.07107770442962646,0.028622349724173546,0.040954191237688065,0.048360828310251236,0.05668328329920769,0.05048485845327377,0.048124752938747406,-0.1261412799358368,-0.12651580572128296,-0.11215383559465408,0.0073117446154356,0.008372734300792217,0.011836281977593899,-0.04352811351418495,-0.04152987524867058,-0.038380756974220276,0.03504490852355957,0.03382313624024391,0.035328224301338196,-0.019506137818098068,-0.01777074672281742,-0.014122278429567814,0.03619518503546715,0.03247316554188728,0.030749134719371796,-0.023504961282014847,-0.005389047786593437,-0.009924642741680145,0.005288276355713606,0.0031252598855644464,0.008157278411090374,0.020727910101413727,0.029723653569817543,0.03430592268705368,0.002595841884613037,0.005048410501331091,0.0036511076614260674,-0.027284275740385056,-0.02431204356253147,-0.02483646757900715,0.2573263943195343,0.22588694095611572,0.2197367250919342,-0.027993077412247658,-0.024401813745498657,-0.023381540551781654,-0.018940074369311333,-0.0124893169850111,-0.014402959495782852,-0.04300674796104431,-0.0333276204764843,-0.035931531339883804,0.045751720666885376,0.04364034906029701,0.04493676871061325,-0.04073671996593475,-0.03991682082414627,-0.03670487552881241,0.008392391726374626,0.006778499111533165,0.008001257665455341,-0.007073515560477972,-0.005435193423181772,-0.007168424781411886,0.009439741261303425,0.00918850302696228,0.00815851055085659,-0.011020444333553314,-0.008425286039710045,-0.00729973241686821,0.0076893651857972145,0.0028965615201741457,0.004041615407913923,-0.01198387611657381,-0.007267957553267479,-0.007488976698368788,0.0008805809775367379,-0.0018870538333430886,-0.0024225013330578804,0.0015414402587339282,0.00379860308021307,0.005843212362378836,0.006987242493778467,0.007221792358905077,0.008709625340998173,-0.009036845527589321,-0.008173473179340363,-0.009864727035164833,0.026995090767741203,0.016209939494729042,0.01568359136581421,-0.005643600132316351,-0.002236100612208247,-0.0025355785619467497,-0.00678871339187026,-0.005219387821853161,-0.006147133186459541,-0.004742523189634085,-0.003212139941751957,-0.003162715118378401,0.008285357616841793,0.008566669188439846,0.008552859537303448,-0.005841515492647886,-0.0045260414481163025,-0.005065308418124914,
-0.027695434167981148,-0.03371622785925865,-0.035501688718795776,-0.01584629900753498,-0.0070542641915380955,-0.014151457697153091,0.03457944467663765,0.0420699417591095,0.04350583255290985,0.29117128252983093,0.27795475721359253,0.27539798617362976,-0.23623237013816833,-0.2663813531398773,-0.24925772845745087,-0.010337228886783123,-0.009185991249978542,-0.012571870349347591,0.0018926570191979408,-0.006968452595174313,0.00414677569642663,0.023829201236367226,0.020764239132404327,0.01768011599779129,-0.17122876644134521,-0.1579573005437851,-0.165436789393425,0.9199568033218384,0.9996961355209351,0.9429266452789307,-0.1464577466249466,-0.154470756649971,-0.15153402090072632,-0.07660075277090073,-0.08417535573244095,-0.0808430090546608,0.0408879853785038,0.027746113017201424,0.03572412207722664,0.05071819946169853,0.0641024112701416,0.0618104487657547,-0.12945790588855743,-0.13103055953979492,-0.1261659562587738,0.0011950257467105985,0.00020785357628483325,0.005014040507376194,-0.05020912364125252,-0.038508832454681396,-0.040816716849803925,0.02781801111996174,0.03310125693678856,0.0333305262029171,-0.020300230011343956,-0.014503547921776772,-0.014541063457727432,0.03485134616494179,0.03335823863744736,0.035075195133686066,-0.005532261449843645,-0.01671745441854,-0.009364567697048187,-0.003524261061102152,0.0066147358156740665,0.005763959605246782,0.026566006243228912,0.02989119663834572,0.033355772495269775,0.0033590286038815975,0.002018414670601487,0.00459643267095089,-0.03556782752275467,-0.024523528292775154,-0.02925509586930275,0.22148244082927704,0.25725099444389343,0.23531067371368408,-0.02335650473833084,-0.024913320317864418,-0.022167310118675232,-0.016205722466111183,-0.014126774854958057,-0.014444051310420036,-0.032057467848062515,-0.039216093719005585,-0.03586013987660408,0.039869289845228195,0.04354280233383179,0.04469875246286392,-0.04365101829171181,-0.0392831452190876,-0.03903687000274658,0.005569633562117815,0.007092059124261141,0.007014594506472349,-0.005760082509368658,-0.006874285638332367,-0.007627446204423904,0.009188554249703884,0.009229709394276142,0.007649487350136042,-0.009528610855340958,-0.009408649988472462,-0.00782827939838171,0.00499078119173646,0.006015500519424677,0.005435974802821875,-0.005922066047787666,-0.008997665718197823,-0.006399832665920258,-0.0012035343097522855,-0.002618328668177128,-0.003312653163447976,0.0023436849005520344,0.0031092644203454256,0.005272980779409409,0.006046930328011513,0.008189598098397255,0.008508448489010334,-0.008694699965417385,-0.010084598325192928,-0.010864168405532837,0.020121527835726738,0.02265668660402298,0.017253609374165535,-0.0031336999963968992,-0.002896414604038,-0.0027222344651818275,-0.0064874072559177876,-0.007699119858443737,-0.007008448243141174,-0.004112890921533108,-0.004623121116310358,-0.004037609323859215,0.00865686871111393,0.00939333438873291,0.008715766482055187,-0.003613264998421073,-0.0030490090139210224,-0.0033535787370055914,
-0.03792385384440422,-0.0366414338350296,-0.05165025591850281,-0.024531880393624306,-0.015404864214360714,-0.0277920700609684,0.0418185256421566,0.045978426933288574,0.053327884525060654,0.28348270058631897,0.27664679288864136,0.28147441148757935,-0.2521652579307556,-0.2501738965511322,-0.2683260440826416,-0.01583676226437092,-0.016918031498789787,-0.02748843841254711,0.01821408048272133,0.0073800296522676945,0.021731598302721977,0.014587147161364555,0.01740419864654541,0.008275264874100685,-0.17118993401527405,-0.16451199352741241,-0.17360326647758484,0.8989090919494629,0.9429266452789307,0.9996893405914307,-0.1501457691192627,-0.15832415223121643,-0.17065660655498505,-0.07062999904155731,-0.07952068001031876,-0.07335074990987778,0.04772588983178139,0.03638136759400368,0.04804835841059685,0.03809797763824463,0.05318788066506386,0.04799953103065491,-0.11766278743743896,-0.12649491429328918,-0.11724303662776947,-0.0026742364279925823,-0.00289710215292871,-0.0006980698672123253,-0.042251769453287125,-0.03841868415474892,-0.03865058347582817,0.0319521427154541,0.034955643117427826,0.03464336693286896,-0.015639733523130417,-0.01227188017219305,-0.014340631663799286,0.02620682306587696,0.025302564725279808,0.027619890868663788,-0.017373407259583473,-0.013408315367996693,-0.01484430767595768,-0.000642898550722748,0.003223065985366702,0.006020512897521257,0.029191941022872925,0.030023859813809395,0.029706008732318878,-0.0017587636830285192,-0.0012317862128838897,-0.00168940972071141,-0.027551133185625076,-0.02459140121936798,-0.02612052485346794,0.21716070175170898,0.23450236022472382,0.2501707375049591,-0.024981895461678505,-0.025177136063575745,-0.02617097645998001,-0.019175561144948006,-0.016137974336743355,-0.01639605686068535,-0.033539265394210815,-0.03438246622681618,-0.034114714711904526,0.039470694959163666,0.04263076186180115,0.04422129690647125,-0.04031682386994362,-0.04011064022779465,-0.040134578943252563,0.004565795883536339,0.005188442301005125,0.00561681529507041,-0.004752871114760637,-0.005230615846812725,-0.006413578987121582,0.0062656584195792675,0.007617891300469637,0.006506101228296757,-0.009455222636461258,-0.008287273347377777,-0.008332976140081882,0.004158026073127985,0.004558425862342119,0.006417298689484596,-0.006226637866348028,-0.006500934716314077,-0.007425420451909304,-0.0012155493022873998,-0.002987930318340659,-0.002869795076549053,0.005135010927915573,0.004556884523481131,0.005428811069577932,0.005750406067818403,0.0070533715188503265,0.007184506859630346,-0.007023100275546312,-0.008303719572722912,-0.00954519398510456,0.019169284030795097,0.01866559498012066,0.01898443140089512,-0.002837567124515772,-0.0020629586651921272,-0.00265135383233428,-0.005755971185863018,-0.006916280835866928,-0.006706873886287212,-0.005058515351265669,-0.00428783567622304,-0.003811813425272703,0.0062993778847157955,0.008487608283758163,0.007157034240663052,-0.0028211399912834167,-0.0019783172756433487,-0.0028751252684742212,
0.001828639069572091,-0.002965345745906234,0.008215971291065216,0.04267417639493942,0.035421162843704224,0.041481368243694305,0.058824773877859116,0.060502663254737854,0.047195885330438614,-0.14435823261737823,-0.1423846036195755,-0.14972959458827972,0.05013328418135643,0.05165046080946922,0.05922023579478264,-0.015574674122035503,-0.0006374819786287844,0.010635605081915855,-0.010475151240825653,-0.008233561180531979,-0.018390677869319916,0.07714637368917465,0.06569754332304001,0.06096504628658295,0.044882968068122864,0.04614945873618126,0.05520414188504219,-0.15107698738574982,-0.1464577466249466,-0.1501457691192627,0.9996848702430725,0.9266184568405151,0.892466127872467,0.10508768260478973,0.11105244606733322,0.10329306870698929,0.020810440182685852,0.021264974027872086,0.011551843024790287,-0.09201936423778534,-0.09826400130987167,-0.07881377637386322,4.351158713689074e-05,-0.0008348110131919384,-0.006882738787680864,-0.0010612255427986383,-0.0009676979389041662,0.0028321153949946165,0.10686780512332916,0.10039902478456497,0.09608874469995499,-0.006893326994031668,-0.005202625412493944,-0.005321119446307421,0.0023545175790786743,0.0038059144280850887,0.0034674257040023804,0.015444505028426647,0.017841458320617676,0.01466312911361456,-0.02040261961519718,-0.019712377339601517,-0.019975237548351288,-0.004364896100014448,0.0030520930886268616,0.0025240688119083643,-0.015553288161754608,-0.013950347900390625,-0.012436952441930771,0.027130180969834328,0.02328474633395672,0.02297014370560646,0.02336130291223526,0.02060658112168312,0.021863991394639015,-0.028697440400719643,-0.025179188698530197,-0.02374291978776455,0.23938384652137756,0.21913859248161316,0.2111978381872177,0.03222620114684105,0.03530707582831383,0.0353766605257988,0.01867086999118328,0.017414141446352005,0.01774773932993412,-0.03952755406498909,-0.038738712668418884,-0.03764563798904419,0.0026094457134604454,0.0038372622802853584,0.0026237559504806995,-0.0008058048551902175,-0.0009645529789850116,0.00021296307386364788,0.017012841999530792,0.015475318767130375,0.0144955487921834,-0.0033355089835822582,-0.0035462761297822,-0.003060166956856847,-0.004386330954730511,-0.0028803341556340456,-0.0035778842866420746,0.0032640534918755293,0.0033626467920839787,0.0026207081973552704,0.004541183356195688,0.002935075666755438,0.0031414187978953123,0.006679238751530647,0.007494859863072634,0.007389535196125507,0.001108874217607081,0.0005889791063964367,0.00032168059260584414,-0.0010960976360365748,-0.002584077650681138,-0.0022922863718122244,0.012138593010604382,0.011416447348892689,0.011270553804934025,-0.0032119823154062033,-0.0003363778523635119,-0.0006439165445044637,0.009487655013799667,0.006531212013214827,0.005731355864554644,0.006708954926580191,0.005757251288741827,0.006832045968621969,-0.0028125459793955088,-0.002180093200877309,-0.0018398842075839639,-0.005196817219257355,-0.004619890358299017,-0.004844943061470985,0.00033887787139974535,0.0020613721571862698,0.001447495655156672,
0.007087603211402893,-0.009866259060800076,-0.004981226287782192,0.039893582463264465,0.03743172436952591,0.03497709333896637,0.07326065748929977,0.07585962116718292,0.06588137149810791,-0.15265285968780518,-0.1467146873474121,-0.15355205535888672,0.060343436896800995,0.053648147732019424,0.0588526651263237,0.0003472800017334521,-0.004568867385387421,0.004972959868609905,-0.005127723794430494,-0.01739521138370037,-0.021692490205168724,0.06447009742259979,0.07054796069860458,0.06693164259195328,0.04835501313209534,0.04084768891334534,0.05046902969479561,-0.1488431692123413,-0.154470756649971,-0.15832415223121643,0.9266184568405151,0.9996932744979858,0.9322222471237183,0.11024884879589081,0.11255792528390884,0.11082502454519272,0.018558355048298836,0.036409489810466766,0.0360393226146698,-0.09303364157676697,-0.09891969710588455,-0.09343727678060532,0.0018975022248923779,0.0011380934156477451,0.005252248141914606,0.005166908260434866,0.004662041552364826,0.008050072938203812,0.10167486220598221,0.1089109554886818,0.10461296886205673,-0.0048194811679422855,-0.004315698519349098,-0.002674743067473173,0.006282569840550423,0.005015181843191385,0.006186087150126696,0.015624502673745155,0.01899019442498684,0.016604553908109665,-0.02100098319351673,-0.018834033980965614,-0.018802236765623093,0.004739279858767986,0.004607141483575106,0.005699047353118658,-0.016521546989679337,-0.013655371963977814,-0.013440713286399841,0.024658838286995888,0.02864275500178337,0.027401065453886986,0.023730246350169182,0.020646506920456886,0.022954678162932396,-0.023875033482909203,-0.02505039982497692,-0.023337312042713165,0.21962586045265198,0.2433338761329651,0.2247481495141983,0.03211958706378937,0.03654161095619202,0.035468216985464096,0.018297318369150162,0.020906144753098488,0.020022111013531685,-0.03617701306939125,-0.03733326867222786,-0.03607408329844475,0.005318269599229097,0.002274817554280162,0.003557539312168956,-0.001138575142249465,-0.00185969949234277,-0.00034285662695765495,0.015467384830117226,0.01682959496974945,0.016458608210086823,-0.002908233320340514,-0.004398555029183626,-0.003438700921833515,-0.005229152273386717,-0.0043821451254189014,-0.004359022248536348,0.004215671215206385,0.0037259359378367662,0.002650647656992078,0.0005516148521564901,0.003053199267014861,-0.0001465553796151653,0.007050076965242624,0.007230465300381184,0.008359791710972786,-0.0012012711958959699,0.00018315787019673735,0.00016094573948066682,-0.0028552261646836996,-0.002693795133382082,-0.002599551575258374,0.010939820669591427,0.010904371738433838,0.011326150968670845,0.0006797875394113362,-0.00042777127237059176,0.002405414590612054,0.006582123693078756,0.009290398098528385,0.0076220836490392685,0.005917538423091173,0.005992567632347345,0.006663116626441479,-0.0011568641057237983,-0.000980667769908905,-0.00178380380384624,-0.0054534319788217545,-0.005432393401861191,-0.00554689159616828,-0.0008876154897734523,0.0008877630461938679,0.0008699215832166374,
0.012233339250087738,-0.009584372863173485,0.005327003076672554,0.04995668679475784,0.04353604465723038,0.051249582320451736,0.06875798106193542,0.07567205280065536,0.06053785979747772,-0.15678516030311584,-0.1486850082874298,-0.15456335246562958,0.06151450797915459,0.056994251906871796,0.06265556812286377,0.02444101683795452,0.01733267679810524,0.03584198281168938,-0.012341070920228958,-0.019059646874666214,-0.040338654071092606,0.05644151195883751,0.06332721561193466,0.07446072995662689,0.0570598803460598,0.04931717738509178,0.05981355533003807,-0.14515158534049988,-0.15153402090072632,-0.17065660655498505,0.892466127872467,0.9322222471237183,0.9996866583824158,0.1018383651971817,0.10873237252235413,0.09824563562870026,0.004563507623970509,0.03321758285164833,0.0030953320674598217,-0.07645144313573837,-0.09523702412843704,-0.07810556888580322,-0.005362648982554674,0.0015643436927348375,-0.0018803741550073028,0.010820307768881321,0.01090604905039072,0.01251489669084549,0.0950988382101059,0.10277105867862701,0.10678543895483017,-0.005748548079282045,-0.005511829163879156,-0.003913947381079197,0.003974186256527901,0.0032378765754401684,0.005287237465381622,0.01541887316852808,0.01718623749911785,0.016305258497595787,-0.019040750339627266,-0.017988743260502815,-0.01960480771958828,0.009235244244337082,0.01062152162194252,0.006856524385511875,-0.014912205748260021,-0.01214610692113638,-0.011238247156143188,0.024644307792186737,0.02800249308347702,0.03005014732480049,0.022463813424110413,0.022476131096482277,0.024538245052099228,-0.020420776680111885,-0.020934119820594788,-0.02344474196434021,0.2090979367494583,0.22277475893497467,0.23476627469062805,0.03376108780503273,0.035974618047475815,0.03536094352602959,0.01668778620660305,0.01781441643834114,0.018140748143196106,-0.03538713976740837,-0.03588825836777687,-0.034083858132362366,0.004916448146104813,0.0030872393399477005,0.00158633419778198,0.0005447505973279476,0.0001085721087292768,0.00065744569292292,0.013814670033752918,0.015929093584418297,0.015574000775814056,-0.002311950083822012,-0.003918538801372051,-0.0020481618121266365,-0.005437857937067747,-0.004649692680686712,-0.004804985132068396,0.00488862581551075,0.0037978622131049633,0.00374808837659657,0.0013887995155528188,0.0011908479500561953,0.002353738760575652,0.007094085682183504,0.007445431314408779,0.006843064446002245,-0.0019084924133494496,-0.0003502041508909315,-0.0006446586921811104,-0.0019539790228009224,-0.0017957950476557016,-0.0009997932938858867,0.00992981530725956,0.010808301158249378,0.010325094684958458,-2.4386585209867917e-05,0.0013502455549314618,0.0005696828011423349,0.006643193308264017,0.008343829773366451,0.007643665187060833,0.005047639831900597,0.004855489358305931,0.00469803623855114,-0.002053400268778205,-0.0020898389630019665,-0.002058653626590967,-0.004677250515669584,-0.005090375430881977,-0.0038523832336068153,-0.0012433294905349612,0.0007659506518393755,2.4178249077522196e-05,
0.012108607217669487,0.009477619081735611,0.005034967325627804,-0.07472112029790878,-0.05590061470866203,-0.05805528908967972,-0.04392468184232712,-0.03544455021619797,-0.03423817828297615,-0.10691529512405396,-0.09740372002124786,-0.09534941613674164,0.06844199448823929,0.06622559577226639,0.06941082328557968,0.15640494227409363,0.1574711799621582,0.14609463512897491,0.11752266436815262,0.10085759311914444,0.11571347713470459,-0.14533601701259613,-0.14833752810955048,-0.14538942277431488,0.030405526980757713,0.02480369806289673,0.022903336212038994,-0.0874386876821518,-0.07660075277090073,-0.07062999904155731,0.10508768260478973,0.11024884879589081,0.1018383651971817,0.9996760487556458,0.9311222434043884,0.9087293744087219,-0.04737120866775513,-0.053722579032182693,-0.0469043143093586,-0.4858802855014801,-0.4397900700569153,-0.4296095073223114,0.06502516567707062,0.07722301036119461,0.0731077790260315,0.017771176993846893,0.012330525554716587,0.009534006007015705,0.01499487366527319,0.014814483933150768,0.016157008707523346,0.044083770364522934,0.049668118357658386,0.04346708208322525,-0.011810548603534698,-0.00180180708412081,-0.006976025644689798,-0.043104566633701324,-0.04043501615524292,-0.04165858402848244,-0.0021826608572155237,0.000499600195325911,0.001425856607966125,0.0143448356539011,0.019464990124106407,0.013235113583505154,0.029598277062177658,0.02284866012632847,0.02364807389676571,-0.01027654204517603,-0.018297839909791946,-0.014926483854651451,-0.0002507454191800207,-0.0025504801888018847,-0.0009979043388739228,-0.02433663420379162,-0.022260285913944244,-0.018358662724494934,0.03776369243860245,0.037388063967227936,0.037463121116161346,0.22931496798992157,0.2084074318408966,0.20223987102508545,-0.01940923184156418,-0.020329875871539116,-0.01934501901268959,-0.07804878056049347,-0.063544861972332,-0.06400059163570404,-0.00978365633636713,5.327508188202046e-05,-0.0036178433801978827,0.008114893920719624,0.007152382284402847,0.00636875256896019,-0.0015610632253810763,-0.0023275972343981266,-0.002473925007507205,0.010185741819441319,0.012262001633644104,0.011141140013933182,-0.0034945672377943993,-0.0023679155856370926,-0.0020944729913026094,-0.003584816586226225,-0.003312865039333701,-0.003726712428033352,0.004956437740474939,0.003767309943214059,0.0029546874575316906,-0.00013446906814351678,0.0007642018608748913,-0.0010168838780373335,0.0029847121331840754,0.0011201060842722654,0.0009950471576303244,0.007310477085411549,0.005692342296242714,0.005822204984724522,-0.0007293996750377119,-0.0022830618545413017,-0.002894231816753745,-0.005651047453284264,-0.005011702422052622,-0.004207032732665539,0.003621903248131275,0.004549101460725069,0.005186385940760374,0.007129016797989607,0.002266394207254052,0.002424422651529312,-0.002268900629132986,-0.002747903112322092,-0.0025997578632086515,0.006108688656240702,0.009342234581708908,0.008512499742209911,-0.006920956540852785,-0.006122980732470751,-0.00588940130546689,
-0.0007375952554866672,0.009441801346838474,0.007944857701659203,-0.05591977760195732,-0.06362799555063248,-0.04927932843565941,-0.025984078645706177,-0.029953015968203545,-0.0253476370126009,-0.1006607636809349,-0.10987301170825958,-0.1028735563158989,0.06305434554815292,0.06836505234241486,0.06879617273807526,0.16538819670677185,0.16134823858737946,0.15346568822860718,0.0961788222193718,0.11955426633358002,0.11135181039571762,-0.14781993627548218,-0.14630894362926483,-0.14309942722320557,0.02594173513352871,0.03556109219789505,0.028566373512148857,-0.07146202027797699,-0.08417535573244095,-0.07952068001031876,0.11105244606733322,0.11255792528390884,0.10873237252235413,0.9311222434043884,0.9996965527534485,0.9493159055709839,-0.050935398787260056,-0.05692581832408905,-0.056758761405944824,-0.44449809193611145,-0.4785265028476715,-0.44794633984565735,0.0776393786072731,0.07501350343227386,0.07374192029237747,0.01786705292761326,0.020326055586338043,0.016916057094931602,0.01727394387125969,0.01780489832162857,0.01726662740111351,0.046450674533843994,0.047378186136484146,0.04354808107018471,-0.0019961067009717226,-0.002706859027966857,-0.0019330412615090609,-0.035208526998758316,-0.03978009521961212,-0.03855375573039055,-0.0037457291036844254,0.0023101584520190954,0.0046946764923632145,0.02168145962059498,0.020092984661459923,0.019190123304724693,0.022197071462869644,0.02591692842543125,0.023486502468585968,-0.01400987058877945,-0.016564292833209038,-0.01689922995865345,0.00013370347733143717,0.0017978544346988201,0.000555286300368607,-0.019015809521079063,-0.019561119377613068,-0.016568142920732498,0.0382702574133873,0.04018852487206459,0.039091624319553375,0.21175482869148254,0.23010799288749695,0.21634864807128906,-0.020816469565033913,-0.01922314241528511,-0.019628537818789482,-0.06695714592933655,-0.0728403702378273,-0.06802234798669815,-0.001972849015146494,-0.003467305563390255,-0.0018327184952795506,0.008911745622754097,0.008089556358754635,0.007552253548055887,-0.0014600958675146103,-0.0006590413395315409,-0.001202923827804625,0.010503053665161133,0.011787841096520424,0.011484800837934017,-0.002723001642152667,-0.0022879454772919416,-0.0023333029821515083,-0.0027548386715352535,-0.004342861473560333,-0.0035904753021895885,0.0041037932969629765,0.004218578804284334,0.0035092737525701523,0.0002871970064006746,0.002012929879128933,-2.9173750590416603e-05,0.0011313625145703554,0.0014266053913161159,0.0011697659501805902,0.007532584480941296,0.006235302891582251,0.006315020378679037,-0.0013668646570295095,-0.00020408954878803343,-0.0015622274950146675,-0.003921047784388065,-0.004791577812284231,-0.0037001208402216434,0.002877272665500641,0.0040076724253594875,0.00497169466689229,0.0055871508084237576,0.0059202988632023335,0.0041735051199793816,-0.0017525320872664452,-0.0020646105986088514,-0.001361251575872302,0.006306085269898176,0.007228044793009758,0.007663354277610779,-0.007433220278471708,-0.007376229390501976,-0.007083748932927847,
-0.0010469398694112897,0.011266580782830715,0.004922554828226566,-0.06351178884506226,-0.05739974230527878,-0.054657675325870514,-0.02284897491335869,-0.026278730481863022,-0.017608197405934334,-0.10110407322645187,-0.10599718987941742,-0.10548453032970428,0.06523977220058441,0.06994915753602982,0.06492049992084503,0.15087838470935822,0.1478579193353653,0.14174191653728485,0.10616805404424667,0.11280204355716705,0.1292797327041626,-0.14348503947257996,-0.14230075478553772,-0.15242871642112732,0.022016245871782303,0.02740778774023056,0.021770570427179337,-0.07107770442962646,-0.0808430090546608,-0.07335074990987778,0.10329306870698929,0.11082502454519272,0.09824563562870026,0.9087293744087219,0.9493159055709839,0.9996852874755859,-0.04114067554473877,-0.05462070181965828,-0.04281084984540939,-0.4400443136692047,-0.45508113503456116,-0.4822143018245697,0.0781085267663002,0.07529005408287048,0.07777026295661926,0.02175986021757126,0.02504439651966095,0.02572636865079403,0.01879936084151268,0.01556428987532854,0.016248436644673347,0.04443449154496193,0.04714147374033928,0.04432198777794838,-0.006967076100409031,-0.005049208179116249,-0.006028750911355019,-0.03488432988524437,-0.03728523850440979,-0.04093968868255615,-0.0007431571721099317,0.005549313500523567,0.009806409478187561,0.01730344071984291,0.01788816601037979,0.019623247906565666,0.023067591711878777,0.023859279230237007,0.02143060602247715,-0.009859283454716206,-0.013095386326313019,-0.01325167901813984,0.0013994943583384156,-0.00011815348989330232,0.0011624152539297938,-0.019870340824127197,-0.02143854647874832,-0.0188314039260149,0.039182309061288834,0.039661601185798645,0.03972842916846275,0.20238886773586273,0.21407891809940338,0.2251027375459671,-0.01965377666056156,-0.017836811020970345,-0.01875096745789051,-0.06362628191709518,-0.06481481343507767,-0.06845714896917343,-0.0043870811350643635,-0.004687667824327946,-0.005592264235019684,0.009077866561710835,0.008504063822329044,0.008324841968715191,-0.0031854088883847,-0.002324729925021529,-0.003022372256964445,0.009588689543306828,0.011251929216086864,0.01098751649260521,-0.0018378794193267822,-0.0012755364878103137,-0.0019275166559964418,-0.0017726360820233822,-0.0027512621600180864,-0.0022406848147511482,0.001948071178048849,0.0027668087277561426,0.0025542378425598145,-0.0007063061348162591,0.001190408132970333,0.000963711878284812,0.00150189152918756,0.000819443550426513,0.001055617001838982,0.007889327593147755,0.006766643840819597,0.006215363275259733,-0.0032057787757366896,-0.002111884532496333,-0.0029329354874789715,-0.0024031600914895535,-0.003664835589006543,-0.002329368144273758,0.002890646457672119,0.003931016661226749,0.004365202039480209,0.0044560483656823635,0.003373226849362254,0.004813880193978548,-0.0005884566344320774,-0.0003994398284703493,-0.00012112632248317823,0.0063694799318909645,0.008145601488649845,0.007772437296807766,-0.0065438696183264256,-0.0060008978471159935,-0.006441211793571711,
-0.030749235302209854,-0.02572302147746086,-0.036073047667741776,-0.0699193999171257,-0.0670551210641861,-0.06506255269050598,0.15153203904628754,0.15120235085487366,0.14462846517562866,0.12077093869447708,0.11364845931529999,0.11603666096925735,0.04789932817220688,0.03584489971399307,0.03347480297088623,-0.06581630557775497,-0.06311826407909393,-0.08058370649814606,0.10146297514438629,0.09990233182907104,0.10423007607460022,-0.008862943388521671,-0.016373710706830025,-0.02421550080180168,0.08716455101966858,0.09187214821577072,0.08037567138671875,0.028622349724173546,0.0408879853785038,0.04772588983178139,0.020810440182685852,0.018558355048298836,0.004563507623970509,-0.04737120866775513,-0.050935398787260056,-0.04114067554473877,0.9996941089630127,0.9258750677108765,0.8860531449317932,-0.04412074014544487,-0.04434532672166824,-0.04932444542646408,-0.21280120313167572,-0.2096043974161148,-0.19664376974105835,0.009442229755222797,0.010022694244980812,0.004831424914300442,0.030770985409617424,0.031574033200740814,0.03207431361079216,-0.020736075937747955,-0.018003208562731743,-0.015994617715477943,0.051771607249975204,0.05387332662940025,0.04926343262195587,0.0489518828690052,0.05017916485667229,0.04620944336056709,0.002907881047576666,-0.004661261104047298,-0.005178435705602169,-0.010060970671474934,-0.004108614753931761,-0.012710874900221825,0.008613891899585724,0.009585799649357796,0.011291978880763054,0.012041076086461544,0.009210660122334957,0.010380775667726994,0.023949705064296722,0.023867782205343246,0.02329958975315094,-0.032859187573194504,-0.027836572378873825,-0.028580574318766594,0.023469386622309685,0.02060449868440628,0.02285894565284252,-0.008337903767824173,-0.013003400526940823,-0.012413905002176762,0.2561783194541931,0.23088964819908142,0.2216792106628418,-0.0002365683758398518,-0.0002128526393789798,-3.091671533184126e-05,-0.055947594344615936,-0.04483703151345253,-0.043347813189029694,3.418769847485237e-05,0.0006322782137431204,-0.0005293762660585344,-2.179509465349838e-05,9.273012256016955e-05,0.000235609186347574,0.006630775984376669,0.00544294947758317,0.003666008124127984,0.008192317560315132,0.007867484353482723,0.006471205037087202,0.0038509429432451725,0.004591505974531174,0.0038813548162579536,0.007391033694148064,0.004586890339851379,0.005894397385418415,0.0006069717346690595,0.0019523733062669635,0.0016181698301807046,0.004977226257324219,0.003820562269538641,0.004070529248565435,-0.0027370858006179333,-0.0038472118321806192,-0.003649698570370674,0.0014842557720839977,0.0020519329700618982,0.0019038604805245996,-0.008460103534162045,-0.004513497930020094,-0.005229105241596699,-0.001069527235813439,-0.0008512305212207139,-0.00016980498912744224,0.00040154875023290515,-0.0011455218773335218,-0.0005488750757649541,0.01076596137136221,0.005067786201834679,0.004499792121350765,0.005861686542630196,0.00525322649627924,0.004216378554701805,0.0064899250864982605,0.009532341733574867,0.010263144969940186,
-0.02248174138367176,-0.027374522760510445,-0.03408055379986763,-0.07961457967758179,-0.07711762934923172,-0.07693477720022202,0.15494567155838013,0.1590677797794342,0.1517558991909027,0.10746444016695023,0.11211004108190536,0.11265677213668823,0.05103055760264397,0.04722476750612259,0.03936760127544403,-0.04716983437538147,-0.061067234724760056,-0.05653376877307892,0.09439106285572052,0.08977800607681274,0.08917469531297684,-0.021383266896009445,-0.011717215180397034,-0.016893897205591202,0.0945819541811943,0.08499260246753693,0.07977866381406784,0.040954191237688065,0.027746113017201424,0.03638136759400368,0.021264974027872086,0.036409489810466766,0.03321758285164833,-0.053722579032182693,-0.05692581832408905,-0.05462070181965828,0.9258750677108765,0.9996828436851501,0.9299085736274719,-0.0455968976020813,-0.04693449288606644,-0.05070728808641434,-0.20441913604736328,-0.2217603623867035,-0.19990861415863037,0.006024583242833614,0.008584755472838879,0.0045934636145830154,0.03520423173904419,0.03501872345805168,0.03668038919568062,-0.021796321496367455,-0.020725637674331665,-0.01956777647137642,0.051771387457847595,0.05498231202363968,0.0531918928027153,0.040227849036455154,0.044125691056251526,0.04013087600469589,-0.001924631535075605,0.005039534997195005,-0.0009552648407407105,-0.0028752365615218878,-0.006136119831353426,-0.007165946532040834,0.010475143790245056,0.011033762246370316,0.013885986991226673,0.0071869175881147385,0.009672591462731361,0.009262445382773876,0.02968287654221058,0.025923972949385643,0.02724960632622242,-0.02079354040324688,-0.031791530549526215,-0.025585394352674484,0.01943039707839489,0.020813757553696632,0.02078511193394661,-0.015434620901942253,-0.014889379031956196,-0.015237162820994854,0.2350076287984848,0.2542221248149872,0.2364894449710846,-0.003656681627035141,-0.003614468965679407,-0.004426626954227686,-0.05294981598854065,-0.05594675987958908,-0.05021055042743683,-0.0029072619508951902,-0.003411957062780857,-0.0020725762005895376,0.003643832402303815,0.002922801533713937,0.0029021319933235645,0.004547285847365856,0.0027616433799266815,0.0029929804150015116,0.005288125481456518,0.00806346908211708,0.006614308804273605,0.003846297971904278,0.0033128904178738594,0.0031574114691466093,0.006227854639291763,0.009403228759765625,0.007456539664417505,0.002891893731430173,0.0022303927689790726,0.002633047290146351,0.0047231400385499,0.005245099309831858,0.005493969656527042,-0.005781560204923153,-0.006158505100756884,-0.004142323043197393,0.004982424434274435,0.004426489118486643,0.0038925388362258673,-0.004044858273118734,-0.007256948389112949,-0.005005866754800081,0.0008506051381118596,0.00012731550668831915,8.814364264253527e-05,0.00032008931157179177,0.0011691944673657417,0.000578342704102397,0.0074848304502666,0.007553093135356903,0.005629288963973522,0.0038383775390684605,0.0027322436217218637,0.0030792895704507828,0.004930990748107433,0.009026848711073399,0.010194176807999611,
-0.03131800889968872,-0.03313978388905525,-0.05263760685920715,-0.08590061217546463,-0.08364259451627731,-0.09877514839172363,0.1480076164007187,0.1526465117931366,0.1584874987602234,0.11178780347108841,0.11306802928447723,0.1262727826833725,0.04490145295858383,0.03595655411481857,0.023480592295527458,-0.07802903652191162,-0.07240401208400726,-0.08474114537239075,0.0974900871515274,0.08929101377725601,0.10298426449298859,-0.024658530950546265,-0.012726942077279091,-0.015809951350092888,0.08055470883846283,0.07988746464252472,0.07364100962877274,0.048360828310251236,0.03572412207722664,0.04804835841059685,0.011551843024790287,0.0360393226146698,0.0030953320674598217,-0.0469043143093586,-0.056758761405944824,-0.04281084984540939,0.8860531449317932,0.9299085736274719,0.9996848702430725,-0.05164283141493797,-0.05367230251431465,-0.07341241091489792,-0.19022759795188904,-0.20257045328617096,-0.18856245279312134,0.004308341071009636,0.00710677495226264,0.004918880295008421,0.03501288220286369,0.03707272559404373,0.038826677948236465,-0.016900882124900818,-0.019425272941589355,-0.020238487049937248,0.046163078397512436,0.05051114410161972,0.05271928757429123,0.04162361100316048,0.045325495302677155,0.04341007024049759,0.00015958689618855715,0.0025798690039664507,0.0011704443022608757,-0.011092699132859707,-0.008190411143004894,-0.009237337857484818,0.008992384187877178,0.010816264897584915,0.011819377541542053,0.009632593020796776,0.010117352940142155,0.011618993245065212,0.026389965787529945,0.026267610490322113,0.027537746354937553,-0.023568682372570038,-0.027951715514063835,-0.025907374918460846,0.020027417689561844,0.020350713282823563,0.020904172211885452,-0.015921957790851593,-0.016064969822764397,-0.015801705420017242,0.2226354330778122,0.23566098511219025,0.24856455624103546,-0.004545110743492842,-0.005544691812247038,-0.006604849826544523,-0.05083434656262398,-0.05332694947719574,-0.051974955946207047,-0.005742077250033617,-0.005342305172234774,-0.0030675388406962156,0.004079215694218874,0.0036255093291401863,0.0024690646678209305,0.0012054184917360544,0.0009125564247369766,0.0015842445427551866,0.003774259937927127,0.006507690995931625,0.0065207951702177525,0.0059488448314368725,0.005622387398034334,0.0046410392969846725,0.007503886241465807,0.008310619741678238,0.006757479161024094,0.000396337010897696,0.0010119695216417313,0.0014592763036489487,0.004373905248939991,0.004656429868191481,0.005858562421053648,-0.006390417460352182,-0.0068211862817406654,-0.00405066879466176,0.004668043460696936,0.00460424879565835,0.002874477067962289,-0.003876545000821352,-0.005072297528386116,-0.0033054077066481113,0.0010528069688007236,0.00018925115000456572,-0.0008156716939993203,0.0007324838079512119,0.0005698545137420297,0.001123537658713758,0.007818195037543774,0.006691886577755213,0.007016740273684263,0.0016449748072773218,0.0014112676726654172,0.0023117640521377325,0.004683515522629023,0.008806847967207432,0.010316131636500359,
0.0359591580927372,0.02899397350847721,0.03706670552492142,0.18879951536655426,0.16776372492313385,0.1707010567188263,0.01830572821199894,0.007794938050210476,0.00778792891651392,0.07834916561841965,0.07307540625333786,0.06980711221694946,0.04729611426591873,0.04959995299577713,0.04545028135180473,-0.0312759168446064,-0.03513817489147186,-0.030382860451936722,-0.10805732011795044,-0.0936361774802208,-0.11057009547948837,0.18084312975406647,0.17303629219532013,0.1729600429534912,0.10056675970554352,0.11151565611362457,0.11200665682554245,0.05668328329920769,0.05071819946169853,0.03809797763824463,-0.09201936423778534,-0.09303364157676697,-0.07645144313573837,-0.4858802855014801,-0.44449809193611145,-0.4400443136692047,-0.04412074014544487,-0.0455968976020813,-0.05164283141493797,0.9996863603591919,0.914931058883667,0.8771089911460876,-0.026293138042092323,-0.04117682948708534,-0.05314243584871292,0.019195793196558952,0.022587314248085022,0.023167842999100685,-0.032583270221948624,-0.028834830969572067,-0.029147062450647354,0.10214575380086899,0.09267082810401917,0.0985879898071289,0.003529330249875784,-0.006046129856258631,0.0004212743660900742,0.02469552680850029,0.019524862989783287,0.019922442734241486,0.03185875341296196,0.027606189250946045,0.027285538613796234,0.006858075503259897,0.00024594986462034285,0.0051369452849030495,-0.026500632986426353,-0.011028853245079517,-0.013426827266812325,0.04106741398572922,0.04565422981977463,0.04026062786579132,0.005889370571821928,0.014813006855547428,0.010589426383376122,0.03839043155312538,0.03649972006678581,0.03467198833823204,-0.03880465030670166,-0.03754090145230293,-0.037942495197057724,-0.07183807343244553,-0.05877065658569336,-0.05896760895848274,0.0016331634251400828,-0.0006679234211333096,-0.002335578203201294,0.2394862323999405,0.21201862394809723,0.20849990844726562,0.01863800920546055,0.008021996356546879,0.005681703798472881,0.00436489749699831,0.003968516364693642,0.0032550361938774586,0.0015089259250089526,0.004969170317053795,0.005766827613115311,0.00883109774440527,0.005648585502058268,0.006900911219418049,0.002382095670327544,0.00036513086524792016,-7.068046397762373e-05,0.00772674148902297,0.006732939276844263,0.007340648211538792,0.000462623342173174,0.0003347542369738221,0.0007819980964995921,0.006460619159042835,0.0059079695492982864,0.005132499150931835,-0.0037030440289527178,-0.0006688061403110623,-0.0011895635398104787,-0.0015791262267157435,0.0007758369902148843,0.0006324709393084049,0.001891119172796607,0.00511021725833416,0.005734454374760389,0.006740626413375139,0.00721835857257247,0.006712581031024456,-0.0016543917590752244,-0.0011635187547653913,-0.0010639155516400933,0.005888085812330246,0.008642385713756084,0.008502371609210968,0.0023046168498694897,0.000642669852823019,0.0015691432636231184,0.009904510341584682,0.002748382743448019,0.002987705171108246,0.005762821063399315,0.005314252804964781,0.00495782820507884,
0.03666440397500992,0.0203253161162138,0.021315226331353188,0.15773259103298187,0.17553386092185974,0.16301119327545166,-0.0030829564202576876,0.003939730580896139,0.005061304196715355,0.07446590811014175,0.08434295654296875,0.07536593824625015,0.04755358770489693,0.05181705951690674,0.052278563380241394,-0.04600841552019119,-0.04015359655022621,-0.04140809550881386,-0.08627974987030029,-0.1040257140994072,-0.09030824899673462,0.17974604666233063,0.16435787081718445,0.15550746023654938,0.10707690566778183,0.10304613411426544,0.10929616540670395,0.05048485845327377,0.0641024112701416,0.05318788066506386,-0.09826400130987167,-0.09891969710588455,-0.09523702412843704,-0.4397900700569153,-0.4785265028476715,-0.45508113503456116,-0.04434532672166824,-0.04693449288606644,-0.05367230251431465,0.914931058883667,0.999682605266571,0.9370647072792053,-0.044117044657468796,-0.04003465175628662,-0.05427703633904457,0.017969883978366852,0.013116900809109211,0.014967854134738445,-0.0355580598115921,-0.03317631036043167,-0.0310325026512146,0.09079153090715408,0.10036610811948776,0.10084470361471176,-0.010825000703334808,-0.0017886989517137408,-0.004241946619004011,0.016973361372947693,0.02416548877954483,0.022424960508942604,0.033859286457300186,0.032264769077301025,0.03151066228747368,-0.00334768183529377,0.00012838085240218788,-6.955482967896387e-05,-0.015201651491224766,-0.019537238404154778,-0.012635668739676476,0.04311554878950119,0.0396844707429409,0.039728112518787384,0.004519045818597078,0.00702159758657217,0.007300143595784903,0.03510456159710884,0.03946913406252861,0.039037879556417465,-0.0381440669298172,-0.03833146393299103,-0.03812580555677414,-0.057032566517591476,-0.06396964937448502,-0.059982363134622574,0.0009175293380394578,-0.0024740633089095354,-0.003853670321404934,0.21204052865505219,0.24106010794639587,0.22835946083068848,0.004374039359390736,0.013639649376273155,0.00514964759349823,0.005499911494553089,0.0055390819907188416,0.003907577600330114,0.0003174884186591953,0.001155360252596438,0.0032519421074539423,0.008299320936203003,0.007925806567072868,0.007606992498040199,0.0004998601507395506,-0.00017099770775530487,-0.0009822908323258162,0.005371576175093651,0.008513705804944038,0.008303728885948658,-0.0005314053851179779,0.0003641392395365983,0.0007695754757151008,0.00521831726655364,0.005055769346654415,0.0038021497894078493,-7.00664022588171e-05,-0.0007748792413622141,0.0002434210036881268,0.0013060759520158172,0.0011304981308057904,0.0012051804224029183,0.0006009693606756628,0.0012705286499112844,0.003309896681457758,0.004725269973278046,0.006571251433342695,0.006189602427184582,-0.0017385692335665226,-0.0015747200231999159,-0.0008725126972422004,0.006851989310234785,0.0067034512758255005,0.00799122266471386,0.0016633837949484587,-0.00018747002468444407,0.00024050117644947022,0.006252421997487545,0.007175840437412262,0.00507867056876421,0.006416086107492447,0.006875385995954275,0.006538148038089275,
0.044417738914489746,0.025282122194767,0.04263030365109444,0.16642984747886658,0.1669902205467224,0.1762961447238922,-0.009779421612620354,-0.005640248768031597,-0.007026305887848139,0.06764832139015198,0.07326701283454895,0.06922511756420135,0.048993147909641266,0.05819971114397049,0.0766768679022789,-0.027423614636063576,-0.025659104809165,-0.021678445860743523,-0.10325883328914642,-0.09723980724811554,-0.10653374344110489,0.18012037873268127,0.15672069787979126,0.1729874461889267,0.1130063608288765,0.11196278035640717,0.1248217448592186,0.048124752938747406,0.0618104487657547,0.04799953103065491,-0.07881377637386322,-0.09343727678060532,-0.07810556888580322,-0.4296095073223114,-0.44794633984565735,-0.4822143018245697,-0.04932444542646408,-0.05070728808641434,-0.07341241091489792,0.8771089911460876,0.9370647072792053,0.9996877312660217,-0.056701481342315674,-0.053464483469724655,-0.06541446596384048,0.013361542485654354,0.012053584679961205,0.012018969282507896,-0.031096551567316055,-0.02580641582608223,-0.025285787880420685,0.08949393779039383,0.09392335265874863,0.10303506255149841,-0.0032391424756497145,-0.0032841276843100786,-0.0014752123970538378,0.01823696680366993,0.021941548213362694,0.02342982031404972,0.029184194281697273,0.028827469795942307,0.029696015641093254,0.003828112967312336,0.0043512750416994095,0.00429244851693511,-0.024489497765898705,-0.02184475213289261,-0.01632169634103775,0.03314683213829994,0.03631075844168663,0.03600751608610153,0.009343975223600864,0.014764010906219482,0.01217755675315857,0.03528066352009773,0.0400058850646019,0.0403904914855957,-0.037640027701854706,-0.03587150573730469,-0.035830479115247726,-0.056670382618904114,-0.05627318099141121,-0.06043072044849396,0.0027276338078081608,-0.0020130977500230074,-0.0039380863308906555,0.2041069120168686,0.21965736150741577,0.23667438328266144,0.004227031022310257,0.007275029551237822,0.006589001975953579,0.004231613129377365,0.004961179103702307,0.00381606537848711,0.002891065552830696,0.003472710959613323,0.006192191503942013,0.007641174830496311,0.006783346179872751,0.007395646069198847,0.00015342561528086662,-0.0010668572504073381,-0.000866650661919266,0.004208082798868418,0.006396201904863119,0.006144539453089237,0.000250643992330879,0.0006506474455818534,0.0017128796316683292,0.006384002976119518,0.0060861073434352875,0.005103267263621092,-0.0018647360848262906,-0.0003020413569174707,0.0002325282257515937,-0.00012804914149455726,0.0009754821076057851,0.0022977860644459724,0.0029227975755929947,0.0034580284263938665,0.005415601190179586,0.0030460013076663017,0.004749001003801823,0.0038548840675503016,-0.0007086291443556547,-0.00020581521675921977,0.000844933558255434,0.0069693513214588165,0.007978389039635658,0.00857547577470541,-3.7292702472768724e-05,-0.00202297349460423,-0.000814019818790257,0.004478097427636385,0.004416953306645155,0.00603289483115077,0.0061165811493992805,0.0061042215675115585,0.0062121739611029625,
-0.03798367455601692,-0.025051947683095932,-0.03518575429916382,-0.017688391730189323,-0.012836862355470657,-0.016875412315130234,0.08324285596609116,0.06897714734077454,0.08092261850833893,-0.02242843620479107,-0.022730357944965363,-0.020825643092393875,0.09099099785089493,0.09036947041749954,0.08354592323303223,0.04957912489771843,0.048899970948696136,0.049012698233127594,-0.007865718565881252,-0.0003945416829083115,0.006802968680858612,-0.12885387241840363,-0.1314462572336197,-0.13754455745220184,0.013167056255042553,0.026453915983438492,0.02145279385149479,-0.1261412799358368,-0.12945790588855743,-0.11766278743743896,4.351158713689074e-05,0.0018975022248923779,-0.005362648982554674,0.06502516567707062,0.0776393786072731,0.0781085267663002,-0.21280120313167572,-0.20441913604736328,-0.19022759795188904,-0.026293138042092323,-0.044117044657468796,-0.056701481342315674,0.9996992945671082,0.9291814565658569,0.8680499792098999,0.01013750396668911,0.01724361442029476,0.014438384212553501,0.005233515053987503,0.002226987387984991,0.0035540510434657335,0.023423144593834877,0.017759885638952255,0.018431132659316063,0.11469374597072601,0.09787794202566147,0.10131092369556427,-0.0007549761794507504,-0.003413229715079069,-0.004159807693213224,-0.014482471160590649,-0.009698898531496525,-0.011597833596169949,-0.006338770035654306,-0.017639823257923126,-0.012076701037585735,0.010908217169344425,0.01871592365205288,0.011998693458735943,-0.006947544869035482,0.0034977055620402098,-0.004568545613437891,0.004523710813373327,0.0021154091227799654,0.004357098136097193,-0.025265902280807495,-0.027531446889042854,-0.024769557639956474,0.009938006289303303,0.00991414301097393,0.009337566792964935,-0.016028212383389473,-0.005108717363327742,-0.006160362623631954,-0.045159097760915756,-0.03439074754714966,-0.03404746949672699,0.008288722485303879,-0.005420600529760122,-0.004164405167102814,0.2532755732536316,0.2218879908323288,0.21456389129161835,0.00322730396874249,0.0024962208699434996,0.002090306021273136,-0.002357620745897293,-0.0005357618210837245,0.0002890863688662648,-0.0010845763608813286,-0.002434512134641409,-0.0018146077636629343,0.016013547778129578,0.014340146444737911,0.016461389139294624,-0.0003274860209785402,-0.0020344399381428957,-0.0006162684294395149,-0.003903007600456476,-0.0006637143669649959,-0.0014999571722000837,-0.004413839429616928,-0.00624882522970438,-0.005747877527028322,0.003238844685256481,0.006173617672175169,0.005977035500109196,-0.00041732212412171066,0.002569956937804818,0.001237357035279274,-0.0012718127109110355,0.0007141199894249439,0.00296590244397521,6.713657785439864e-05,-0.003913439344614744,-0.0017311382107436657,0.002906980225816369,0.0030289064161479473,0.002339586615562439,-0.008595255203545094,-0.006219092756509781,-0.006622549146413803,0.0015922425081953406,0.004178340081125498,0.004663325846195221,0.0006059147417545319,-0.0019678089302033186,-0.0008690832182765007,0.016762232407927513,0.01086434070020914,0.012208057567477226,
-0.02431315742433071,-0.019640183076262474,-0.022587070241570473,-0.028217367827892303,-0.025860365480184555,-0.029291052371263504,0.054070375859737396,0.05991295725107193,0.06294338405132294,-0.013942488469183445,-0.008564512245357037,-0.009521051310002804,0.09100966155529022,0.0903119444847107,0.086451955139637,0.04980424791574478,0.05241923779249191,0.04629523679614067,-0.010385959409177303,-0.007606221362948418,-0.00025139868375845253,-0.13029423356056213,-0.12734076380729675,-0.11623401939868927,0.02044791914522648,0.02399171143770218,0.016314635053277016,-0.12651580572128296,-0.13103055953979492,-0.12649491429328918,-0.0008348110131919384,0.0011380934156477451,0.0015643436927348375,0.07722301036119461,0.07501350343227386,0.07529005408287048,-0.2096043974161148,-0.2217603623867035,-0.20257045328617096,-0.04117682948708534,-0.04003465175628662,-0.053464483469724655,0.9291814565658569,0.9996930360794067,0.9285390377044678,0.01153985969722271,0.009757546707987785,0.01030741073191166,-0.0025655084755271673,0.0029654616955667734,0.0027810262981802225,0.01888068951666355,0.02187173254787922,0.01897769793868065,0.09482134133577347,0.10480590164661407,0.1000019982457161,0.00025216228095814586,0.0016808162909001112,0.002185793360695243,-0.013417030684649944,-0.012589886784553528,-0.010976463556289673,-0.01792728900909424,-0.012359866872429848,-0.013778386637568474,0.01473972573876381,0.01354639045894146,0.01430420484393835,0.0013825262431055307,-0.00442089606076479,-0.0035475005861371756,-0.00543538574129343,0.002056080847978592,0.0009989571990445256,-0.028788398951292038,-0.02541637234389782,-0.02557632140815258,0.011979927308857441,0.007879281416535378,0.009017935954034328,-0.007644596975296736,-0.010153698734939098,-0.00862060021609068,-0.03945019841194153,-0.040612708777189255,-0.03692461550235748,-0.005471677519381046,-0.0008894997299648821,-0.003401202615350485,0.2250872403383255,0.2503361403942108,0.2336771935224533,0.004312321078032255,0.003968839067965746,0.0027507867198437452,-0.004707945045083761,-0.0019525832030922174,-0.0009477343410253525,-0.0024301023222506046,-0.0006688822177238762,-0.0015079355798661709,0.013644727878272533,0.014169680885970592,0.016256554052233696,-0.001829800195991993,0.0002774491731543094,-0.0005720445769838989,-0.0019154087640345097,-0.0030087679624557495,-0.0026116706430912018,-0.007162697613239288,-0.005581513047218323,-0.0061994995921850204,0.005127760581672192,0.004610872827470303,0.005806232802569866,0.0028973245061933994,0.0038083912804722786,0.003257856471464038,-0.003296289825811982,-0.0008210757514461875,0.0010427639354020357,-0.002012179931625724,-0.000521956302691251,-0.0012906508054584265,0.002842869143933058,0.002932728035375476,0.002817300148308277,-0.007536751218140125,-0.008621454238891602,-0.00855435710400343,0.0020360511261969805,0.0024058856070041656,0.003859105287119746,0.000277209299383685,0.0009468007483519614,0.0009774932404980063,0.01304364763200283,0.013878760859370232,0.01399884931743145,
-0.032628513872623444,-0.021980704739689827,-0.04359129071235657,-0.025625156238675117,-0.024726854637265205,-0.038871221244335175,0.07086107134819031,0.0673050805926323,0.08463824540376663,-0.014463077299296856,-0.012847673147916794,0.00027352970209904015,0.08478002995252609,0.08671094477176666,0.08113542944192886,0.04598280042409897,0.03873845562338829,0.03101392462849617,-0.0030558202415704727,-0.004817692097276449,0.011693919077515602,-0.14260108768939972,-0.1192324161529541,-0.12426357716321945,0.017462730407714844,0.018395258113741875,-0.00874109473079443,-0.11215383559465408,-0.1261659562587738,-0.11724303662776947,-0.006882738787680864,0.005252248141914606,-0.0018803741550073028,0.0731077790260315,0.07374192029237747,0.07777026295661926,-0.19664376974105835,-0.19990861415863037,-0.18856245279312134,-0.05314243584871292,-0.05427703633904457,-0.06541446596384048,0.8680499792098999,0.9285390377044678,0.9996944069862366,0.007687430828809738,0.008359645493328571,0.009079761803150177,0.0017581487772986293,0.006607248913496733,0.005731502082198858,0.020636720582842827,0.019237983971834183,0.01849346235394478,0.1021738350391388,0.10270202904939651,0.10458716005086899,-0.0014240795280784369,-0.0002993157540913671,0.003050450934097171,-0.014707322232425213,-0.011140012182295322,-0.008007531054317951,-0.010043102316558361,-0.01465209573507309,-0.013918868266046047,0.009228646755218506,0.015071524307131767,0.012577786110341549,-0.007442793343216181,-0.004159093368798494,-0.004587265197187662,-0.0020272161345928907,0.0021112055983394384,0.001612640917301178,-0.024113183841109276,-0.022149724885821342,-0.023146606981754303,0.010841373354196548,0.010844620876014233,0.011613909155130386,-0.012208218686282635,-0.01078751590102911,-0.01203471701592207,-0.037418097257614136,-0.034450553357601166,-0.03638274595141411,-0.0011060242541134357,-0.003157540690153837,-0.00041730725206434727,0.21599644422531128,0.23098915815353394,0.2512449026107788,-0.0006226261612027884,-0.00023451483866665512,-0.00010483015648787841,-0.0029720512684434652,-0.00040387941407971084,-0.0007406965014524758,-0.003283795900642872,-0.002762249205261469,-0.00229393201880157,0.01413746178150177,0.01345712412148714,0.016664056107401848,0.0004975430201739073,-0.00010704551823437214,0.00021875368838664144,-0.003643191885203123,-0.0036294017918407917,-0.003915979992598295,-0.0064033037051558495,-0.006560433655977249,-0.006042839493602514,0.0033870155457407236,0.00507602421566844,0.006178253795951605,-0.002167727332562208,0.0016519317869096994,0.0020069770980626345,-0.0013996632769703865,-3.692431710078381e-05,0.00012856826651841402,0.0014326462987810373,-0.0004918047343380749,-0.0005511270137503743,0.002194341504946351,0.0029689082875847816,0.0024238904006779194,-0.006717047654092312,-0.006079657934606075,-0.007223626598715782,0.0019841401372104883,0.0038393023423850536,0.0049502672627568245,-0.001150368945673108,-0.002354305936023593,-0.0008110465132631361,0.012390869669616222,0.011582035571336746,0.015889493748545647,
0.021246591582894325,0.021199971437454224,0.02218417450785637,0.029120080173015594,0.024437982589006424,0.02239815518260002,0.010870805941522121,0.01172364316880703,0.012517571449279785,0.015415498055517673,-0.003947555553168058,0.002687977161258459,0.0024970066733658314,0.014616922475397587,0.019508112221956253,0.04828036203980446,0.041162680834531784,0.041812144219875336,-0.006052722688764334,-0.005605571437627077,-0.0050233169458806515,0.04457953944802284,0.04703173041343689,0.043391771614551544,-0.004762416239827871,0.0035433832090348005,-0.0004896451137028635,0.0073117446154356,0.0011950257467105985,-0.0026742364279925823,-0.0010612255427986383,0.005166908260434866,0.010820307768881321,0.017771176993846893,0.01786705292761326,0.02175986021757126,0.009442229755222797,0.006024583242833614,0.004308341071009636,0.019195793196558952,0.017969883978366852,0.013361542485654354,0.01013750396668911,0.01153985969722271,0.007687430828809738,0.9996868968009949,0.923301100730896,0.8913933634757996,-0.227410688996315,-0.18869401514530182,-0.1721126139163971,0.08821166306734085,0.09429144859313965,0.08478289097547531,-0.0004946388071402907,0.013421688228845596,-0.0016195839270949364,0.05147354304790497,0.04860607907176018,0.053181447088718414,0.03634851798415184,0.036344774067401886,0.03882945328950882,0.15303084254264832,0.15654414892196655,0.14294174313545227,-0.05792820453643799,-0.07565820217132568,-0.07440953701734543,0.48392316699028015,0.4420212209224701,0.4341355264186859,-0.13016551733016968,-0.10518480837345123,-0.1010495200753212,0.023968495428562164,0.024427657946944237,0.015216638334095478,-0.03953516483306885,-0.025439973920583725,-0.013958730734884739,0.08607733249664307,0.06556989997625351,0.06287232041358948,-0.03312776982784271,-0.04560418799519539,-0.050321102142333984,0.09981829673051834,0.1132388785481453,0.09987892210483551,-0.016172051429748535,-0.0023727226071059704,-0.01585322618484497,0.07681862264871597,0.06751648336648941,0.06545279175043106,-0.029155099764466286,-0.023783836513757706,-0.022338425740599632,0.005953834392130375,0.004468144848942757,0.0022270202171057463,0.010571978986263275,0.016384394839406013,0.01340271346271038,-0.0020350527483969927,-0.0021428330801427364,-0.001893231994472444,-0.00769787235185504,-0.0026002200320363045,-0.0031740206759423018,0.011656667105853558,0.01235049869865179,0.009578696452081203,-0.005231647286564112,-0.008120856247842312,-0.007697278633713722,0.03239944949746132,0.027715928852558136,0.028440561145544052,-0.01682499796152115,-0.013432218693196774,-0.012585889548063278,0.007102077826857567,0.007258090656250715,0.007992185652256012,0.002107173204421997,0.00621028570458293,0.0053131356835365295,0.011753913015127182,0.007742634508758783,0.007386280223727226,-0.012412404641509056,-0.010810056701302528,-0.011689960025250912,0.0006276280037127435,0.0030895466916263103,0.0003740034007932991,-0.0016177927609533072,0.0011846339330077171,-0.000604397093411535,
0.008809230290353298,0.023933423683047295,0.022691713646054268,0.029575295746326447,0.02128944918513298,0.02040928043425083,0.0175599567592144,0.012505743652582169,0.014432331547141075,0.012492187321186066,-0.006225563120096922,0.0025614683981984854,0.0035556242801249027,0.015019125305116177,0.02107412740588188,0.05213282257318497,0.04136645793914795,0.04544712230563164,-0.00944434478878975,-0.003972117323428392,-0.004945911467075348,0.036716923117637634,0.04685848206281662,0.0429903045296669,-9.245327237294987e-05,0.0041257040575146675,-0.001420576241798699,0.008372734300792217,0.00020785357628483325,-0.00289710215292871,-0.0009676979389041662,0.004662041552364826,0.01090604905039072,0.012330525554716587,0.020326055586338043,0.02504439651966095,0.010022694244980812,0.008584755472838879,0.00710677495226264,0.022587314248085022,0.013116900809109211,0.012053584679961205,0.01724361442029476,0.009757546707987785,0.008359645493328571,0.923301100730896,0.9996825456619263,0.9477139711380005,-0.1910969465970993,-0.20709647238254547,-0.19127193093299866,0.08929796516895294,0.09143878519535065,0.08740348368883133,0.01843717321753502,0.00343187409453094,0.011569672264158726,0.05070895701646805,0.05667974427342415,0.0561322420835495,0.039894867688417435,0.04367886111140251,0.044950783252716064,0.16347019374370575,0.16153140366077423,0.16009820997714996,-0.07204143702983856,-0.06944766640663147,-0.07415930181741714,0.4358641803264618,0.4771120548248291,0.4546770751476288,-0.10420955717563629,-0.11265738308429718,-0.11016767472028732,0.024818673729896545,0.019592950120568275,0.012780060060322285,-0.030721278861165047,-0.02974420040845871,-0.022257115691900253,0.06981156021356583,0.07907478511333466,0.0717407837510109,-0.04051559790968895,-0.03513454273343086,-0.04520988464355469,0.10436772555112839,0.10382590442895889,0.10081031173467636,-0.0002746896934695542,-0.013866685330867767,-0.007640758994966745,0.06996288150548935,0.07559829950332642,0.07076451927423477,-0.02614671364426613,-0.02807321399450302,-0.0251905620098114,0.005414996296167374,0.003577538998797536,0.002922964282333851,0.013519146479666233,0.015173463150858879,0.01352755818516016,-0.0016389498487114906,-0.001501151593402028,-0.00039452759665437043,-0.007518200669437647,-0.0017539806431159377,-0.0033652978017926216,0.013624358922243118,0.011437906883656979,0.010683951899409294,-0.008143129758536816,-0.005319073796272278,-0.005867426283657551,0.027606144547462463,0.03220285475254059,0.030936725437641144,-0.0152614526450634,-0.01577693037688732,-0.014128467999398708,0.00974752102047205,0.00590742751955986,0.008379371836781502,0.0029178448021411896,0.004962664097547531,0.003432114841416478,0.009557009674608707,0.01043506246060133,0.008446342311799526,-0.013637584634125233,-0.011126414872705936,-0.012235371395945549,0.0016004901845008135,1.890179919428192e-05,0.0001289398642256856,0.0007932662265375257,0.0016528500709682703,0.001426729722879827,
0.0023649961221963167,0.014758624136447906,0.02277669496834278,0.030523631721735,0.021490607410669327,0.01803567446768284,0.015689842402935028,0.009763373993337154,0.009662123396992683,0.015696553513407707,-0.003956416621804237,0.006221584510058165,0.0033847372978925705,0.013920210301876068,0.019143585115671158,0.0485665462911129,0.04098391532897949,0.04577219858765602,-0.008038956671953201,-0.004886255133897066,-0.00541041512042284,0.035412658005952835,0.0437939390540123,0.0437898188829422,0.0007591473986394703,0.006358541548252106,-0.0021896837279200554,0.011836281977593899,0.005014040507376194,-0.0006980698672123253,0.0028321153949946165,0.008050072938203812,0.01251489669084549,0.009534006007015705,0.016916057094931602,0.02572636865079403,0.004831424914300442,0.0045934636145830154,0.004918880295008421,0.023167842999100685,0.014967854134738445,0.012018969282507896,0.014438384212553501,0.01030741073191166,0.009079761803150177,0.8913933634757996,0.9477139711380005,0.9996855854988098,-0.1695202887058258,-0.18751868605613708,-0.1987825483083725,0.07998937368392944,0.08666301518678665,0.0916268602013588,0.001773205935023725,0.008325622417032719,0.012716162018477917,0.050353214144706726,0.05182002857327461,0.053881365805864334,0.042238686233758926,0.0428706519305706,0.04792196676135063,0.14760050177574158,0.15767285227775574,0.16763927042484283,-0.07051664590835571,-0.07203473895788193,-0.07333564013242722,0.42784130573272705,0.453358918428421,0.4772395193576813,-0.09405266493558884,-0.10337269306182861,-0.11432899534702301,0.022198038175702095,0.01823204755783081,0.01004854030907154,-0.01710771769285202,-0.021273192018270493,-0.02246851474046707,0.06588340550661087,0.07008475065231323,0.07781702280044556,-0.04242181405425072,-0.04006745293736458,-0.04228248447179794,0.09356405586004257,0.10110943764448166,0.10192596912384033,-0.015102113597095013,-0.01245121005922556,-0.011066845618188381,0.06619961559772491,0.07073663920164108,0.07551699876785278,-0.024994220584630966,-0.026776395738124847,-0.028279803693294525,0.0026163256261497736,0.002729640109464526,0.003987597301602364,0.011039991863071918,0.014979043044149876,0.013312049210071564,-0.0024690579157322645,-0.001488833804614842,-0.0006190715939737856,-0.006066728383302689,-0.0014373583253473043,-0.0034363330341875553,0.011324183084070683,0.010525697842240334,0.010608947835862637,-0.008204450830817223,-0.00711437314748764,-0.0058105383068323135,0.027196157723665237,0.030998915433883667,0.033220577985048294,-0.014953378587961197,-0.016185730695724487,-0.016535306349396706,0.009469723328948021,0.00793644692748785,0.008743944577872753,0.0033688778057694435,0.004909507464617491,0.003341774456202984,0.00992626417428255,0.009173914790153503,0.009235309436917305,-0.013398855924606323,-0.011469111777842045,-0.012934275902807713,-0.0014279981842264533,0.00028919181204400957,0.0006884133908897638,-0.0005724952206946909,0.0022639886010438204,0.002402488375082612,
0.04316883161664009,0.045709941536188126,0.045399490743875504,-0.02342032641172409,-0.02214612439274788,-0.023851115256547928,0.029320847243070602,0.02719704620540142,0.029832443222403526,-0.003671867772936821,0.006981931161135435,-9.961482646758668e-06,-0.010369846597313881,-0.006132075563073158,-0.014831868931651115,0.018276020884513855,0.016427701339125633,0.019284687936306,-0.006917276885360479,-0.0022198446094989777,-0.005855156574398279,-0.0006642462685704231,-0.0010481491917744279,-0.0036041252315044403,0.1823415756225586,0.16099658608436584,0.1617312729358673,-0.04352811351418495,-0.05020912364125252,-0.042251769453287125,0.10686780512332916,0.10167486220598221,0.0950988382101059,0.01499487366527319,0.01727394387125969,0.01879936084151268,0.030770985409617424,0.03520423173904419,0.03501288220286369,-0.032583270221948624,-0.0355580598115921,-0.031096551567316055,0.005233515053987503,-0.0025655084755271673,0.0017581487772986293,-0.227410688996315,-0.1910969465970993,-0.1695202887058258,0.9996919631958008,0.9063317775726318,0.8814284801483154,0.03853003680706024,0.03777773678302765,0.04194530099630356,0.10760847479104996,0.08426189422607422,0.09131555259227753,-0.04415561631321907,-0.021765852347016335,-0.039596330374479294,0.07591620087623596,0.08692708611488342,0.07645126432180405,0.0968397930264473,0.08326791971921921,0.08953523635864258,0.05907375365495682,0.05821977183222771,0.06018358841538429,-0.0739462822675705,-0.05362028628587723,-0.05006473511457443,0.6931629776954651,0.6174501180648804,0.6125614047050476,-0.15301339328289032,-0.16539202630519867,-0.15078957378864288,0.39496803283691406,0.3739255368709564,0.35584554076194763,0.13274279236793518,0.13014230132102966,0.130497008562088,0.15443819761276245,0.16095972061157227,0.15104280412197113,-0.13568589091300964,-0.1325148195028305,-0.12256820499897003,0.03566762059926987,0.017582440748810768,0.025168752297759056,-0.026843760162591934,-0.024845799431204796,-0.02181616798043251,0.12645046412944794,0.11293067783117294,0.10926976799964905,-0.0034241057001054287,-0.00298259942792356,-0.0013602795079350471,0.007262389175593853,0.0076850359328091145,0.007332855835556984,0.0054408791474998,0.007485348265618086,0.006537747103720903,0.018407395109534264,0.02120400033891201,0.018512224778532982,0.026314912363886833,0.02363418973982334,0.023477084934711456,0.030195387080311775,0.03062300570309162,0.029935821890830994,-0.008693776093423367,-0.007695578504353762,-0.007426267024129629,0.0930371806025505,0.08261547982692719,0.08024697005748749,-0.017548130825161934,-0.02091096341609955,-0.017584966495633125,0.05287843570113182,0.04904073104262352,0.04709448292851448,0.012719334103167057,0.013321904465556145,0.013026704080402851,0.02231031283736229,0.023659048601984978,0.022146321833133698,-0.010553889907896519,-0.01053460594266653,-0.008847169578075409,0.0028578985948115587,0.00523382006213069,0.00494840694591403,
0.0598677396774292,0.05209534615278244,0.054831523448228836,-0.020526021718978882,-0.019537441432476044,-0.022101836279034615,0.027802849188447,0.025521863251924515,0.027304811403155327,0.0022897254675626755,-2.126808976754546e-05,0.0020324138458818197,-0.004861465189605951,-0.011068449355661869,-0.013007727451622486,0.013897200115025043,0.018141167238354683,0.021076077595353127,-0.005663630086928606,-0.006191396154463291,-0.00870773196220398,0.006650879979133606,0.005703854840248823,0.00341644324362278,0.1591396927833557,0.17530812323093414,0.1663563847541809,-0.04152987524867058,-0.038508832454681396,-0.03841868415474892,0.10039902478456497,0.1089109554886818,0.10277105867862701,0.014814483933150768,0.01780489832162857,0.01556428987532854,0.031574033200740814,0.03501872345805168,0.03707272559404373,-0.028834830969572067,-0.03317631036043167,-0.02580641582608223,0.002226987387984991,0.0029654616955667734,0.006607248913496733,-0.18869401514530182,-0.20709647238254547,-0.18751868605613708,0.9063317775726318,0.9996926188468933,0.9396382570266724,0.04555581882596016,0.04320966824889183,0.0486956387758255,0.0910634696483612,0.10035306960344315,0.09500682353973389,-0.022478586062788963,-0.036057960242033005,-0.0261260736733675,0.08529075235128403,0.07815878838300705,0.07512352615594864,0.0838029682636261,0.09804753214120865,0.09807373583316803,0.05251217260956764,0.06027510017156601,0.057459186762571335,-0.05212271213531494,-0.054250407963991165,-0.050715651363134384,0.6199639439582825,0.6838516592979431,0.6470541954040527,-0.15799160301685333,-0.15477816760540009,-0.1545267254114151,0.3765835762023926,0.4023092985153198,0.3885471522808075,0.12840589880943298,0.1370331048965454,0.13130958378314972,0.15488624572753906,0.15461236238479614,0.15367648005485535,-0.12234082818031311,-0.13385003805160522,-0.12180254608392715,0.02521052211523056,0.03026825375854969,0.029076941311359406,-0.02882125973701477,-0.030878150835633278,-0.0277822595089674,0.11359033733606339,0.1251107156276703,0.11588907986879349,-0.002870857948437333,-0.004058739170432091,-0.003073354484513402,0.007705811411142349,0.01010833214968443,0.009695317596197128,0.0076843383722007275,0.005137603264302015,0.005281331483274698,0.015739237889647484,0.017692748457193375,0.016508955508470535,0.023114994168281555,0.02576633356511593,0.02378232032060623,0.02699545957148075,0.03173145651817322,0.03006625548005104,-0.010763348080217838,-0.011402835138142109,-0.01062060333788395,0.08192069083452225,0.0917791873216629,0.08435828983783722,-0.020628580823540688,-0.019013652577996254,-0.0186690054833889,0.04897230118513107,0.0523957759141922,0.050560835748910904,0.011429139412939548,0.014237004332244396,0.013133852742612362,0.024439746513962746,0.024393651634454727,0.024511685594916344,-0.010080864652991295,-0.012629632838070393,-0.010838648304343224,0.004489485640078783,0.006182355340570211,0.005067678168416023,
0.0590633861720562,0.0529223270714283,0.049588244408369064,-0.024053078144788742,-0.022630808874964714,-0.024935316294431686,0.02418908104300499,0.022382456809282303,0.02475285902619362,0.0017840918153524399,0.005308217369019985,0.002923279767856002,-0.0078085679560899734,-0.01168705616146326,-0.01763305999338627,0.01463908702135086,0.01631864160299301,0.021660970523953438,-0.0073366011492908,-0.006302064750343561,-0.008848435245454311,0.003874091664329171,0.004984384868294001,0.0031569108832627535,0.15734869241714478,0.16450375318527222,0.17617769539356232,-0.038380756974220276,-0.040816716849803925,-0.03865058347582817,0.09608874469995499,0.10461296886205673,0.10678543895483017,0.016157008707523346,0.01726662740111351,0.016248436644673347,0.03207431361079216,0.03668038919568062,0.038826677948236465,-0.029147062450647354,-0.0310325026512146,-0.025285787880420685,0.0035540510434657335,0.0027810262981802225,0.005731502082198858,-0.1721126139163971,-0.19127193093299866,-0.1987825483083725,0.8814284801483154,0.9396382570266724,0.9996927380561829,0.04341992363333702,0.04275026172399521,0.04850813001394272,0.09457247704267502,0.0927068442106247,0.09716863185167313,-0.035874143242836,-0.024272052571177483,-0.024301007390022278,0.07662586122751236,0.07610702514648438,0.071991465985775,0.08845540136098862,0.09369445592164993,0.10436921566724777,0.05300561338663101,0.05618617683649063,0.05825865641236305,-0.052204571664333344,-0.05140174552798271,-0.05111762508749962,0.6087132692337036,0.6430084109306335,0.6873899102210999,-0.14965249598026276,-0.15665526688098907,-0.15596851706504822,0.3578743636608124,0.38817617297172546,0.41250425577163696,0.12817934155464172,0.13072380423545837,0.1353658139705658,0.1463404893875122,0.1550849974155426,0.16324588656425476,-0.11868709325790405,-0.12610971927642822,-0.12398812174797058,0.03031594678759575,0.028645072132349014,0.025975776836276054,-0.026529304683208466,-0.029373276978731155,-0.030416442081332207,0.10924840718507767,0.11646346747875214,0.12375097721815109,-0.002832218073308468,-0.0035704774782061577,-0.0029760596808046103,0.007465248461812735,0.009652298875153065,0.010440952144563198,0.005833753384649754,0.005600843578577042,0.003925912547856569,0.013912856578826904,0.018518727272748947,0.01914055086672306,0.02307010442018509,0.024025432765483856,0.025557847693562508,0.02754741534590721,0.031638648360967636,0.03223476558923721,-0.009805695153772831,-0.010860541835427284,-0.01105520036071539,0.07966113835573196,0.08625410497188568,0.09061110019683838,-0.018748287111520767,-0.020085416734218597,-0.019013233482837677,0.045784011483192444,0.04932326078414917,0.05298854038119316,0.011699376627802849,0.013457322493195534,0.013786456547677517,0.021738115698099136,0.023722678422927856,0.025040561333298683,-0.010870897211134434,-0.012187941931188107,-0.010549614205956459,0.004617644008249044,0.0057795546017587185,0.003807919332757592,
0.020618965849280357,0.021345404908061028,0.020159276202321053,0.017558960244059563,0.009737081825733185,0.006098253186792135,0.009596086107194424,0.00539981247857213,0.010735954158008099,0.008492176420986652,0.006002931389957666,0.007326524239033461,0.019699105992913246,0.02182917296886444,0.020261578261852264,-0.01960173435509205,-0.020813271403312683,-0.02332891896367073,-0.0062169479206204414,-0.004987120628356934,-0.010175547562539577,0.0033951187506318092,0.009429981000721455,0.009444334544241428,-0.031690992414951324,-0.028612986207008362,-0.02916264906525612,0.03504490852355957,0.02781801111996174,0.0319521427154541,-0.006893326994031668,-0.0048194811679422855,-0.005748548079282045,0.044083770364522934,0.046450674533843994,0.04443449154496193,-0.020736075937747955,-0.021796321496367455,-0.016900882124900818,0.10214575380086899,0.09079153090715408,0.08949393779039383,0.023423144593834877,0.01888068951666355,0.020636720582842827,0.08821166306734085,0.08929796516895294,0.07998937368392944,0.03853003680706024,0.04555581882596016,0.04341992363333702,0.9996939897537231,0.9114179611206055,0.8803726434707642,-0.061537712812423706,-0.07679692655801773,-0.07328590005636215,0.06164071336388588,0.054334934800863266,0.0573735311627388,-0.12541256844997406,-0.0982566699385643,-0.08094119280576706,0.08730897307395935,0.07292082905769348,0.06820964068174362,-0.028324149549007416,-0.005739271640777588,-0.019867828115820885,0.07170387357473373,0.0807725340127945,0.07457853108644485,-0.05817333236336708,-0.050164513289928436,-0.05070042982697487,0.04586362838745117,0.03724820539355278,0.04039894789457321,0.06383644789457321,0.06109795346856117,0.06205784156918526,0.005529073532670736,0.022351734340190887,0.01405382715165615,-0.08286382257938385,-0.08474182337522507,-0.07833921164274216,0.48416057229042053,0.43771523237228394,0.4351257085800171,-0.0008685977663844824,-0.011912156827747822,-0.006795479450374842,0.007275237701833248,0.005611661821603775,0.0057687908411026,0.005764134228229523,0.010166850872337818,0.009577550925314426,0.1032116487622261,0.09017240256071091,0.08775337040424347,-0.006482719909399748,-0.008260012604296207,-0.007939103990793228,0.01547141745686531,0.01225978508591652,0.012944004498422146,-0.009228436276316643,-0.005251761060208082,-0.0031972727738320827,0.015515743754804134,0.013011655770242214,0.011323903687298298,-0.0003148356336168945,0.004639726597815752,0.0034992073196917772,-0.0008984117885120213,0.0005980427959002554,0.00014834690955467522,-0.0024546897038817406,0.00223471038043499,0.0016227473970502615,0.0036507423501461744,0.002000478794798255,0.001698161824606359,0.005487686023116112,0.005991219077259302,0.005233414005488157,0.01121501624584198,0.012537235394120216,0.010265081189572811,-0.0048334538005292416,-0.0072677116841077805,-0.005683169234544039,0.04827236384153366,0.04199107363820076,0.043625347316265106,0.0003862018929794431,0.00039097366970963776,0.0008553809020668268,
0.026868216693401337,0.02068718895316124,0.022189583629369736,0.0018920177826657891,0.0039030988700687885,-0.0015680865617468953,0.001911767409183085,0.00312088243663311,0.004887325223535299,0.00680525740608573,0.0056425114162266254,0.0068506887182593346,0.02614191360771656,0.02322179451584816,0.024454355239868164,-0.02504006400704384,-0.020997118204832077,-0.02317420206964016,0.0005359484348446131,-0.002541377441957593,-0.0029114396311342716,0.010240630246698856,0.010376537218689919,0.010819194838404655,-0.030442148447036743,-0.03097197599709034,-0.03134344145655632,0.03382313624024391,0.03310125693678856,0.034955643117427826,-0.005202625412493944,-0.004315698519349098,-0.005511829163879156,0.049668118357658386,0.047378186136484146,0.04714147374033928,-0.018003208562731743,-0.020725637674331665,-0.019425272941589355,0.09267082810401917,0.10036610811948776,0.09392335265874863,0.017759885638952255,0.02187173254787922,0.019237983971834183,0.09429144859313965,0.09143878519535065,0.08666301518678665,0.03777773678302765,0.04320966824889183,0.04275026172399521,0.9114179611206055,0.9997032284736633,0.9363365173339844,-0.07872119545936584,-0.06997893750667572,-0.07700899988412857,0.053961899131536484,0.06257910281419754,0.06104537099599838,-0.09614817798137665,-0.12077988684177399,-0.10142248123884201,0.07308884710073471,0.08739892393350601,0.07820770144462585,-0.0053369998931884766,-0.025926051661372185,-0.013702630996704102,0.08189035207033157,0.07643149793148041,0.07570833712816238,-0.05331491306424141,-0.05557241663336754,-0.05369789898395538,0.037308044731616974,0.051889751106500626,0.046679090708494186,0.058960508555173874,0.06498365104198456,0.06050051748752594,0.02574857510626316,0.010911110788583755,0.020620865747332573,-0.07909690588712692,-0.08313101530075073,-0.08290336281061172,0.43360963463783264,0.4831616282463074,0.45433470606803894,-0.013964101672172546,-0.007981041446328163,-0.011174006387591362,0.006774257402867079,0.007218499202281237,0.006934538949280977,0.006956819444894791,0.008713006973266602,0.008632775396108627,0.09420522302389145,0.1013009250164032,0.09468844532966614,-0.008475160226225853,-0.006006625015288591,-0.006663263775408268,0.012425530701875687,0.012305823154747486,0.012349615804851055,-0.007968434132635593,-0.009265721775591373,-0.007028621155768633,0.014553414657711983,0.016015931963920593,0.01289067231118679,0.002290706615895033,0.0019001327455043793,0.0023896798957139254,-0.0009731687605381012,-0.001533180009573698,-0.0003883988247253001,0.00026876889751292765,0.0011275546858087182,0.0007333729299716651,0.0005581577424891293,0.0015874105738475919,0.00113191781565547,0.005099855829030275,0.004471225198358297,0.00453971466049552,0.012186297215521336,0.012885543517768383,0.010733267292380333,-0.006265372969210148,-0.006849510129541159,-0.005375509150326252,0.04258869215846062,0.04641813039779663,0.04582879692316055,-0.000669143395498395,0.0013365865452215075,0.0008812173036858439,
0.02848295494914055,0.02542206272482872,0.025934554636478424,0.002133105881512165,0.0009211316937580705,0.0013649719767272472,0.007878444157540798,0.005100249778479338,0.006587191950529814,0.009039495140314102,0.007051199208945036,0.008763374760746956,0.029709208756685257,0.02680710330605507,0.023082997649908066,-0.0219909455627203,-0.019148176535964012,-0.01949402131140232,-0.0044099632650613785,-0.0056406487710773945,-0.005583591293543577,0.009003886952996254,0.011962312273681164,0.011079823598265648,-0.027681803330779076,-0.02655325084924698,-0.02950817160308361,0.035328224301338196,0.0333305262029171,0.03464336693286896,-0.005321119446307421,-0.002674743067473173,-0.003913947381079197,0.04346708208322525,0.04354808107018471,0.04432198777794838,-0.015994617715477943,-0.01956777647137642,-0.020238487049937248,0.0985879898071289,0.10084470361471176,0.10303506255149841,0.018431132659316063,0.01897769793868065,0.01849346235394478,0.08478289097547531,0.08740348368883133,0.0916268602013588,0.04194530099630356,0.0486956387758255,0.04850813001394272,0.8803726434707642,0.9363365173339844,0.9996969699859619,-0.07107103615999222,-0.07344399392604828,-0.07077278196811676,0.0560295544564724,0.061259232461452484,0.06098148971796036,-0.07792987674474716,-0.09983150660991669,-0.11446365714073181,0.07186996191740036,0.08362459391355515,0.08797156810760498,-0.02388671413064003,-0.015993282198905945,-0.01655772514641285,0.07328604906797409,0.0735628753900528,0.0715588852763176,-0.04721790552139282,-0.045261871069669724,-0.049372389912605286,0.03796536475419998,0.043928876519203186,0.04590192809700966,0.06216653436422348,0.06389562785625458,0.06741400808095932,0.013037658296525478,0.019294029101729393,0.016412800177931786,-0.07111059129238129,-0.07764654606580734,-0.08385556191205978,0.43422195315361023,0.45560720562934875,0.4826265275478363,-0.010916712693870068,-0.013288048096001148,-0.01348049845546484,0.004645971115678549,0.006834860425442457,0.009156661108136177,0.008249033242464066,0.009272390976548195,0.008556060492992401,0.09119352698326111,0.09541663527488708,0.10196424275636673,-0.007018411532044411,-0.00699305534362793,-0.0054977163672447205,0.012531581334769726,0.012821413576602936,0.01214723102748394,-0.006714829243719578,-0.009052375331521034,-0.010251604951918125,0.014118370600044727,0.015387198887765408,0.01561962440609932,-0.0003495713754091412,0.0017303602071478963,0.0016457667807117105,-0.003462007036432624,-0.0018224912928417325,-0.0014014729531481862,0.00139660167042166,0.0022095285821706057,0.0012073868419975042,0.0006218859343789518,0.0012419692939147353,0.002293327823281288,0.0056668780744075775,0.005137920379638672,0.004347571171820164,0.011071310378611088,0.013052679598331451,0.01227665040642023,-0.005036518909037113,-0.0058268397115170956,-0.004506047815084457,0.04298153892159462,0.04345661774277687,0.047236595302820206,-9.545324428472668e-05,0.0006847759941592813,0.0011725298827514052,
-0.030629314482212067,-0.015476732514798641,-0.019507238641381264,0.014820192009210587,0.014072529971599579,0.014000024646520615,0.015598121099174023,0.010505015961825848,0.017674339935183525,0.015254278667271137,0.011798204854130745,0.011201029643416405,0.000415204995078966,0.0012553486740216613,-0.0015819830587133765,0.046634722501039505,0.04048242047429085,0.04099150374531746,-0.00813077948987484,-0.0019610445015132427,-0.008464070037007332,-0.0293602142482996,-0.018409768119454384,-0.021554147824645042,0.042213454842567444,0.036440152674913406,0.03864102438092232,-0.019506137818098068,-0.020300230011343956,-0.015639733523130417,0.0023545175790786743,0.006282569840550423,0.003974186256527901,-0.011810548603534698,-0.0019961067009717226,-0.006967076100409031,0.051771607249975204,0.051771387457847595,0.046163078397512436,0.003529330249875784,-0.010825000703334808,-0.0032391424756497145,0.11469374597072601,0.09482134133577347,0.1021738350391388,-0.0004946388071402907,0.01843717321753502,0.001773205935023725,0.10760847479104996,0.0910634696483612,0.09457247704267502,-0.061537712812423706,-0.07872119545936584,-0.07107103615999222,0.9997032284736633,0.899851381778717,0.8793725967407227,-0.15342780947685242,-0.12495958805084229,-0.10913015902042389,0.04040694609284401,0.046538252383470535,0.03872489184141159,0.01947748474776745,-0.0184408538043499,-0.008553985506296158,0.14842894673347473,0.15983939170837402,0.13945631682872772,-0.0015900152502581477,0.030107008293271065,0.010052472352981567,0.09753569960594177,0.07888901233673096,0.08363545686006546,0.015318716876208782,0.0130416015163064,0.01979047805070877,0.1245538592338562,0.12515157461166382,0.1193997710943222,-0.04487723112106323,-0.02658171020448208,-0.03300165757536888,0.2562732994556427,0.2544676661491394,0.2333257645368576,0.022542374208569527,-0.010274355299770832,-0.0014226405182853341,0.38373899459838867,0.3205486238002777,0.3288895785808563,0.0036561444867402315,0.00453050946816802,0.004070137161761522,0.01567528210580349,0.014178957790136337,0.01446633879095316,-0.010171202942728996,-0.015985986217856407,-0.013181866146624088,0.10933245718479156,0.09668737649917603,0.09422679245471954,-0.021439043805003166,-0.022165684029459953,-0.018782073631882668,0.010507290251553059,0.01662677712738514,0.014186215586960316,-0.01354589406400919,-0.019173331558704376,-0.01632164791226387,0.02168320305645466,0.025553693994879723,0.02156032994389534,0.008348312228918076,0.012720094062387943,0.009387223981320858,0.012280755676329136,0.011162499897181988,0.012476164847612381,-0.011560557410120964,-0.01638180948793888,-0.012466058135032654,0.02711772359907627,0.027107739821076393,0.026135262101888657,-0.01181997824460268,-0.003744648303836584,-0.004553504288196564,0.02252000942826271,0.02460160292685032,0.021660801023244858,0.0071226987056434155,-0.0021256147883832455,-0.00040384684689342976,0.04446881636977196,0.0368707999587059,0.039053600281476974,
-0.01801646128296852,-0.012120782397687435,-0.012728453613817692,0.004415108822286129,0.012183337472379208,0.010757890529930592,-0.004849093034863472,0.005831124261021614,0.007858182303607464,0.023193150758743286,0.016794303432106972,0.015908395871520042,-0.0037164718378335238,-0.006867084186524153,-0.0064676436595618725,0.03573658689856529,0.040272168815135956,0.03560922294855118,-0.0038415503222495317,-0.007937587797641754,-0.008907051756978035,-0.01749485731124878,-0.02107223868370056,-0.019478917121887207,0.031455669552087784,0.035566285252571106,0.033748965710401535,-0.01777074672281742,-0.014503547921776772,-0.01227188017219305,0.0038059144280850887,0.005015181843191385,0.0032378765754401684,-0.00180180708412081,-0.002706859027966857,-0.005049208179116249,0.05387332662940025,0.05498231202363968,0.05051114410161972,-0.006046129856258631,-0.0017886989517137408,-0.0032841276843100786,0.09787794202566147,0.10480590164661407,0.10270202904939651,0.013421688228845596,0.00343187409453094,0.008325622417032719,0.08426189422607422,0.10035306960344315,0.0927068442106247,-0.07679692655801773,-0.06997893750667572,-0.07344399392604828,0.899851381778717,0.9996857047080994,0.9392094016075134,-0.13181281089782715,-0.15570731461048126,-0.1402139514684677,0.04357203096151352,0.04635308310389519,0.04419727250933647,-0.01600637286901474,0.001187880989164114,-0.007219912018626928,0.161307692527771,0.16362889111042023,0.15577563643455505,0.02425261400640011,0.010268890298902988,0.016173958778381348,0.07237895578145981,0.08984624594449997,0.08173859119415283,0.01607336290180683,0.018777815625071526,0.02082938700914383,0.12586893141269684,0.12388843297958374,0.12246300280094147,-0.027768727391958237,-0.038067758083343506,-0.034695375710725784,0.24784836173057556,0.2637418806552887,0.2511833608150482,-0.00510088074952364,0.00545782595872879,-0.002083199331536889,0.3230927288532257,0.35654518008232117,0.338262677192688,0.00453219236806035,0.004669273272156715,0.0028621379751712084,0.012232745066285133,0.013813546858727932,0.01377734262496233,-0.012231552973389626,-0.012333291582763195,-0.012341952882707119,0.09923279285430908,0.11045511066913605,0.10214123129844666,-0.02232421189546585,-0.025822924450039864,-0.023103557527065277,0.012776386924088001,0.013855851255357265,0.013943315483629704,-0.02007087878882885,-0.017585458233952522,-0.017507445067167282,0.022755680605769157,0.02606336399912834,0.02369001880288124,0.01368460338562727,0.012715455144643784,0.010169889777898788,0.008435583673417568,0.010517914779484272,0.01121638622134924,-0.013190371915698051,-0.013168737292289734,-0.012724906206130981,0.02745634876191616,0.026990186423063278,0.027128614485263824,-0.007700459100306034,-0.00693240761756897,-0.004490912891924381,0.02222648449242115,0.024738524109125137,0.022540660575032234,0.0026381819043308496,0.0028445690404623747,0.0009211376891471446,0.038872890174388885,0.041496749967336655,0.041316013783216476,
-0.024965859949588776,-0.01627286896109581,-0.01815195381641388,0.009127304889261723,0.013749324716627598,0.01182069256901741,0.00042692795977927744,0.004394932184368372,0.014353442005813122,0.02544020116329193,0.019307905808091164,0.013943665660917759,-0.003642214462161064,-0.005292859394103289,-0.0062942225486040115,0.03929004818201065,0.03805683180689812,0.03645790368318558,-0.007965127006173134,-0.005497491918504238,-0.005845028441399336,-0.02535986714065075,-0.02149670384824276,-0.021312763914465904,0.03533416613936424,0.035884756594896317,0.0360790491104126,-0.014122278429567814,-0.014541063457727432,-0.014340631663799286,0.0034674257040023804,0.006186087150126696,0.005287237465381622,-0.006976025644689798,-0.0019330412615090609,-0.006028750911355019,0.04926343262195587,0.0531918928027153,0.05271928757429123,0.0004212743660900742,-0.004241946619004011,-0.0014752123970538378,0.10131092369556427,0.1000019982457161,0.10458716005086899,-0.0016195839270949364,0.011569672264158726,0.012716162018477917,0.09131555259227753,0.09500682353973389,0.09716863185167313,-0.07328590005636215,-0.07700899988412857,-0.07077278196811676,0.8793725967407227,0.9392094016075134,0.9996980428695679,-0.11036445200443268,-0.13581150770187378,-0.1556733399629593,0.04346878454089165,0.04986998811364174,0.04291696101427078,-0.0059625133872032166,-0.009329326450824738,-0.002471838379278779,0.14162474870681763,0.15759485960006714,0.16225530207157135,0.002377439523115754,0.017699943855404854,0.019305013120174408,0.08100644499063492,0.08555510640144348,0.08798983693122864,0.026540718972682953,0.02198825590312481,0.022250235080718994,0.12087257206439972,0.12355084717273712,0.12898766994476318,-0.0382675901055336,-0.03634485974907875,-0.03822674602270126,0.23077937960624695,0.2569369673728943,0.2667674422264099,0.006177152972668409,-0.0004336884303484112,0.0042524319142103195,0.32825809717178345,0.33415651321411133,0.3611242175102234,0.0030608088709414005,0.0038695805706083775,0.0022683448623865843,0.012751114554703236,0.013779080472886562,0.01431548222899437,-0.010568737052381039,-0.013598448596894741,-0.011527230963110924,0.0964328795671463,0.10203111171722412,0.10811549425125122,-0.018679402768611908,-0.024735381826758385,-0.026956038549542427,0.01139420922845602,0.015309394337236881,0.013076339848339558,-0.016327522695064545,-0.01739610731601715,-0.016627183184027672,0.016235187649726868,0.022900599986314774,0.02334725856781006,0.008821644820272923,0.011605167761445045,0.009339271113276482,0.0097441291436553,0.01114748790860176,0.01232252735644579,-0.008709023706614971,-0.013162482529878616,-0.012634024024009705,0.02503935806453228,0.025825055316090584,0.027206767350435257,-0.01023941021412611,-0.005308086518198252,-0.005102438386529684,0.020148474723100662,0.023629330098628998,0.02430715411901474,0.0052919406443834305,0.0004952948656864464,0.0017884208355098963,0.039576221257448196,0.03949790075421333,0.042423851788043976,
0.0318942666053772,0.03009236790239811,0.02610529214143753,-0.020070359110832214,-0.024972526356577873,-0.02614167518913746,0.03974063694477081,0.034577131271362305,0.034092940390110016,0.1252780258655548,0.10908070206642151,0.11020908504724503,-0.027550682425498962,-0.029935456812381744,-0.024457670748233795,-0.013039367273449898,-0.012441855855286121,-0.010768044739961624,-0.009900842793285847,-0.005319596733897924,-0.0070121558383107185,0.02575501799583435,0.027270887047052383,0.02671957015991211,-0.016852255910634995,-0.004415830131620169,-0.013059678487479687,0.03619518503546715,0.03485134616494179,0.02620682306587696,0.015444505028426647,0.015624502673745155,0.01541887316852808,-0.043104566633701324,-0.035208526998758316,-0.03488432988524437,0.0489518828690052,0.040227849036455154,0.04162361100316048,0.02469552680850029,0.016973361372947693,0.01823696680366993,-0.0007549761794507504,0.00025216228095814586,-0.0014240795280784369,0.05147354304790497,0.05070895701646805,0.050353214144706726,-0.04415561631321907,-0.022478586062788963,-0.035874143242836,0.06164071336388588,0.053961899131536484,0.0560295544564724,-0.15342780947685242,-0.13181281089782715,-0.11036445200443268,0.9997056722640991,0.9060846567153931,0.8802387118339539,-0.16740456223487854,-0.17231474816799164,-0.16224165260791779,0.04103166237473488,0.040393222123384476,0.036948900669813156,-0.019806528463959694,-0.008258206769824028,-0.011452440172433853,0.052849236875772476,0.052849821746349335,0.05114240571856499,-0.052434198558330536,-0.025106588378548622,-0.04039760306477547,0.1840793490409851,0.1873861700296402,0.1687806248664856,-0.03989671170711517,-0.05601368099451065,-0.0517103485763073,-0.12446536123752594,-0.1156475618481636,-0.11938383430242538,0.1310831606388092,0.1199200451374054,0.1276625096797943,0.08958827704191208,0.07799255847930908,0.0817110687494278,-0.011134960688650608,-0.0016631187172606587,-0.0024007379543036222,0.010832536034286022,0.010341564193367958,0.011226700618863106,-0.003384827170521021,0.002696578623726964,0.0001958880602614954,0.0331600084900856,0.029764657840132713,0.029772717505693436,-0.02821984514594078,-0.025666484609246254,-0.022465558722615242,0.137595996260643,0.12145689129829407,0.11806118488311768,-0.032080214470624924,-0.03201043978333473,-0.02971564419567585,0.005763588007539511,0.007740122731775045,0.006434905342757702,-0.020660461857914925,-0.015567985363304615,-0.013948742300271988,0.0034822917077690363,0.0034540125634521246,0.0054885926656425,-0.001978708431124687,0.005219979211688042,0.002232795348390937,0.041652143001556396,0.04075576364994049,0.03808017075061798,-0.023617010563611984,-0.02336442470550537,-0.022574756294488907,-0.03103933297097683,-0.028010938316583633,-0.02907583862543106,0.028382720425724983,0.0253598690032959,0.026082035154104233,0.036077287048101425,0.03147149085998535,0.03216135501861572,-0.0028771127108484507,-0.0028016173746436834,-0.003470025025308132,
0.0333234965801239,0.03182074800133705,0.026871640235185623,-0.027014777064323425,-0.03248044475913048,-0.03209574893116951,0.03539656475186348,0.03020951896905899,0.029581375420093536,0.1108456552028656,0.12471823394298553,0.11733457446098328,-0.030176909640431404,-0.031844913959503174,-0.03036845102906227,-0.01884111389517784,-0.014068703167140484,-0.011647006496787071,-0.006558865308761597,-0.004209579899907112,-0.004382919054478407,0.02726038731634617,0.02768683433532715,0.02739686891436577,-0.003980036824941635,-0.008486906997859478,-0.00737720774486661,0.03247316554188728,0.03335823863744736,0.025302564725279808,0.017841458320617676,0.01899019442498684,0.01718623749911785,-0.04043501615524292,-0.03978009521961212,-0.03728523850440979,0.05017916485667229,0.044125691056251526,0.045325495302677155,0.019524862989783287,0.02416548877954483,0.021941548213362694,-0.003413229715079069,0.0016808162909001112,-0.0002993157540913671,0.04860607907176018,0.05667974427342415,0.05182002857327461,-0.021765852347016335,-0.036057960242033005,-0.024272052571177483,0.054334934800863266,0.06257910281419754,0.061259232461452484,-0.12495958805084229,-0.15570731461048126,-0.13581150770187378,0.9060846567153931,0.9996986985206604,0.9387497901916504,-0.16693411767482758,-0.16741663217544556,-0.16712334752082825,0.04469158500432968,0.03986869379878044,0.03868883475661278,-0.0022336021065711975,-0.009617029689252377,-0.006788212340325117,0.0488516241312027,0.060539375990629196,0.05632470175623894,-0.027941979467868805,-0.04717452824115753,-0.03598745912313461,0.17758437991142273,0.18607671558856964,0.17340902984142303,-0.0462898388504982,-0.03940146416425705,-0.04087645560503006,-0.10970500111579895,-0.1204216331243515,-0.11676673591136932,0.12649859488010406,0.12964242696762085,0.12851357460021973,0.07358338683843613,0.09201548993587494,0.08754464983940125,0.00037741594132967293,0.006811915896832943,0.007152549922466278,0.010346000082790852,0.010849691927433014,0.011578411795198917,0.0018748348811641335,-0.0005253209383226931,-0.0002952768700197339,0.031119154766201973,0.03160617873072624,0.03182784840464592,-0.026159968227148056,-0.03026502951979637,-0.02576853707432747,0.12443709373474121,0.1369546502828598,0.12670038640499115,-0.0296921506524086,-0.02908874861896038,-0.028951231390237808,0.008158143609762192,0.00786823034286499,0.007707212120294571,-0.016783958300948143,-0.01791699230670929,-0.01493915542960167,0.0032894110772758722,0.0038656110409647226,0.005827496759593487,0.0049185664393007755,0.001541388570331037,0.0019757498521357775,0.03944573551416397,0.0415663979947567,0.03976305574178696,-0.023691872134804726,-0.024014940485358238,-0.023462988436222076,-0.027218660339713097,-0.03075595200061798,-0.030851850286126137,0.02673947997391224,0.02888951264321804,0.02757577784359455,0.03251795843243599,0.03472787141799927,0.03501679375767708,-0.002464513061568141,-0.001826707273721695,-0.0021878189872950315,
0.033576905727386475,0.03158194571733475,0.028083395212888718,-0.027524931356310844,-0.034139133989810944,-0.03329542651772499,0.03918517380952835,0.033863261342048645,0.02914866805076599,0.11073877662420273,0.11492513120174408,0.12646768987178802,-0.025882968679070473,-0.029106732457876205,-0.025414327159523964,-0.01731094717979431,-0.010942669585347176,-0.008674558252096176,-0.00735502177849412,-0.005971122533082962,-0.00786925945430994,0.02734237350523472,0.027103682979941368,0.027721073478460312,-0.011928276158869267,-0.0061347405426204205,-0.009596774354577065,0.030749134719371796,0.035075195133686066,0.027619890868663788,0.01466312911361456,0.016604553908109665,0.016305258497595787,-0.04165858402848244,-0.03855375573039055,-0.04093968868255615,0.04620944336056709,0.04013087600469589,0.04341007024049759,0.019922442734241486,0.022424960508942604,0.02342982031404972,-0.004159807693213224,0.002185793360695243,0.003050450934097171,0.053181447088718414,0.0561322420835495,0.053881365805864334,-0.039596330374479294,-0.0261260736733675,-0.024301007390022278,0.0573735311627388,0.06104537099599838,0.06098148971796036,-0.10913015902042389,-0.1402139514684677,-0.1556733399629593,0.8802387118339539,0.9387497901916504,0.999696671962738,-0.15623246133327484,-0.16886314749717712,-0.16523149609565735,0.042082786560058594,0.04021889343857765,0.04568101465702057,-0.0009650461142882705,-0.00473632849752903,-0.011881907470524311,0.051118552684783936,0.05985110253095627,0.05845818668603897,-0.04686683416366577,-0.03648543357849121,-0.037640564143657684,0.16528907418251038,0.1817905753850937,0.18084941804409027,-0.04682737588882446,-0.0458967387676239,-0.038148004561662674,-0.11112116277217865,-0.11474555730819702,-0.12063317745923996,0.1290440559387207,0.12288341671228409,0.12958572804927826,0.07458179444074631,0.08406760543584824,0.09027886390686035,-0.002754863351583481,0.005515687167644501,0.005074189510196447,0.009839396923780441,0.01123327761888504,0.013010486960411072,-0.0002660749014467001,0.0006248574354685843,-0.0018276746850460768,0.030460312962532043,0.030934464186429977,0.03205164521932602,-0.023494169116020203,-0.027839956805109978,-0.03001566417515278,0.11997786164283752,0.12704063951969147,0.13458393514156342,-0.027512818574905396,-0.029238451272249222,-0.029323091730475426,0.007154929451644421,0.007471818942576647,0.007649501319974661,-0.015437144786119461,-0.015430609695613384,-0.015283350832760334,0.0038253669627010822,0.005032005254179239,0.006766955833882093,0.0011631394736468792,0.002693502465263009,0.0002255311410408467,0.03504234552383423,0.039380867034196854,0.04126648232340813,-0.022307541221380234,-0.023437105119228363,-0.024869076907634735,-0.025941060855984688,-0.028595617040991783,-0.031403154134750366,0.027210762724280357,0.027135884389281273,0.027929531410336494,0.032244354486465454,0.0335613377392292,0.03621203824877739,-0.00211220420897007,-0.0024049526546150446,-0.0024197562597692013,
0.006802891846746206,0.005852114409208298,0.0066375271417200565,0.03970491141080856,0.0413508377969265,0.0405573695898056,0.0014277813024818897,-0.0002255674626212567,-0.00382044306024909,-0.023940259590744972,-0.02881471812725067,-0.022714752703905106,0.132193922996521,0.10972894728183746,0.10920947045087814,-0.01761338859796524,-0.012280321680009365,-0.012679887004196644,0.02341971918940544,0.01841443032026291,0.019292796030640602,-0.01576218195259571,-0.018948104232549667,-0.01743367686867714,0.017654240131378174,0.024133646860718727,0.016945580020546913,-0.023504961282014847,-0.005532261449843645,-0.017373407259583473,-0.02040261961519718,-0.02100098319351673,-0.019040750339627266,-0.0021826608572155237,-0.0037457291036844254,-0.0007431571721099317,0.002907881047576666,-0.001924631535075605,0.00015958689618855715,0.03185875341296196,0.033859286457300186,0.029184194281697273,-0.014482471160590649,-0.013417030684649944,-0.014707322232425213,0.03634851798415184,0.039894867688417435,0.042238686233758926,0.07591620087623596,0.08529075235128403,0.07662586122751236,-0.12541256844997406,-0.09614817798137665,-0.07792987674474716,0.04040694609284401,0.04357203096151352,0.04346878454089165,-0.16740456223487854,-0.16693411767482758,-0.15623246133327484,0.9996939897537231,0.9013522863388062,0.8769460916519165,0.09023861587047577,0.09744083136320114,0.096283920109272,0.10109151899814606,0.08939625322818756,0.08858750015497208,-0.12919208407402039,-0.12596379220485687,-0.11993615329265594,0.11126068979501724,0.1212029680609703,0.10860590636730194,-0.07723439484834671,-0.049949076026678085,-0.07027020305395126,0.02990550547838211,0.02824869379401207,0.03152003511786461,0.07347431033849716,0.06707806140184402,0.06870834529399872,0.023386331275105476,0.016098903492093086,0.01659327931702137,0.04310645908117294,0.04688948020339012,0.04773654788732529,0.021741703152656555,0.021251890808343887,0.02093350887298584,-0.012845933437347412,-0.01018826849758625,-0.009443751536309719,0.020822441205382347,0.019238857552409172,0.016948362812399864,-0.0210257638245821,-0.018263185396790504,-0.015705963596701622,0.0270669087767601,0.0242498517036438,0.023938637226819992,-0.03231238201260567,-0.03005230985581875,-0.028062375262379646,0.13955995440483093,0.12296842038631439,0.11895504593849182,0.009577869437634945,0.00892708171159029,0.009098635986447334,0.019883079454302788,0.0194274690002203,0.017737405374646187,-0.02195672318339348,-0.018957192078232765,-0.018204735592007637,0.021782655268907547,0.022199301049113274,0.019569389522075653,-0.015271898359060287,-0.010140225291252136,-0.01196490228176117,0.016092998906970024,0.013125026598572731,0.01282492931932211,0.027161629870533943,0.026552485302090645,0.02561267837882042,0.026791652664542198,0.02452930621802807,0.022456586360931396,0.0020865928381681442,-0.0006394909578375518,-0.00065242825075984,0.013831735588610172,0.010773763060569763,0.01066083088517189,
0.005078629590570927,0.0071523492224514484,0.006717975717037916,0.03841235488653183,0.0374930202960968,0.03767893463373184,0.007904279977083206,0.0033187095541507006,0.002177654532715678,-0.03172123059630394,-0.02983004041016102,-0.029650891199707985,0.10514577478170395,0.12543359398841858,0.11560060828924179,-0.003334080334752798,-0.009177712723612785,-0.0076613412238657475,0.020785905420780182,0.0195110235363245,0.020703693851828575,-0.020545490086078644,-0.01660606637597084,-0.016861816868185997,0.027123039588332176,0.02355095185339451,0.023454289883375168,-0.005389047786593437,-0.01671745441854,-0.013408315367996693,-0.019712377339601517,-0.018834033980965614,-0.017988743260502815,0.000499600195325911,0.0023101584520190954,0.005549313500523567,-0.004661261104047298,0.005039534997195005,0.0025798690039664507,0.027606189250946045,0.032264769077301025,0.028827469795942307,-0.009698898531496525,-0.012589886784553528,-0.011140012182295322,0.036344774067401886,0.04367886111140251,0.0428706519305706,0.08692708611488342,0.07815878838300705,0.07610702514648438,-0.0982566699385643,-0.12077988684177399,-0.09983150660991669,0.046538252383470535,0.04635308310389519,0.04986998811364174,-0.17231474816799164,-0.16741663217544556,-0.16886314749717712,0.9013522863388062,0.9996878504753113,0.9336733818054199,0.09971363842487335,0.09776896983385086,0.09668568521738052,0.09606406837701797,0.11030331254005432,0.10338843613862991,-0.12829969823360443,-0.12755215167999268,-0.12445526570081711,0.12219225615262985,0.11568645387887955,0.11285312473773956,-0.04339544475078583,-0.0762081891298294,-0.0606694221496582,0.028632858768105507,0.02937449887394905,0.030242210254073143,0.06883589178323746,0.08241470903158188,0.07937011122703552,0.009324293583631516,0.024018559604883194,0.017879744991660118,0.045155033469200134,0.04318936914205551,0.04641982913017273,0.027687514200806618,0.027790645137429237,0.03002406843006611,-0.00872080773115158,-0.011282377876341343,-0.009155411273241043,0.017934441566467285,0.020070480182766914,0.0171598382294178,-0.01865544356405735,-0.021373694762587547,-0.01810840703547001,0.023196877911686897,0.025106554850935936,0.0240113977342844,-0.02993023954331875,-0.030120177194476128,-0.027750499546527863,0.12366071343421936,0.13898447155952454,0.1275981366634369,0.010047280229628086,0.008966081775724888,0.009910018183290958,0.017662210389971733,0.019715184345841408,0.017952682450413704,-0.018457580357789993,-0.01860423944890499,-0.01774468459188938,0.02010931633412838,0.022985581308603287,0.020528772845864296,-0.0064712511375546455,-0.01623363420367241,-0.012400928884744644,0.013630738481879234,0.015138237737119198,0.013755825348198414,0.023595351725816727,0.02651152014732361,0.02580072730779648,0.02188210003077984,0.02558080479502678,0.022002287209033966,0.0023359465412795544,0.0019437165465205908,0.0010181986726820469,0.010787442326545715,0.013084124773740768,0.012175292707979679,
0.0031388544011861086,0.0037680957466363907,0.004099723417311907,0.04397682473063469,0.043318118900060654,0.0419919416308403,0.006257360335439444,0.003418629989027977,0.002349046990275383,-0.0222861859947443,-0.025920843705534935,-0.02379692532122135,0.10447487980127335,0.11288028210401535,0.125759094953537,-0.006699747871607542,-0.010330962017178535,-0.01180811133235693,0.02193518541753292,0.01897103525698185,0.018795855343341827,-0.018578199669718742,-0.018230078741908073,-0.01690906472504139,0.018088506534695625,0.020770056173205376,0.0178372785449028,-0.009924642741680145,-0.009364567697048187,-0.01484430767595768,-0.019975237548351288,-0.018802236765623093,-0.01960480771958828,0.001425856607966125,0.0046946764923632145,0.009806409478187561,-0.005178435705602169,-0.0009552648407407105,0.0011704443022608757,0.027285538613796234,0.03151066228747368,0.029696015641093254,-0.011597833596169949,-0.010976463556289673,-0.008007531054317951,0.03882945328950882,0.044950783252716064,0.04792196676135063,0.07645126432180405,0.07512352615594864,0.071991465985775,-0.08094119280576706,-0.10142248123884201,-0.11446365714073181,0.03872489184141159,0.04419727250933647,0.04291696101427078,-0.16224165260791779,-0.16712334752082825,-0.16523149609565735,0.8769460916519165,0.9336733818054199,0.9996923208236694,0.09573232382535934,0.09356433153152466,0.09546444565057755,0.09163378179073334,0.09831112623214722,0.10320489853620529,-0.1208161860704422,-0.12140841037034988,-0.12092931568622589,0.10663127899169922,0.10910899937152863,0.106565922498703,-0.06540974229574203,-0.062228888273239136,-0.06877325475215912,0.028871901333332062,0.028758129104971886,0.028968723490834236,0.07182957977056503,0.07808569073677063,0.08177201449871063,0.010584873147308826,0.016807008534669876,0.01762518472969532,0.04218846932053566,0.04561850428581238,0.05056259408593178,0.020106349140405655,0.024446608498692513,0.02840610407292843,-0.008959176018834114,-0.010140306316316128,-0.010206019505858421,0.016086747869849205,0.019676247611641884,0.02018062025308609,-0.017193801701068878,-0.0203082375228405,-0.022043539211153984,0.023209983482956886,0.024887077510356903,0.024807102978229523,-0.028771299868822098,-0.02919001504778862,-0.02819768525660038,0.12032189220190048,0.12855540215969086,0.13647639751434326,0.008435839787125587,0.008165054023265839,0.00902548898011446,0.017293084412813187,0.01918119750916958,0.020004702731966972,-0.017653029412031174,-0.016977772116661072,-0.016763007268309593,0.017515763640403748,0.021731754764914513,0.021891837939620018,-0.010305865667760372,-0.013504743576049805,-0.015222948975861073,0.013053872622549534,0.014569479040801525,0.01598764769732952,0.023469839245080948,0.02578636258840561,0.026746340095996857,0.022930920124053955,0.024437814950942993,0.02429639734327793,0.0025698908139020205,0.001998579129576683,0.0016745569882914424,0.01103975996375084,0.012295715510845184,0.012838686816394329,
0.032929953187704086,0.029650259763002396,0.026616310700774193,0.03656048700213432,0.030785348266363144,0.026873616501688957,0.04439076408743858,0.0316125750541687,0.03094390034675598,-0.009931293316185474,-0.011100112460553646,-0.011111761443316936,-0.014492331072688103,-0.006963350344449282,-0.007881627418100834,0.1126599907875061,0.09711165726184845,0.0942191630601883,0.0014971514465287328,0.0051151760853827,-0.0024378160014748573,-0.004889056086540222,0.004433713853359222,0.006941292434930801,0.031501658260822296,0.023761354386806488,0.021925995126366615,0.005288276355713606,-0.003524261061102152,-0.000642898550722748,-0.004364896100014448,0.004739279858767986,0.009235244244337082,0.0143448356539011,0.02168145962059498,0.01730344071984291,-0.010060970671474934,-0.0028752365615218878,-0.011092699132859707,0.006858075503259897,-0.00334768183529377,0.003828112967312336,-0.006338770035654306,-0.01792728900909424,-0.010043102316558361,0.15303084254264832,0.16347019374370575,0.14760050177574158,0.0968397930264473,0.0838029682636261,0.08845540136098862,0.08730897307395935,0.07308884710073471,0.07186996191740036,0.01947748474776745,-0.01600637286901474,-0.0059625133872032166,0.04103166237473488,0.04469158500432968,0.042082786560058594,0.09023861587047577,0.09971363842487335,0.09573232382535934,0.9996801018714905,0.9048373699188232,0.878886342048645,-0.06363263726234436,-0.047934602946043015,-0.05326622352004051,-0.33024314045906067,-0.28865885734558105,-0.28883710503578186,0.15057604014873505,0.1273607760667801,0.12294487655162811,-0.014563247561454773,-0.020958324894309044,-0.018332015722990036,-0.0949702188372612,-0.0700061023235321,-0.05611671507358551,0.16851139068603516,0.17097508907318115,0.15636290609836578,0.025449004024267197,0.04200759902596474,0.021182343363761902,0.028466563671827316,0.012582185678184032,0.019052838906645775,0.02673451229929924,-0.0029513214249163866,0.013664621859788895,0.004718164447695017,0.0016450171824544668,0.0037061346229165792,0.027912361547350883,0.026038547977805138,0.024532916024327278,0.014916771091520786,0.009033971466124058,0.009280147030949593,-0.01754491589963436,-0.016536444425582886,-0.016814913600683212,0.007616909220814705,0.0027581804897636175,0.0037838511634618044,0.0064552160911262035,0.014179362915456295,0.012025668285787106,0.10969450324773788,0.09457617998123169,0.09262839704751968,-0.0036278176121413708,-0.0002508512989152223,-0.00033004124998115003,-0.05004633590579033,-0.04439307004213333,-0.04172518476843834,0.02953929454088211,0.026710117235779762,0.023676127195358276,0.012333720922470093,0.0038452825974673033,0.00548828300088644,-0.002863915404304862,0.00016474387666676193,0.0009401073912158608,0.02049792930483818,0.02095174230635166,0.01790369302034378,0.010366911999881268,0.015157652087509632,0.011936157941818237,0.0029931196477264166,-0.0005174381076358259,0.0008154713432304561,-0.012976335361599922,-0.011853016912937164,-0.010849300771951675,
0.04119139537215233,0.03195836767554283,0.033456262201070786,0.02845137193799019,0.029437486082315445,0.025303995236754417,0.025500759482383728,0.023087896406650543,0.01753167062997818,-0.007332123350352049,-0.005874237976968288,-0.003952483180910349,-0.01304390374571085,-0.016057927161455154,-0.012140979990363121,0.08986345678567886,0.10268169641494751,0.09251496195793152,0.009900436736643314,0.003990753088146448,-4.820447793463245e-05,0.00628729909658432,0.0024551167152822018,0.009088131599128246,0.02199920080602169,0.026150787249207497,0.02230716682970524,0.0031252598855644464,0.0066147358156740665,0.003223065985366702,0.0030520930886268616,0.004607141483575106,0.01062152162194252,0.019464990124106407,0.020092984661459923,0.01788816601037979,-0.004108614753931761,-0.006136119831353426,-0.008190411143004894,0.00024594986462034285,0.00012838085240218788,0.0043512750416994095,-0.017639823257923126,-0.012359866872429848,-0.01465209573507309,0.15654414892196655,0.16153140366077423,0.15767285227775574,0.08326791971921921,0.09804753214120865,0.09369445592164993,0.07292082905769348,0.08739892393350601,0.08362459391355515,-0.0184408538043499,0.001187880989164114,-0.009329326450824738,0.040393222123384476,0.03986869379878044,0.04021889343857765,0.09744083136320114,0.09776896983385086,0.09356433153152466,0.9048373699188232,0.9996899366378784,0.9372094869613647,-0.052094727754592896,-0.05719197168946266,-0.05618608370423317,-0.293108731508255,-0.3259340822696686,-0.30632537603378296,0.12674292922019958,0.14654769003391266,0.13411489129066467,-0.020000383257865906,-0.013337754644453526,-0.014890418387949467,-0.06784387677907944,-0.08040348440408707,-0.06388735771179199,0.17490528523921967,0.17449039220809937,0.16732384264469147,0.036496080458164215,0.027849318459630013,0.026464208960533142,0.011144944466650486,0.01924772560596466,0.017521405592560768,-0.000530896068084985,0.012831117957830429,0.008238195441663265,0.0017502647824585438,0.0034058289602398872,0.003428056603297591,0.025068219751119614,0.02506684511899948,0.023009102791547775,0.011591784656047821,0.010726092383265495,0.009446127340197563,-0.01738862320780754,-0.017213301733136177,-0.017150064930319786,0.005124436225742102,0.004910773131996393,0.0045537506230175495,0.009002513252198696,0.009686587378382683,0.010186913423240185,0.09744992107152939,0.1058826744556427,0.09820356965065002,-0.0010151495225727558,0.00025213754270225763,0.0007321977172978222,-0.047108232975006104,-0.048685088753700256,-0.04492473229765892,0.0257254708558321,0.02652866020798683,0.022445950657129288,0.005426020361483097,0.007382377050817013,0.004774131346493959,-0.0013815783895552158,-0.002283271634951234,-0.00020981238048989326,0.020844070240855217,0.02223963476717472,0.019686061888933182,0.012434286996722221,0.0144166499376297,0.012746554799377918,-0.00023842122755013406,-0.002068581758067012,-0.001064733718521893,-0.012025474570691586,-0.010989774949848652,-0.009890258312225342,
0.035464808344841,0.028037378564476967,0.03014502115547657,0.03230854496359825,0.033681269735097885,0.028563307598233223,0.025545652955770493,0.018478749319911003,0.01451199036091566,-0.005681275390088558,-0.004637106321752071,-0.002836416009813547,-0.011409951373934746,-0.013869556598365307,-0.013254715129733086,0.08929336071014404,0.09537927806377411,0.1004905104637146,0.010408109985291958,0.0046006375923752785,-0.0017151091014966369,0.0019302680157124996,0.0026336810551583767,0.007479457184672356,0.020555725321173668,0.02399168536067009,0.026515226811170578,0.008157278411090374,0.005763959605246782,0.006020512897521257,0.0025240688119083643,0.005699047353118658,0.006856524385511875,0.013235113583505154,0.019190123304724693,0.019623247906565666,-0.012710874900221825,-0.007165946532040834,-0.009237337857484818,0.0051369452849030495,-6.955482967896387e-05,0.00429244851693511,-0.012076701037585735,-0.013778386637568474,-0.013918868266046047,0.14294174313545227,0.16009820997714996,0.16763927042484283,0.08953523635864258,0.09807373583316803,0.10436921566724777,0.06820964068174362,0.07820770144462585,0.08797156810760498,-0.008553985506296158,-0.007219912018626928,-0.002471838379278779,0.036948900669813156,0.03868883475661278,0.04568101465702057,0.096283920109272,0.09668568521738052,0.09546444565057755,0.878886342048645,0.9372094869613647,0.9996864795684814,-0.05808458849787712,-0.056588973850011826,-0.06322135031223297,-0.29306986927986145,-0.30590036511421204,-0.3199639916419983,0.12532252073287964,0.13969877362251282,0.14733245968818665,-0.02059246599674225,-0.01861370913684368,-0.017564160749316216,-0.05710378289222717,-0.06521856784820557,-0.06816147267818451,0.15783865749835968,0.16447195410728455,0.17278698086738586,0.019007837399840355,0.030321922153234482,0.029008086770772934,0.013666154816746712,0.01445702463388443,0.01677606999874115,0.010372381657361984,0.0041234614327549934,0.005951405968517065,0.0012470497749745846,0.0025828329380601645,0.0046846275217831135,0.0241832435131073,0.024166034534573555,0.024256184697151184,0.009875630959868431,0.009739304892718792,0.012088900431990623,-0.01592186838388443,-0.016116926446557045,-0.01653759554028511,0.004326969385147095,0.004147617146372795,0.005118578672409058,0.007465618662536144,0.010397350415587425,0.008951447904109955,0.09467802941799164,0.09813545644283295,0.10415879637002945,-0.002565426053479314,-0.0001089096040232107,0.0008189569343812764,-0.04662417620420456,-0.04674987867474556,-0.04602556303143501,0.024642784148454666,0.025425875559449196,0.02484823763370514,0.007954072207212448,0.006668947637081146,0.006607226096093655,-0.0019321008585393429,-0.0014406547416001558,-0.0022119726054370403,0.018336985260248184,0.020823944360017776,0.020988304167985916,0.009661935269832611,0.013603848405182362,0.013424829579889774,-0.0003947927034460008,-0.0019242125563323498,0.00018259939679410309,-0.010195781476795673,-0.0104598393663764,-0.010974450036883354,
0.03035491146147251,0.029328424483537674,0.03232080116868019,-0.01573297753930092,-0.011567546054720879,-0.014466322027146816,0.022447869181632996,0.028681395575404167,0.023996183648705482,-0.024494631215929985,-0.019075563177466393,-0.02147240750491619,0.027640022337436676,0.02637520246207714,0.02464136853814125,-0.0071607972495257854,0.002398390555754304,0.0013934781309217215,0.08008867502212524,0.0707603171467781,0.0643119215965271,-0.0031855441629886627,-0.008979027159512043,-0.007347520906478167,0.01664668507874012,0.013514154590666294,0.015273092314600945,0.020727910101413727,0.026566006243228912,0.029191941022872925,-0.015553288161754608,-0.016521546989679337,-0.014912205748260021,0.029598277062177658,0.022197071462869644,0.023067591711878777,0.008613891899585724,0.010475143790245056,0.008992384187877178,-0.026500632986426353,-0.015201651491224766,-0.024489497765898705,0.010908217169344425,0.01473972573876381,0.009228646755218506,-0.05792820453643799,-0.07204143702983856,-0.07051664590835571,0.05907375365495682,0.05251217260956764,0.05300561338663101,-0.028324149549007416,-0.0053369998931884766,-0.02388671413064003,0.14842894673347473,0.161307692527771,0.14162474870681763,-0.019806528463959694,-0.0022336021065711975,-0.0009650461142882705,0.10109151899814606,0.09606406837701797,0.09163378179073334,-0.06363263726234436,-0.052094727754592896,-0.05808458849787712,0.99969482421875,0.9081803560256958,0.8841893672943115,0.008272785693407059,-0.00802680291235447,-0.00265966122969985,0.07495953887701035,0.06546100974082947,0.06790022552013397,-0.053640689700841904,-0.033156923949718475,-0.0142119275406003,-0.03792252019047737,-0.033309951424598694,-0.03734084591269493,0.0718766450881958,0.04701339825987816,0.05631159991025925,0.07791248708963394,0.07746918499469757,0.07169350236654282,-0.041428983211517334,-0.014411741867661476,-0.037695448845624924,0.048370055854320526,0.06127258762717247,0.05315319076180458,-0.001931578735820949,-0.005319066811352968,-0.005756392143666744,0.018771687522530556,0.018617013469338417,0.018307210877537727,-0.005621214862912893,-0.0014319423353299499,-0.0022160985972732306,0.02457791566848755,0.024344950914382935,0.020892858505249023,-0.010602918453514576,-0.006955228745937347,-0.005454882979393005,0.01904139295220375,0.017165137454867363,0.015068061649799347,-0.002220769412815571,-0.0009129117242991924,-0.000745777681004256,0.12073855847120285,0.10560058057308197,0.10170526057481766,0.007471650373190641,0.003854460548609495,0.002814515959471464,0.021789532154798508,0.0203543808311224,0.021563922986388206,-0.00013240533007774502,0.0021238101180642843,0.004951310809701681,0.0034714369103312492,0.003431114833801985,0.0023004296235740185,0.003219590988010168,-0.0008621949818916619,-0.0011076702503487468,0.025071104988455772,0.023424241691827774,0.020896874368190765,-0.003605170175433159,0.001889909035526216,0.0001600081886863336,0.007156507112085819,0.009593435563147068,0.008627071976661682,
0.020779507234692574,0.026855267584323883,0.026163578033447266,-0.007847249507904053,-0.006106311455368996,-0.007975135929882526,0.02749844826757908,0.025904279202222824,0.025945015251636505,-0.020938999950885773,-0.018509265035390854,-0.018930431455373764,0.021981235593557358,0.016228798776865005,0.014711358584463596,-0.002612700453028083,0.0013823010958731174,0.0016760790022090077,0.060933396220207214,0.07447239011526108,0.06236782297492027,-0.009299971163272858,-0.0072019062936306,-0.008900531567633152,0.01751433126628399,0.020210321992635727,0.019983703270554543,0.029723653569817543,0.02989119663834572,0.030023859813809395,-0.013950347900390625,-0.013655371963977814,-0.01214610692113638,0.02284866012632847,0.02591692842543125,0.023859279230237007,0.009585799649357796,0.011033762246370316,0.010816264897584915,-0.011028853245079517,-0.019537238404154778,-0.02184475213289261,0.01871592365205288,0.01354639045894146,0.015071524307131767,-0.07565820217132568,-0.06944766640663147,-0.07203473895788193,0.05821977183222771,0.06027510017156601,0.05618617683649063,-0.005739271640777588,-0.025926051661372185,-0.015993282198905945,0.15983939170837402,0.16362889111042023,0.15759485960006714,-0.008258206769824028,-0.009617029689252377,-0.00473632849752903,0.08939625322818756,0.11030331254005432,0.09831112623214722,-0.047934602946043015,-0.05719197168946266,-0.056588973850011826,0.9081803560256958,0.9996845722198486,0.9401456117630005,-0.01319681853055954,-0.003925501834601164,-0.007960640825331211,0.07168986648321152,0.0776195228099823,0.07344499975442886,-0.030039940029382706,-0.05066202953457832,-0.031571000814437866,-0.0319124236702919,-0.031251076608896255,-0.031030308455228806,0.053090423345565796,0.07799956202507019,0.06738191843032837,0.07394993305206299,0.08277227729558945,0.07841365784406662,-0.0165586918592453,-0.04263371601700783,-0.035131558775901794,0.06610357016324997,0.06084003672003746,0.06357971578836441,-0.003093441715463996,-0.002523567294701934,-0.0036621252074837685,0.01718435436487198,0.01886572875082493,0.018574105575680733,-0.0012954265112057328,-0.0040199426002800465,-0.0025073266588151455,0.023678606376051903,0.02453226037323475,0.022215373814105988,-0.00562022952362895,-0.008054017089307308,-0.0049307807348668575,0.01636485941708088,0.01858142390847206,0.016483593732118607,-0.0006464301841333508,-0.0011041586985811591,0.00026422966038808227,0.1083962544798851,0.11877571046352386,0.10897824913263321,0.005043952260166407,0.006801276933401823,0.004206509795039892,0.01953793689608574,0.022801091894507408,0.02332518994808197,0.002075850497931242,-0.000560683780349791,0.0033230241388082504,0.0028033640701323748,0.002473976230248809,0.0018643044168129563,-0.0008184816688299179,0.0019960133358836174,0.0007552323513664305,0.024001561105251312,0.024993425235152245,0.022978566586971283,0.002391721121966839,-0.00037268950836732984,0.00031081249471753836,0.007888085208833218,0.008581419475376606,0.009373338893055916,
0.02531270869076252,0.028314320370554924,0.029557647183537483,-0.015252919867634773,-0.010335112921893597,-0.011901844292879105,0.023481229320168495,0.02441204898059368,0.02494952827692032,-0.021700074896216393,-0.016053659841418266,-0.01974411867558956,0.021746082231402397,0.017716847360134125,0.014627505093812943,-0.002761293202638626,0.00395050086081028,0.0021915833931416273,0.05408630520105362,0.06230373680591583,0.06645525246858597,-0.004050887655466795,-0.007753012236207724,-0.00928220059722662,0.020177306607365608,0.021322429180145264,0.02331753447651863,0.03430592268705368,0.033355772495269775,0.029706008732318878,-0.012436952441930771,-0.013440713286399841,-0.011238247156143188,0.02364807389676571,0.023486502468585968,0.02143060602247715,0.011291978880763054,0.013885986991226673,0.011819377541542053,-0.013426827266812325,-0.012635668739676476,-0.01632169634103775,0.011998693458735943,0.01430420484393835,0.012577786110341549,-0.07440953701734543,-0.07415930181741714,-0.07333564013242722,0.06018358841538429,0.057459186762571335,0.05825865641236305,-0.019867828115820885,-0.013702630996704102,-0.01655772514641285,0.13945631682872772,0.15577563643455505,0.16225530207157135,-0.011452440172433853,-0.006788212340325117,-0.011881907470524311,0.08858750015497208,0.10338843613862991,0.10320489853620529,-0.05326622352004051,-0.05618608370423317,-0.06322135031223297,0.8841893672943115,0.9401456117630005,0.99969482421875,-0.008649405092000961,-0.00706463260576129,-0.004908058326691389,0.07392656058073044,0.07305052131414413,0.07589825242757797,-0.010587790980935097,-0.03241845965385437,-0.036565639078617096,-0.03756435960531235,-0.03256692364811897,-0.03607863932847977,0.06332620978355408,0.06972867995500565,0.07694841921329498,0.06914199888706207,0.08068163692951202,0.08317024260759354,-0.03384741023182869,-0.030301399528980255,-0.036232560873031616,0.05423051491379738,0.06284145265817642,0.06308712065219879,-0.001292251399718225,-0.0018724482506513596,-0.0019227552693337202,0.01668437570333481,0.01862887665629387,0.018559349700808525,-0.003290375927463174,-0.0027025756426155567,-0.002993321977555752,0.01929905265569687,0.022945621982216835,0.023679405450820923,-0.0049525978974998,-0.006027786061167717,-0.005389603320509195,0.015872064977884293,0.017646875232458115,0.01782047562301159,-0.0017467222642153502,-0.0002048027963610366,-0.0004930563736706972,0.10688988119363785,0.112061507999897,0.1170327290892601,0.006989592686295509,0.006679642479866743,0.006408148445188999,0.02006646618247032,0.022922828793525696,0.023915976285934448,0.0042758360505104065,0.0016827292274683714,0.0022269696928560734,0.0021765553392469883,0.0016885529039427638,0.0020236389245837927,0.0003250185400247574,0.0009679186623543501,0.0012075998820364475,0.021114567294716835,0.022623278200626373,0.023777833208441734,-0.00095777289243415,0.0006977645098231733,6.625824607908726e-05,0.005694650579243898,0.009267738088965416,0.009235477074980736,
0.02280328795313835,0.026369180530309677,0.030515525490045547,0.003124156966805458,0.0012042615562677383,0.002971495734527707,-0.007332386448979378,0.0016859481111168861,0.0003985607763752341,0.020446883514523506,0.01009626779705286,0.012419600039720535,-0.010079160332679749,-0.00606520427390933,-0.0021608490496873856,-0.007827027700841427,-0.006327055860310793,-0.006031432654708624,-0.009187811985611916,-0.012674341909587383,-0.010656545870006084,0.12430074065923691,0.11236584186553955,0.10140515118837357,-0.018669437617063522,-0.007542422506958246,-0.005098473280668259,0.002595841884613037,0.0033590286038815975,-0.0017587636830285192,0.027130180969834328,0.024658838286995888,0.024644307792186737,-0.01027654204517603,-0.01400987058877945,-0.009859283454716206,0.012041076086461544,0.0071869175881147385,0.009632593020796776,0.04106741398572922,0.04311554878950119,0.03314683213829994,-0.006947544869035482,0.0013825262431055307,-0.007442793343216181,0.48392316699028015,0.4358641803264618,0.42784130573272705,-0.0739462822675705,-0.05212271213531494,-0.052204571664333344,0.07170387357473373,0.08189035207033157,0.07328604906797409,-0.0015900152502581477,0.02425261400640011,0.002377439523115754,0.052849236875772476,0.0488516241312027,0.051118552684783936,-0.12919208407402039,-0.12829969823360443,-0.1208161860704422,-0.33024314045906067,-0.293108731508255,-0.29306986927986145,0.008272785693407059,-0.01319681853055954,-0.008649405092000961,0.9996961355209351,0.9024222493171692,0.869840145111084,-0.17145030200481415,-0.13625864684581757,-0.122317835688591,0.01106602419167757,0.016116414219141006,0.00900476798415184,0.10138355195522308,0.09239188581705093,0.08729138225317001,-0.08557596057653427,-0.09858659654855728,-0.09074167907238007,-0.025707311928272247,-0.043684255331754684,-0.04032710939645767,0.1488756388425827,0.16277356445789337,0.14472828805446625,-0.02541828155517578,-0.003063770942389965,-0.028648672625422478,0.035332415252923965,0.0317387655377388,0.03110225684940815,-0.01024024561047554,-0.007924970239400864,-0.00810572225600481,-0.005034612026065588,-0.002541770925745368,-0.00458631943911314,0.013155178166925907,0.017796332016587257,0.013657032512128353,-0.0020188402850180864,0.0010519286151975393,0.0007392211118713021,-0.013753077015280724,-0.014373773708939552,-0.013435832224786282,-0.05130550637841225,-0.04288223758339882,-0.044127460569143295,0.009375430643558502,0.004106534644961357,0.003647567704319954,0.10661338269710541,0.09213397651910782,0.08828412741422653,-0.023514213040471077,-0.018718669191002846,-0.015604822896420956,-0.007215263321995735,-0.0013830806128680706,-0.0015990235842764378,0.016117706894874573,0.01498452853411436,0.012624005787074566,-0.015403489582240582,-0.017505034804344177,-0.015818534418940544,-0.011688459664583206,-0.014107925817370415,-0.013491666875779629,0.017587054520845413,0.021453367546200752,0.018145596608519554,0.0007687750039622188,0.004052119795233011,0.0002603380708023906,
0.016779787838459015,0.026214024052023888,0.028273537755012512,0.012208417057991028,0.0004498005728237331,0.0016215554205700755,0.006797756999731064,0.006491304375231266,0.007421677466481924,0.017028462141752243,0.004435108043253422,0.009098418988287449,-0.007273187395185232,-0.0005859322263859212,0.003023852128535509,0.0024526924826204777,-0.007497599348425865,-0.0017025102861225605,-0.01584882289171219,-0.011425298638641834,-0.012983890250325203,0.10468841344118118,0.1264403611421585,0.11108280718326569,-0.009745492599904537,-0.013325477950274944,-0.00928726140409708,0.005048410501331091,0.002018414670601487,-0.0012317862128838897,0.02328474633395672,0.02864275500178337,0.02800249308347702,-0.018297839909791946,-0.016564292833209038,-0.013095386326313019,0.009210660122334957,0.009672591462731361,0.010117352940142155,0.04565422981977463,0.0396844707429409,0.03631075844168663,0.0034977055620402098,-0.00442089606076479,-0.004159093368798494,0.4420212209224701,0.4771120548248291,0.453358918428421,-0.05362028628587723,-0.054250407963991165,-0.05140174552798271,0.0807725340127945,0.07643149793148041,0.0735628753900528,0.030107008293271065,0.010268890298902988,0.017699943855404854,0.052849821746349335,0.060539375990629196,0.05985110253095627,-0.12596379220485687,-0.12755215167999268,-0.12140841037034988,-0.28865885734558105,-0.3259340822696686,-0.30590036511421204,-0.00802680291235447,-0.003925501834601164,-0.00706463260576129,0.9024222493171692,0.999683141708374,0.9343543648719788,-0.1360652595758438,-0.16017192602157593,-0.14481966197490692,0.015611521899700165,0.01228401716798544,0.007001231890171766,0.09020153433084488,0.10137268155813217,0.0934862494468689,-0.09657567739486694,-0.09891308844089508,-0.099135622382164,-0.038744132965803146,-0.029021073132753372,-0.0353611558675766,0.15748867392539978,0.16244567930698395,0.15596099197864532,-0.0015964754857122898,-0.016778556630015373,-0.011808481067419052,0.031472109258174896,0.03300538286566734,0.03238476440310478,-0.008203784935176373,-0.0071892160922288895,-0.006945380475372076,-0.003655781736597419,-0.006166000850498676,-0.0052053071558475494,0.015884635969996452,0.016950983554124832,0.014743641950190067,-0.00030979662551544607,-0.00016662101552356035,0.0012939536245539784,-0.015377547591924667,-0.010319882072508335,-0.012437756173312664,-0.04291445389389992,-0.048867493867874146,-0.04553663730621338,0.0043749152682721615,0.006888682954013348,0.004982907325029373,0.0930311381816864,0.10381466150283813,0.09521887451410294,-0.02009258233010769,-0.021299678832292557,-0.017049025744199753,-0.0023506092838943005,-0.005823158659040928,-0.0019274245714768767,0.014783304184675217,0.017139635980129242,0.013466911390423775,-0.01662350259721279,-0.016886958852410316,-0.016679618507623672,-0.013285334222018719,-0.012129120528697968,-0.012876690365374088,0.01945793256163597,0.019549287855625153,0.019388597458600998,0.0030739211943000555,0.003448760835453868,0.0016160134691745043,
0.017171232029795647,0.02557579055428505,0.0291958786547184,0.009442148730158806,-0.002737762639299035,-0.0037017553113400936,0.0014222986064851284,0.0031992492731660604,0.001700910972431302,0.019052673131227493,0.008250582963228226,0.012706267647445202,-0.006830229889601469,-0.001342398696579039,0.0023093000054359436,0.000539192755240947,-0.004879206418991089,-0.0016707483446225524,-0.013613699935376644,-0.011031719855964184,-0.011233482509851456,0.10047776997089386,0.11604446917772293,0.11834502220153809,-0.009447730146348476,-0.011743840761482716,-0.016384802758693695,0.0036511076614260674,0.00459643267095089,-0.00168940972071141,0.02297014370560646,0.027401065453886986,0.03005014732480049,-0.014926483854651451,-0.01689922995865345,-0.01325167901813984,0.010380775667726994,0.009262445382773876,0.011618993245065212,0.04026062786579132,0.039728112518787384,0.03600751608610153,-0.004568545613437891,-0.0035475005861371756,-0.004587265197187662,0.4341355264186859,0.4546770751476288,0.4772395193576813,-0.05006473511457443,-0.050715651363134384,-0.05111762508749962,0.07457853108644485,0.07570833712816238,0.0715588852763176,0.010052472352981567,0.016173958778381348,0.019305013120174408,0.05114240571856499,0.05632470175623894,0.05845818668603897,-0.11993615329265594,-0.12445526570081711,-0.12092931568622589,-0.28883710503578186,-0.30632537603378296,-0.3199639916419983,-0.00265966122969985,-0.007960640825331211,-0.004908058326691389,0.869840145111084,0.9343543648719788,0.9996931552886963,-0.11975615471601486,-0.14527712762355804,-0.15818960964679718,0.01176579762250185,0.011648912914097309,0.0051632230170071125,0.08777860552072525,0.09639006853103638,0.10228491574525833,-0.08896665275096893,-0.09940724819898605,-0.1031726822257042,-0.03212260082364082,-0.03012273833155632,-0.02881084382534027,0.14313989877700806,0.1564217358827591,0.1643660068511963,-0.028053905814886093,-0.01638653315603733,-0.010206807404756546,0.030427509918808937,0.03127964586019516,0.03459547832608223,-0.00804218091070652,-0.007346746977418661,-0.008089570328593254,-0.005987770855426788,-0.006124275270849466,-0.00639950530603528,0.012535179033875465,0.016393743455410004,0.014987867325544357,-0.00032798407482914627,0.0007656997186131775,0.0007116241613402963,-0.012602530419826508,-0.010468057356774807,-0.011158240959048271,-0.04433378204703331,-0.04665537178516388,-0.04763155058026314,0.005399149376899004,0.005575660150498152,0.0063206204213202,0.09096959978342056,0.0975215882062912,0.10364200919866562,-0.01839415542781353,-0.02008426934480667,-0.020754177123308182,-0.004157501272857189,-0.0041029485873878,-0.003618583083152771,0.014340583235025406,0.015587585046887398,0.014858383685350418,-0.014145533554255962,-0.01686534285545349,-0.017318757250905037,-0.011866043321788311,-0.012637832202017307,-0.014003220945596695,0.014906533993780613,0.01849324069917202,0.0204861331731081,-0.0008363454835489392,0.0035810249391943216,0.0036230157129466534,
0.0164639875292778,0.014843478798866272,0.01112380251288414,-0.0223560594022274,-0.01866547204554081,-0.02083745412528515,0.039949703961610794,0.03677193075418472,0.03912276774644852,-0.008870822377502918,0.0002272807469125837,-0.007270336616784334,0.0037288973107934,0.010280718095600605,0.0019581448286771774,0.012171660549938679,0.00708011444658041,0.009148853830993176,0.009191310033202171,0.017163420096039772,0.014360908418893814,-0.013607676140964031,-0.01233353465795517,-0.011546481400728226,0.27463993430137634,0.24182890355587006,0.23704619705677032,-0.027284275740385056,-0.03556782752275467,-0.027551133185625076,0.02336130291223526,0.023730246350169182,0.022463813424110413,-0.0002507454191800207,0.00013370347733143717,0.0013994943583384156,0.023949705064296722,0.02968287654221058,0.026389965787529945,0.005889370571821928,0.004519045818597078,0.009343975223600864,0.004523710813373327,-0.00543538574129343,-0.0020272161345928907,-0.13016551733016968,-0.10420955717563629,-0.09405266493558884,0.6931629776954651,0.6199639439582825,0.6087132692337036,-0.05817333236336708,-0.05331491306424141,-0.04721790552139282,0.09753569960594177,0.07237895578145981,0.08100644499063492,-0.052434198558330536,-0.027941979467868805,-0.04686683416366577,0.11126068979501724,0.12219225615262985,0.10663127899169922,0.15057604014873505,0.12674292922019958,0.12532252073287964,0.07495953887701035,0.07168986648321152,0.07392656058073044,-0.17145030200481415,-0.1360652595758438,-0.11975615471601486,0.9996920824050903,0.8955857157707214,0.8747283816337585,-0.08731310069561005,-0.10573550313711166,-0.09312589466571808,0.03939450904726982,0.04390120133757591,0.03866652399301529,0.050938960164785385,0.047369334846735,0.04660080000758171,0.09431140124797821,0.10475893318653107,0.09207255393266678,0.036194588989019394,0.036107178777456284,0.04268864914774895,0.04499170184135437,0.028012512251734734,0.03836764395236969,-0.010545537807047367,-0.010065083391964436,-0.007886173203587532,0.09031059592962265,0.08018791675567627,0.07811274379491806,-0.012983264401555061,-0.012283241376280785,-0.011119439266622066,0.009751245379447937,0.01038947980850935,0.010230735875666142,0.0027117650024592876,0.005028507672250271,0.003485053079202771,0.019097624346613884,0.024046026170253754,0.02103441208600998,0.03328963369131088,0.028128158301115036,0.027277588844299316,0.02636069618165493,0.026648102328181267,0.0267000924795866,-0.02192339487373829,-0.01812858134508133,-0.014500836841762066,0.14102472364902496,0.12588919699192047,0.1218363493680954,-0.005319744348526001,-0.012237662449479103,-0.009667348116636276,0.0014267537044361234,0.0022211831528693438,0.002570095472037792,0.006084118504077196,0.0063644470646977425,0.00546712102368474,0.01331773679703474,0.01670907810330391,0.014791253954172134,0.0009681928204372525,0.0008488375460729003,0.0026562847197055817,0.008713348768651485,0.011737934313714504,0.012487497180700302,
0.025209838524460793,0.017348602414131165,0.015497724525630474,-0.02096511423587799,-0.015754159539937973,-0.016423212364315987,0.03827163949608803,0.037239834666252136,0.03993583098053932,0.0010488391853868961,-0.0037240467499941587,-0.0021691748406738043,0.00943723600357771,0.0051168049685657024,0.0035254559479653835,0.005457453895360231,0.007770366966724396,0.007744223345071077,0.00929222907871008,0.013857475481927395,0.012915530242025852,-0.0037453307304531336,-0.01264476589858532,-0.010804650373756886,0.2410527765750885,0.27081453800201416,0.25036877393722534,-0.02431204356253147,-0.024523528292775154,-0.02459140121936798,0.02060658112168312,0.020646506920456886,0.022476131096482277,-0.0025504801888018847,0.0017978544346988201,-0.00011815348989330232,0.023867782205343246,0.025923972949385643,0.026267610490322113,0.014813006855547428,0.00702159758657217,0.014764010906219482,0.0021154091227799654,0.002056080847978592,0.0021112055983394384,-0.10518480837345123,-0.11265738308429718,-0.10337269306182861,0.6174501180648804,0.6838516592979431,0.6430084109306335,-0.050164513289928436,-0.05557241663336754,-0.045261871069669724,0.07888901233673096,0.08984624594449997,0.08555510640144348,-0.025106588378548622,-0.04717452824115753,-0.03648543357849121,0.1212029680609703,0.11568645387887955,0.10910899937152863,0.1273607760667801,0.14654769003391266,0.13969877362251282,0.06546100974082947,0.0776195228099823,0.07305052131414413,-0.13625864684581757,-0.16017192602157593,-0.14527712762355804,0.8955857157707214,0.9996909499168396,0.933765172958374,-0.09551940858364105,-0.09383517503738403,-0.09495672583580017,0.04237387329339981,0.04263892024755478,0.046940144151449203,0.04455948248505592,0.05626910924911499,0.05024269223213196,0.09667140245437622,0.09339480847120285,0.09166514128446579,0.046528007835149765,0.031885597854852676,0.042136214673519135,0.034715961664915085,0.040817949920892715,0.037690579891204834,-0.012956290505826473,-0.01294204592704773,-0.011625285260379314,0.07878616452217102,0.08792372792959213,0.08130820095539093,-0.01216659601777792,-0.013050748966634274,-0.012891177088022232,0.010606647469103336,0.013275940902531147,0.012661230750381947,0.005686644930392504,0.0018432041397318244,0.0019967348780483007,0.017416076734662056,0.019698183983564377,0.01898869313299656,0.029178110882639885,0.03218403831124306,0.028336426243185997,0.022589663043618202,0.028344640508294106,0.027085017412900925,-0.021768029779195786,-0.024335665628314018,-0.01962442696094513,0.12359721213579178,0.14077390730381012,0.12840062379837036,-0.00967440940439701,-0.009732960723340511,-0.010965281166136265,0.0012569527607411146,0.000740790565032512,0.0029371122363954782,0.00506248464807868,0.00842771865427494,0.006408287212252617,0.016830403357744217,0.01617341861128807,0.016704456880688667,0.0022760313004255295,-0.0012871487997472286,0.0011380333453416824,0.010010742582380772,0.012914219871163368,0.012881847098469734,
0.025338565930724144,0.018355948850512505,0.012444483116269112,-0.02739458717405796,-0.021140558645129204,-0.02195659838616848,0.03190332651138306,0.032281294465065,0.03396386280655861,-0.0012176607269793749,0.002267662435770035,-0.0010217080125585198,0.004178368486464024,0.004374328069388866,-0.00036833100602962077,0.002821587957441807,0.00290473410859704,0.005539495497941971,0.01008397527039051,0.015529971569776535,0.014335398562252522,-0.004167403094470501,-0.011801746673882008,-0.015584106557071209,0.23811639845371246,0.2528831958770752,0.2659377157688141,-0.02483646757900715,-0.02925509586930275,-0.02612052485346794,0.021863991394639015,0.022954678162932396,0.024538245052099228,-0.0009979043388739228,0.000555286300368607,0.0011624152539297938,0.02329958975315094,0.02724960632622242,0.027537746354937553,0.010589426383376122,0.007300143595784903,0.01217755675315857,0.004357098136097193,0.0009989571990445256,0.001612640917301178,-0.1010495200753212,-0.11016767472028732,-0.11432899534702301,0.6125614047050476,0.6470541954040527,0.6873899102210999,-0.05070042982697487,-0.05369789898395538,-0.049372389912605286,0.08363545686006546,0.08173859119415283,0.08798983693122864,-0.04039760306477547,-0.03598745912313461,-0.037640564143657684,0.10860590636730194,0.11285312473773956,0.106565922498703,0.12294487655162811,0.13411489129066467,0.14733245968818665,0.06790022552013397,0.07344499975442886,0.07589825242757797,-0.122317835688591,-0.14481966197490692,-0.15818960964679718,0.8747283816337585,0.933765172958374,0.9996909499168396,-0.08934859931468964,-0.09912578761577606,-0.09412018954753876,0.04093526676297188,0.049168042838573456,0.05475439876317978,0.04469931125640869,0.05074629932641983,0.054756905883550644,0.08737347275018692,0.09465818107128143,0.10144715011119843,0.0420227125287056,0.03247976675629616,0.03902590647339821,0.04422396793961525,0.038211122155189514,0.03339247778058052,-0.009975451976060867,-0.011915905401110649,-0.013201451860368252,0.07601860910654068,0.0817229375243187,0.08716990798711777,-0.011871423572301865,-0.012008853256702423,-0.012118321843445301,0.009980582632124424,0.012742978520691395,0.013299539685249329,0.0034082611091434956,0.002661834005266428,0.0009224258828908205,0.015337863937020302,0.020306339487433434,0.020854366943240166,0.028511852025985718,0.029911691322922707,0.030978335067629814,0.02387772873044014,0.02819559909403324,0.029234077781438828,-0.017559081315994263,-0.021558156237006187,-0.022138958796858788,0.12069761008024216,0.13140973448753357,0.13835883140563965,-0.0075174239464104176,-0.01096782460808754,-0.010581869632005692,-0.000618063728325069,0.0005677537410520017,0.003072350053116679,0.003986782394349575,0.006700242403894663,0.006555570289492607,0.012982960790395737,0.015441499650478363,0.016433609649538994,0.0027714730240404606,0.001105792704038322,0.002174969995394349,0.010768737643957138,0.012729511596262455,0.011465894058346748,
-0.01972184330224991,-0.020075924694538116,-0.02211472950875759,0.012643253430724144,0.009104243479669094,0.009665394201874733,0.0029444373212754726,0.001972421072423458,0.005299723241478205,0.01311696507036686,0.012145050801336765,0.0074993628077209,-0.01784922182559967,0.002461956115439534,-0.005629552993923426,0.001413373975083232,-0.0025413804687559605,-0.002393761184066534,0.0227912999689579,0.029291393235325813,0.03235476091504097,-0.012808121740818024,-0.012158659286797047,-0.015585706569254398,-0.014577650465071201,-0.022044138982892036,-0.017215045168995857,0.2573263943195343,0.22148244082927704,0.21716070175170898,-0.028697440400719643,-0.023875033482909203,-0.020420776680111885,-0.02433663420379162,-0.019015809521079063,-0.019870340824127197,-0.032859187573194504,-0.02079354040324688,-0.023568682372570038,0.03839043155312538,0.03510456159710884,0.03528066352009773,-0.025265902280807495,-0.028788398951292038,-0.024113183841109276,0.023968495428562164,0.024818673729896545,0.022198038175702095,-0.15301339328289032,-0.15799160301685333,-0.14965249598026276,0.04586362838745117,0.037308044731616974,0.03796536475419998,0.015318716876208782,0.01607336290180683,0.026540718972682953,0.1840793490409851,0.17758437991142273,0.16528907418251038,-0.07723439484834671,-0.04339544475078583,-0.06540974229574203,-0.014563247561454773,-0.020000383257865906,-0.02059246599674225,-0.053640689700841904,-0.030039940029382706,-0.010587790980935097,0.01106602419167757,0.015611521899700165,0.01176579762250185,-0.08731310069561005,-0.09551940858364105,-0.08934859931468964,0.9996938109397888,0.8983979821205139,0.8773991465568542,-0.1302625834941864,-0.12058603763580322,-0.11686497181653976,-0.03212093561887741,-0.01948738470673561,-0.021541040390729904,0.00545280147343874,0.01731220632791519,0.014560792595148087,0.0732271820306778,0.06359066069126129,0.0642264261841774,-0.10752338916063309,-0.10831636190414429,-0.1021857038140297,0.0259933453053236,0.022596601396799088,0.02408636547625065,-0.027487382292747498,-0.025268135592341423,-0.02503971755504608,0.018043337389826775,0.015094324946403503,0.013874119147658348,-0.022609107196331024,-0.017911670729517937,-0.016267642378807068,0.044057462364435196,0.03814670071005821,0.03638821095228195,-0.022594863548874855,-0.012492761015892029,-0.014787169173359871,0.007242558989673853,0.005410684738308191,0.004497837740927935,-0.011068858206272125,-0.00789862871170044,-0.004381424747407436,0.013141458854079247,0.01170286349952221,0.01436813734471798,-0.017195913940668106,-0.015616506338119507,-0.016051795333623886,0.1458893120288849,0.12366671860218048,0.12049833685159683,-0.02737238258123398,-0.02359316311776638,-0.022157318890094757,-0.01462229061871767,-0.011265700682997704,-0.011790917254984379,-0.014922951348125935,-0.011878210119903088,-0.011654140427708626,0.014915701001882553,0.013399139977991581,0.013430285267531872,-0.022121228277683258,-0.01908803917467594,-0.019695568829774857,
-0.012527275830507278,-0.017479481175541878,-0.019960615783929825,0.013636092655360699,0.011768201366066933,0.01215753611177206,-0.010068628005683422,-0.007406174670904875,-0.005578897427767515,0.022672735154628754,0.018662549555301666,0.01736127771437168,-0.004511869978159666,-0.008709837682545185,-0.004439886659383774,-0.01175525039434433,-0.009127957746386528,-0.014343881979584694,0.0320407897233963,0.03077532723546028,0.03295554965734482,-0.007702604867517948,-0.011311739683151245,-0.010090739466249943,-0.027261417359113693,-0.02459997870028019,-0.027876509353518486,0.22588694095611572,0.25725099444389343,0.23450236022472382,-0.025179188698530197,-0.02505039982497692,-0.020934119820594788,-0.022260285913944244,-0.019561119377613068,-0.02143854647874832,-0.027836572378873825,-0.031791530549526215,-0.027951715514063835,0.03649972006678581,0.03946913406252861,0.0400058850646019,-0.027531446889042854,-0.02541637234389782,-0.022149724885821342,0.024427657946944237,0.019592950120568275,0.01823204755783081,-0.16539202630519867,-0.15477816760540009,-0.15665526688098907,0.03724820539355278,0.051889751106500626,0.043928876519203186,0.0130416015163064,0.018777815625071526,0.02198825590312481,0.1873861700296402,0.18607671558856964,0.1817905753850937,-0.049949076026678085,-0.0762081891298294,-0.062228888273239136,-0.020958324894309044,-0.013337754644453526,-0.01861370913684368,-0.033156923949718475,-0.05066202953457832,-0.03241845965385437,0.016116414219141006,0.01228401716798544,0.011648912914097309,-0.10573550313711166,-0.09383517503738403,-0.09912578761577606,0.8983979821205139,0.9997022747993469,0.9335108995437622,-0.1162157729268074,-0.122831791639328,-0.11726100742816925,-0.024979112669825554,-0.03309283033013344,-0.029424121603369713,0.016697188839316368,0.004491053521633148,0.009709412232041359,0.0637744888663292,0.07793264091014862,0.07291413098573685,-0.11139634251594543,-0.11041586101055145,-0.10786115378141403,0.021054821088910103,0.02214142493903637,0.02254604920744896,-0.02523314394056797,-0.02429351583123207,-0.024411644786596298,0.014953713864088058,0.015401307493448257,0.013587326742708683,-0.01770898513495922,-0.019419291988015175,-0.016226397827267647,0.037143196910619736,0.03941383212804794,0.03549756109714508,-0.012816776521503925,-0.01979978196322918,-0.01581871695816517,0.004940553568303585,0.004860265180468559,0.0035677491687238216,-0.00933588482439518,-0.010057492181658745,-0.006217178888618946,0.01055978611111641,0.01179458200931549,0.013808694668114185,-0.016415070742368698,-0.01573270559310913,-0.016516298055648804,0.12579576671123505,0.1392112821340561,0.12612897157669067,-0.023746641352772713,-0.02508513815701008,-0.023105131462216377,-0.010941552929580212,-0.012982859276235104,-0.011981774121522903,-0.011239802464842796,-0.013407430611550808,-0.011466795578598976,0.013032447546720505,0.012944187968969345,0.013130702078342438,-0.018779374659061432,-0.02069845236837864,-0.019921476021409035,
-0.01220190804451704,-0.01658966951072216,-0.018633410334587097,0.005337574984878302,0.005463350564241409,0.00495242839679122,-0.011278005316853523,-0.007222033105790615,-0.00720282131806016,0.014763103798031807,0.017186420038342476,0.014731035567820072,-0.011306427419185638,-0.0027459110133349895,-0.005612368695437908,-0.00518938060849905,-0.005900902207940817,-0.009115216322243214,0.033991530537605286,0.032944001257419586,0.03346135839819908,-0.011925498023629189,-0.013351421803236008,-0.012571887113153934,-0.0189617108553648,-0.02404644899070263,-0.023161286488175392,0.2197367250919342,0.23531067371368408,0.2501707375049591,-0.02374291978776455,-0.023337312042713165,-0.02344474196434021,-0.018358662724494934,-0.016568142920732498,-0.0188314039260149,-0.028580574318766594,-0.025585394352674484,-0.025907374918460846,0.03467198833823204,0.039037879556417465,0.0403904914855957,-0.024769557639956474,-0.02557632140815258,-0.023146606981754303,0.015216638334095478,0.012780060060322285,0.01004854030907154,-0.15078957378864288,-0.1545267254114151,-0.15596851706504822,0.04039894789457321,0.046679090708494186,0.04590192809700966,0.01979047805070877,0.02082938700914383,0.022250235080718994,0.1687806248664856,0.17340902984142303,0.18084941804409027,-0.07027020305395126,-0.0606694221496582,-0.06877325475215912,-0.018332015722990036,-0.014890418387949467,-0.017564160749316216,-0.0142119275406003,-0.031571000814437866,-0.036565639078617096,0.00900476798415184,0.007001231890171766,0.0051632230170071125,-0.09312589466571808,-0.09495672583580017,-0.09412018954753876,0.8773991465568542,0.9335108995437622,0.9996943473815918,-0.11444091796875,-0.11992348730564117,-0.12449236214160919,-0.024431709200143814,-0.02648281492292881,-0.02821223810315132,0.01334773376584053,0.009326335974037647,0.010290253907442093,0.061878565698862076,0.07034579664468765,0.07580883055925369,-0.10562752932310104,-0.10996167361736298,-0.10955630242824554,0.022581705823540688,0.023005688562989235,0.024432890117168427,-0.023966412991285324,-0.02405916154384613,-0.025175666436553,0.014762112870812416,0.01548694632947445,0.01590702310204506,-0.017111584544181824,-0.017545703798532486,-0.017903629690408707,0.034721847623586655,0.037602704018354416,0.03905937075614929,-0.014873863197863102,-0.016115987673401833,-0.018005866557359695,0.004985441453754902,0.004347123671323061,0.004022874403744936,-0.005788025911897421,-0.00812345277518034,-0.007953712716698647,0.01242270041257143,0.01319906022399664,0.015302129089832306,-0.014186686836183071,-0.014973449520766735,-0.01633133552968502,0.1236715093255043,0.1297227293252945,0.1358756572008133,-0.022552231326699257,-0.022762786597013474,-0.024094749242067337,-0.011708502657711506,-0.01351139135658741,-0.01383946929126978,-0.013246108777821064,-0.013203239068388939,-0.01269654929637909,0.013447520323097706,0.015017271973192692,0.015668751671910286,-0.019148319959640503,-0.019809678196907043,-0.01982872746884823,
-0.01769086718559265,-0.007508308161050081,-0.005031823646277189,0.015644490718841553,0.019087111577391624,0.017643984407186508,-0.02839428372681141,-0.023660318925976753,-0.020867886021733284,0.013378441333770752,0.009214447811245918,0.007425182033330202,0.004063945729285479,0.0026416245382279158,0.0026904286351054907,0.02034660242497921,0.017428744584321976,0.016985133290290833,-0.011667628772556782,-0.013079065829515457,-0.011508763767778873,-0.011085279285907745,-0.006732055451720953,-0.006461655255407095,0.013616171665489674,0.017027975991368294,0.016519304364919662,-0.027993077412247658,-0.02335650473833084,-0.024981895461678505,0.23938384652137756,0.21962586045265198,0.2090979367494583,0.03776369243860245,0.0382702574133873,0.039182309061288834,0.023469386622309685,0.01943039707839489,0.020027417689561844,-0.03880465030670166,-0.0381440669298172,-0.037640027701854706,0.009938006289303303,0.011979927308857441,0.010841373354196548,-0.03953516483306885,-0.030721278861165047,-0.01710771769285202,0.39496803283691406,0.3765835762023926,0.3578743636608124,0.06383644789457321,0.058960508555173874,0.06216653436422348,0.1245538592338562,0.12586893141269684,0.12087257206439972,-0.03989671170711517,-0.0462898388504982,-0.04682737588882446,0.02990550547838211,0.028632858768105507,0.028871901333332062,-0.0949702188372612,-0.06784387677907944,-0.05710378289222717,-0.03792252019047737,-0.0319124236702919,-0.03756435960531235,0.10138355195522308,0.09020153433084488,0.08777860552072525,0.03939450904726982,0.04237387329339981,0.04093526676297188,-0.1302625834941864,-0.1162157729268074,-0.11444091796875,0.9997034668922424,0.912274181842804,0.8836451172828674,0.10849103331565857,0.11311664432287216,0.11197764426469803,0.06989144533872604,0.06366686522960663,0.06568367779254913,-0.10262467712163925,-0.10315615683794022,-0.09724416583776474,-0.0003318294184282422,0.0019252026686444879,-0.0006100739701651037,0.0002843053371179849,0.002110769273713231,0.0022701863199472427,0.05063987150788307,0.04557026922702789,0.04435013234615326,-0.0040027303621172905,-0.005093029700219631,-0.004513862542808056,0.017130417749285698,0.017145972698926926,0.016435226425528526,-0.018218940123915672,-0.01814410462975502,-0.018277037888765335,0.010985337197780609,0.008069063536822796,0.008521578274667263,-0.008206645026803017,-0.004285538103431463,-0.00332421506755054,0.00784653052687645,0.008759531192481518,0.007501368410885334,0.016284743323922157,0.013737109489738941,0.011432849802076817,0.00341331260278821,0.002124470192939043,0.0030537659768015146,-0.019978728145360947,-0.015422387979924679,-0.014521590434014797,0.12265707552433014,0.10950585454702377,0.10550285875797272,0.019609427079558372,0.020648809149861336,0.02160879224538803,0.002144422847777605,0.0004424658545758575,0.00059946981491521,-0.017301542684435844,-0.018575767055153847,-0.018413420766592026,-0.0014009911101311445,-0.0006663904641754925,-0.0009699870715849102,
-0.010949190706014633,-0.004283773247152567,-0.0017059214878827333,0.018056470900774002,0.018338505178689957,0.019121726974844933,-0.024153616279363632,-0.024499986320734024,-0.019584406167268753,0.009674440138041973,0.003835496259853244,0.002161032287403941,0.0009949075756594539,-0.000675512885209173,0.00015828583855181932,0.02689891681075096,0.020645227283239365,0.0231048334389925,-0.014145213179290295,-0.014605035074055195,-0.014468182809650898,-0.010914782993495464,-0.0027098068967461586,-0.0034212388563901186,0.01659228466451168,0.01966346986591816,0.021964266896247864,-0.024401813745498657,-0.024913320317864418,-0.025177136063575745,0.21913859248161316,0.2433338761329651,0.22277475893497467,0.037388063967227936,0.04018852487206459,0.039661601185798645,0.02060449868440628,0.020813757553696632,0.020350713282823563,-0.03754090145230293,-0.03833146393299103,-0.03587150573730469,0.00991414301097393,0.007879281416535378,0.010844620876014233,-0.025439973920583725,-0.02974420040845871,-0.021273192018270493,0.3739255368709564,0.4023092985153198,0.38817617297172546,0.06109795346856117,0.06498365104198456,0.06389562785625458,0.12515157461166382,0.12388843297958374,0.12355084717273712,-0.05601368099451065,-0.03940146416425705,-0.0458967387676239,0.02824869379401207,0.02937449887394905,0.028758129104971886,-0.0700061023235321,-0.08040348440408707,-0.06521856784820557,-0.033309951424598694,-0.031251076608896255,-0.03256692364811897,0.09239188581705093,0.10137268155813217,0.09639006853103638,0.04390120133757591,0.04263892024755478,0.049168042838573456,-0.12058603763580322,-0.122831791639328,-0.11992348730564117,0.912274181842804,0.9996953010559082,0.9361863732337952,0.11269691586494446,0.11831171065568924,0.11745540052652359,0.06209713593125343,0.07557330280542374,0.07220008224248886,-0.09832625836133957,-0.09895700216293335,-0.0956188514828682,0.004214527551084757,-0.0031322073191404343,0.001476489705964923,0.0005888092564418912,-0.0006643373635597527,-5.081884955870919e-05,0.04617473855614662,0.051332276314496994,0.04841243475675583,-0.003921067342162132,-0.005686732474714518,-0.004135945811867714,0.01571650616824627,0.017799178138375282,0.017270708456635475,-0.01589008793234825,-0.018397560343146324,-0.01738942600786686,0.007958747446537018,0.009804108180105686,0.00820835493505001,-0.0065548778511583805,-0.00595535384491086,-0.003866326529532671,0.005604660138487816,0.008703471161425114,0.007118831854313612,0.014058849774301052,0.01347691472619772,0.01115394290536642,0.002782762050628662,0.004313604906201363,0.004662593826651573,-0.015107149258255959,-0.015770846977829933,-0.013379066251218319,0.10975979268550873,0.12008386850357056,0.11122744530439377,0.018269764259457588,0.02048095315694809,0.020598426461219788,0.0005571891088038683,0.000605182780418545,0.0009025456383824348,-0.01678817719221115,-0.01773100346326828,-0.01708575151860714,-0.0012390345800668001,-0.0007446030504070222,-0.0014848725404590368,
-0.012186997570097446,-0.0049804081209003925,-0.004534940700978041,0.019871773198246956,0.019062327221035957,0.018757067620754242,-0.02388078346848488,-0.02278931252658367,-0.018439771607518196,0.012599837966263294,0.005758332088589668,0.005385387223213911,0.00268137757666409,0.0008109271875582635,0.000749834522139281,0.026802923530340195,0.022067923098802567,0.0223957858979702,-0.012370927259325981,-0.012680260464549065,-0.012288845144212246,-0.012167757377028465,-0.00446209916844964,-0.002877876628190279,0.013958471827208996,0.01931941509246826,0.020870009437203407,-0.023381540551781654,-0.022167310118675232,-0.02617097645998001,0.2111978381872177,0.2247481495141983,0.23476627469062805,0.037463121116161346,0.039091624319553375,0.03972842916846275,0.02285894565284252,0.02078511193394661,0.020904172211885452,-0.037942495197057724,-0.03812580555677414,-0.035830479115247726,0.009337566792964935,0.009017935954034328,0.011613909155130386,-0.013958730734884739,-0.022257115691900253,-0.02246851474046707,0.35584554076194763,0.3885471522808075,0.41250425577163696,0.06205784156918526,0.06050051748752594,0.06741400808095932,0.1193997710943222,0.12246300280094147,0.12898766994476318,-0.0517103485763073,-0.04087645560503006,-0.038148004561662674,0.03152003511786461,0.030242210254073143,0.028968723490834236,-0.05611671507358551,-0.06388735771179199,-0.06816147267818451,-0.03734084591269493,-0.031030308455228806,-0.03607863932847977,0.08729138225317001,0.0934862494468689,0.10228491574525833,0.03866652399301529,0.046940144151449203,0.05475439876317978,-0.11686497181653976,-0.11726100742816925,-0.12449236214160919,0.8836451172828674,0.9361863732337952,0.9996912479400635,0.11339973658323288,0.11759112030267715,0.11727862805128098,0.06460150331258774,0.0726681500673294,0.07637523114681244,-0.09390910714864731,-0.09747140109539032,-0.09399522840976715,0.0017857820494100451,0.00015861255815252662,0.001841590739786625,0.0005654155393131077,-0.0005043670535087585,-0.0013883506180718541,0.04424455016851425,0.04822826758027077,0.05172299966216087,-0.0033270397689193487,-0.004957476165145636,-0.004489440005272627,0.014088207855820656,0.016012880951166153,0.01693548448383808,-0.015610984526574612,-0.01706775091588497,-0.018142210319638252,0.007609768770635128,0.008598018437623978,0.010463261976838112,-0.006637566722929478,-0.006020975299179554,-0.006035815924406052,0.004875681828707457,0.008178017102181911,0.007765715476125479,0.013698271475732327,0.013278587721288204,0.012353112921118736,0.0019996613264083862,0.0038278046995401382,0.005972694605588913,-0.015414976514875889,-0.01471133902668953,-0.014785350300371647,0.10632432997226715,0.11131667345762253,0.11735676974058151,0.01943838968873024,0.02010359987616539,0.02102988213300705,0.0007697531837038696,0.0006455177208408713,0.001232848153449595,-0.017293093726038933,-0.01775571145117283,-0.017547957599163055,-0.0014857128262519836,-0.0007386314682662487,-0.0014304228825494647,
0.003341300180181861,-0.002284666756168008,0.0012499582953751087,0.03265446424484253,0.03448547050356865,0.035750456154346466,-0.01873873919248581,-0.010397077538073063,-0.011556636542081833,-0.0163820069283247,-0.012669851072132587,-0.012973242439329624,-0.003962049726396799,-0.005041688680648804,-0.0019594680052250624,0.014354954473674297,0.021533479914069176,0.018227536231279373,0.0236620232462883,0.013085898943245411,0.014266771264374256,-0.0030958170536905527,-0.010399707593023777,-0.009470658376812935,-0.004991302266716957,-0.006069045513868332,-0.0031881763134151697,-0.018940074369311333,-0.016205722466111183,-0.019175561144948006,0.03222620114684105,0.03211958706378937,0.03376108780503273,0.22931496798992157,0.21175482869148254,0.20238886773586273,-0.008337903767824173,-0.015434620901942253,-0.015921957790851593,-0.07183807343244553,-0.057032566517591476,-0.056670382618904114,-0.016028212383389473,-0.007644596975296736,-0.012208218686282635,0.08607733249664307,0.06981156021356583,0.06588340550661087,0.13274279236793518,0.12840589880943298,0.12817934155464172,0.005529073532670736,0.02574857510626316,0.013037658296525478,-0.04487723112106323,-0.027768727391958237,-0.0382675901055336,-0.12446536123752594,-0.10970500111579895,-0.11112116277217865,0.07347431033849716,0.06883589178323746,0.07182957977056503,0.16851139068603516,0.17490528523921967,0.15783865749835968,0.0718766450881958,0.053090423345565796,0.06332620978355408,-0.08557596057653427,-0.09657567739486694,-0.08896665275096893,0.050938960164785385,0.04455948248505592,0.04469931125640869,-0.03212093561887741,-0.024979112669825554,-0.024431709200143814,0.10849103331565857,0.11269691586494446,0.11339973658323288,0.9996904134750366,0.9165730476379395,0.8898220658302307,-0.032955270260572433,-0.03739256411790848,-0.03649906441569328,-0.4255343973636627,-0.3792027235031128,-0.3755403161048889,-0.014868177473545074,0.0026720513124018908,-0.005601625423878431,0.015117678791284561,0.011650384403765202,0.010595163330435753,0.010781833902001381,0.01075949240475893,0.010840481147170067,0.00709458626806736,0.00915062241256237,0.007461424916982651,-0.015281127765774727,-0.010796519927680492,-0.010728299617767334,-0.01957668550312519,-0.019484831020236015,-0.02127586305141449,0.01889677345752716,0.016879471018910408,0.016794390976428986,0.024475421756505966,0.02404439076781273,0.020145392045378685,-0.0006380922859534621,-0.00412328215315938,-0.0035907989367842674,-0.006228883750736713,-0.007754526101052761,-0.00707556027919054,0.007809686008840799,0.005770389921963215,0.005729899276047945,-0.007912996225059032,-0.004571476485580206,-0.004772461485117674,0.015130641870200634,0.01703079417347908,0.018023381009697914,0.11335772275924683,0.09929938614368439,0.09598784893751144,-0.007898101583123207,-0.009221399202942848,-0.00831948034465313,-0.048571594059467316,-0.04062880575656891,-0.040341101586818695,-0.005223125219345093,-0.001040482078678906,-0.0019762679003179073,
-0.006235486827790737,-0.003691963152959943,-0.0015799731481820345,0.03558756411075592,0.0355880968272686,0.038423217833042145,-0.009596270509064198,-0.010192644782364368,-0.006290279794484377,-0.01903921738266945,-0.019320251420140266,-0.017796708270907402,-0.0053862095810472965,-0.004956538323312998,-0.0017889278242364526,0.018181152641773224,0.01807641237974167,0.01808847114443779,0.016606425866484642,0.012843466363847256,0.01133641880005598,-0.008975671604275703,-0.011585395783185959,-0.01338355615735054,-0.006004483439028263,-0.0014928921591490507,-0.0004220079572405666,-0.0124893169850111,-0.014126774854958057,-0.016137974336743355,0.03530707582831383,0.03654161095619202,0.035974618047475815,0.2084074318408966,0.23010799288749695,0.21407891809940338,-0.013003400526940823,-0.014889379031956196,-0.016064969822764397,-0.05877065658569336,-0.06396964937448502,-0.05627318099141121,-0.005108717363327742,-0.010153698734939098,-0.01078751590102911,0.06556989997625351,0.07907478511333466,0.07008475065231323,0.13014230132102966,0.1370331048965454,0.13072380423545837,0.022351734340190887,0.010911110788583755,0.019294029101729393,-0.02658171020448208,-0.038067758083343506,-0.03634485974907875,-0.1156475618481636,-0.1204216331243515,-0.11474555730819702,0.06707806140184402,0.08241470903158188,0.07808569073677063,0.17097508907318115,0.17449039220809937,0.16447195410728455,0.04701339825987816,0.07799956202507019,0.06972867995500565,-0.09858659654855728,-0.09891308844089508,-0.09940724819898605,0.047369334846735,0.05626910924911499,0.05074629932641983,-0.01948738470673561,-0.03309283033013344,-0.02648281492292881,0.11311664432287216,0.11831171065568924,0.11759112030267715,0.9165730476379395,0.999701976776123,0.9413447976112366,-0.03832926228642464,-0.0344337522983551,-0.03825575113296509,-0.3795476257801056,-0.4195481836795807,-0.3907660245895386,0.0026509766466915607,-0.006244650576263666,-0.002581915585324168,0.015024358406662941,0.014173717238008976,0.013270152732729912,0.00916079618036747,0.011938299983739853,0.011232990771532059,0.008412661030888557,0.00792234018445015,0.007384840864688158,-0.013766132295131683,-0.012418299913406372,-0.011432926170527935,-0.015414120629429817,-0.02146548591554165,-0.021125350147485733,0.016065901145339012,0.017511283978819847,0.017214827239513397,0.02359999716281891,0.02568548172712326,0.022429609671235085,-0.00494144344702363,-0.002063149120658636,-0.002542531583458185,-0.0058587705716490746,-0.0069091725163161755,-0.006292793899774551,0.005760629661381245,0.00847083143889904,0.006803556345403194,-0.004255740903317928,-0.005322858225554228,-0.004971356596797705,0.01445044670253992,0.015888696536421776,0.017306184396147728,0.10311534255743027,0.11091555655002594,0.1024123951792717,-0.007573988288640976,-0.00851347390562296,-0.007369013503193855,-0.04353317618370056,-0.04703415185213089,-0.043699126690626144,-0.00457047438248992,-0.0031175382900983095,-0.0028337789699435234,
-0.006940136663615704,-0.006411541718989611,-0.0014281828189268708,0.032330434769392014,0.033783406019210815,0.037322964519262314,-0.010037995874881744,-0.007335494738072157,-0.006504330784082413,-0.019784118980169296,-0.019228503108024597,-0.020389055833220482,-0.004694165661931038,-0.003517311532050371,0.00023661133309360594,0.013860389590263367,0.01589762419462204,0.015520385466516018,0.01775391213595867,0.012676989659667015,0.011397705413401127,-0.004606345202773809,-0.010558354668319225,-0.009761466644704342,-0.007030457723885775,-0.0052194371819496155,-0.0005877118674106896,-0.014402959495782852,-0.014444051310420036,-0.01639605686068535,0.0353766605257988,0.035468216985464096,0.03536094352602959,0.20223987102508545,0.21634864807128906,0.2251027375459671,-0.012413905002176762,-0.015237162820994854,-0.015801705420017242,-0.05896760895848274,-0.059982363134622574,-0.06043072044849396,-0.006160362623631954,-0.00862060021609068,-0.01203471701592207,0.06287232041358948,0.0717407837510109,0.07781702280044556,0.130497008562088,0.13130958378314972,0.1353658139705658,0.01405382715165615,0.020620865747332573,0.016412800177931786,-0.03300165757536888,-0.034695375710725784,-0.03822674602270126,-0.11938383430242538,-0.11676673591136932,-0.12063317745923996,0.06870834529399872,0.07937011122703552,0.08177201449871063,0.15636290609836578,0.16732384264469147,0.17278698086738586,0.05631159991025925,0.06738191843032837,0.07694841921329498,-0.09074167907238007,-0.099135622382164,-0.1031726822257042,0.04660080000758171,0.05024269223213196,0.054756905883550644,-0.021541040390729904,-0.029424121603369713,-0.02821223810315132,0.11197764426469803,0.11745540052652359,0.11727862805128098,0.8898220658302307,0.9413447976112366,0.9997011423110962,-0.03770095109939575,-0.0365263856947422,-0.03564728423953056,-0.37457799911499023,-0.39126908779144287,-0.41454029083251953,-0.003502113977447152,-0.0047245630994439125,-0.007904458791017532,0.01471807062625885,0.013613625429570675,0.014228437095880508,0.009914827533066273,0.012055400758981705,0.011861419305205345,0.007685171905905008,0.008517793379724026,0.007442970760166645,-0.014832507818937302,-0.011584974825382233,-0.012044998817145824,-0.01646009087562561,-0.02088351920247078,-0.02194308117032051,0.015681128948926926,0.01670943573117256,0.01805180497467518,0.020472683012485504,0.024234753102064133,0.024832794442772865,-0.0031231711618602276,-0.0024930594954639673,-0.001314072054810822,-0.0038263374008238316,-0.0058426279574632645,-0.0065478733740746975,0.005794216878712177,0.007673570886254311,0.007376623339951038,-0.004446723032742739,-0.0047370088286697865,-0.0052583045326173306,0.016347484663128853,0.017283784225583076,0.018074916675686836,0.09955570101737976,0.10354685038328171,0.10953328758478165,-0.007873574271798134,-0.008593314327299595,-0.007032792549580336,-0.04342898726463318,-0.04423860087990761,-0.04650844633579254,-0.00559204863384366,-0.0028209493029862642,-0.0034264170099049807,
0.03448967635631561,0.029387203976511955,0.024311020970344543,-0.0018990844255313277,-0.001106351730413735,-0.002553278347477317,0.02007385715842247,0.02010655775666237,0.017900636419653893,0.03096024878323078,0.03226654976606369,0.03057672455906868,0.0007544950931333005,-0.006713623180985451,0.0005248863017186522,-0.0019330057548359036,0.005784190725535154,8.388734568143263e-05,0.004938397090882063,0.0023995107039809227,0.0006353859789669514,0.0077972314320504665,0.00352820404805243,0.006434681825339794,0.007531811948865652,0.010217648930847645,0.00806437712162733,-0.04300674796104431,-0.032057467848062515,-0.033539265394210815,0.01867086999118328,0.018297318369150162,0.01668778620660305,-0.01940923184156418,-0.020816469565033913,-0.01965377666056156,0.2561783194541931,0.2350076287984848,0.2226354330778122,0.0016331634251400828,0.0009175293380394578,0.0027276338078081608,-0.045159097760915756,-0.03945019841194153,-0.037418097257614136,-0.03312776982784271,-0.04051559790968895,-0.04242181405425072,0.15443819761276245,0.15488624572753906,0.1463404893875122,-0.08286382257938385,-0.07909690588712692,-0.07111059129238129,0.2562732994556427,0.24784836173057556,0.23077937960624695,0.1310831606388092,0.12649859488010406,0.1290440559387207,0.023386331275105476,0.009324293583631516,0.010584873147308826,0.025449004024267197,0.036496080458164215,0.019007837399840355,0.07791248708963394,0.07394993305206299,0.06914199888706207,-0.025707311928272247,-0.038744132965803146,-0.03212260082364082,0.09431140124797821,0.09667140245437622,0.08737347275018692,0.00545280147343874,0.016697188839316368,0.01334773376584053,0.06989144533872604,0.06209713593125343,0.06460150331258774,-0.032955270260572433,-0.03832926228642464,-0.03770095109939575,0.999683141708374,0.9140095114707947,0.8806623220443726,-0.026332087814807892,-0.028766846284270287,-0.0244449432939291,-0.19855806231498718,-0.18155312538146973,-0.1789599508047104,-0.02764369547367096,-0.022731445729732513,-0.023613261058926582,0.028116988018155098,0.027761828154325485,0.025614382699131966,-0.0007011903799138963,-0.0008400753140449524,-0.0006357485544867814,0.026057466864585876,0.022325526922941208,0.023067107424139977,0.030487241223454475,0.030637342482805252,0.028446007519960403,0.022992413491010666,0.01590849831700325,0.017052210867404938,0.003990039695054293,0.007573676761239767,0.00506269745528698,0.022635024040937424,0.02201978862285614,0.021382134407758713,-0.020505625754594803,-0.0186731219291687,-0.018195291981101036,0.01615370251238346,0.016552766785025597,0.014612720347940922,-0.013670726679265499,-0.005365581717342138,-0.008175318129360676,0.008378090336918831,0.005976221989840269,0.006838981062173843,-0.0035223159939050674,-0.0053078969940543175,-0.004846692085266113,0.1349482387304306,0.11937759071588516,0.11499477177858353,0.007827880792319775,0.0076508428901433945,0.007528115063905716,-0.019671881571412086,-0.017511585727334023,-0.01512940600514412,
0.030013835057616234,0.02542285807430744,0.018200114369392395,-0.0019347270717844367,-0.004140659235417843,-0.006504634860903025,0.02444799803197384,0.020908480510115623,0.02081066183745861,0.02490099146962166,0.0315595418214798,0.029325442388653755,-0.00188055366743356,-0.0005356613546609879,0.002019227482378483,0.007572720758616924,0.00792616605758667,0.0072260103188455105,0.002995143411681056,4.5969398343004286e-05,-0.00037332953070290387,0.0016644633142277598,0.004877289291471243,0.005225291941314936,0.01252402551472187,0.01099969819188118,0.012390656396746635,-0.0333276204764843,-0.039216093719005585,-0.03438246622681618,0.017414141446352005,0.020906144753098488,0.01781441643834114,-0.020329875871539116,-0.01922314241528511,-0.017836811020970345,0.23088964819908142,0.2542221248149872,0.23566098511219025,-0.0006679234211333096,-0.0024740633089095354,-0.0020130977500230074,-0.03439074754714966,-0.040612708777189255,-0.034450553357601166,-0.04560418799519539,-0.03513454273343086,-0.04006745293736458,0.16095972061157227,0.15461236238479614,0.1550849974155426,-0.08474182337522507,-0.08313101530075073,-0.07764654606580734,0.2544676661491394,0.2637418806552887,0.2569369673728943,0.1199200451374054,0.12964242696762085,0.12288341671228409,0.016098903492093086,0.024018559604883194,0.016807008534669876,0.04200759902596474,0.027849318459630013,0.030321922153234482,0.07746918499469757,0.08277227729558945,0.08068163692951202,-0.043684255331754684,-0.029021073132753372,-0.03012273833155632,0.10475893318653107,0.09339480847120285,0.09465818107128143,0.01731220632791519,0.004491053521633148,0.009326335974037647,0.06366686522960663,0.07557330280542374,0.0726681500673294,-0.03739256411790848,-0.0344337522983551,-0.0365263856947422,0.9140095114707947,0.9996849894523621,0.9347524046897888,-0.030208660289645195,-0.03319282457232475,-0.030658049508929253,-0.17723311483860016,-0.2022610902786255,-0.18347367644309998,-0.025491945445537567,-0.02665100432932377,-0.02438643015921116,0.029038891196250916,0.02837049402296543,0.026803571730852127,-0.0003560886543709785,-0.0005519802798517048,0.0004382952756714076,0.02194243110716343,0.02483891136944294,0.023655453696846962,0.03027983196079731,0.029039766639471054,0.028224363923072815,0.017994161695241928,0.021646734327077866,0.018925119191408157,0.006822293624281883,0.007508760783821344,0.006295450497418642,0.02136089839041233,0.02291133999824524,0.02299448847770691,-0.02050316333770752,-0.02065635472536087,-0.018639976158738136,0.018314244225621223,0.017057962715625763,0.016239725053310394,-0.006961696781218052,-0.009887582622468472,-0.00785786285996437,0.005843478720635176,0.004968739580363035,0.005503585562109947,-0.005195963196456432,-0.0032971338368952274,-0.003735708072781563,0.12219931930303574,0.13175491988658905,0.1220293790102005,0.00786343589425087,0.008508042432367802,0.008879811502993107,-0.01979674957692623,-0.02038092352449894,-0.017428306862711906,
0.025627758353948593,0.01999288611114025,0.012417779304087162,-0.0029083469416946173,-0.0048596509732306,-0.006400702986866236,0.018409183248877525,0.01787641830742359,0.017884360626339912,0.03032059222459793,0.03577150031924248,0.03719587251543999,-0.0015015852404758334,-0.004519470501691103,0.0016517512267455459,-0.0017303796485066414,0.002090327674522996,0.00039076159009709954,0.0057950709015131,0.0051154885441064835,0.003265908919274807,0.0038073542527854443,0.004051658324897289,0.005601335316896439,0.00682343915104866,0.007410945370793343,0.012396544218063354,-0.035931531339883804,-0.03586013987660408,-0.034114714711904526,0.01774773932993412,0.020022111013531685,0.018140748143196106,-0.01934501901268959,-0.019628537818789482,-0.01875096745789051,0.2216792106628418,0.2364894449710846,0.24856455624103546,-0.002335578203201294,-0.003853670321404934,-0.0039380863308906555,-0.03404746949672699,-0.03692461550235748,-0.03638274595141411,-0.050321102142333984,-0.04520988464355469,-0.04228248447179794,0.15104280412197113,0.15367648005485535,0.16324588656425476,-0.07833921164274216,-0.08290336281061172,-0.08385556191205978,0.2333257645368576,0.2511833608150482,0.2667674422264099,0.1276625096797943,0.12851357460021973,0.12958572804927826,0.01659327931702137,0.017879744991660118,0.01762518472969532,0.021182343363761902,0.026464208960533142,0.029008086770772934,0.07169350236654282,0.07841365784406662,0.08317024260759354,-0.04032710939645767,-0.0353611558675766,-0.02881084382534027,0.09207255393266678,0.09166514128446579,0.10144715011119843,0.014560792595148087,0.009709412232041359,0.010290253907442093,0.06568367779254913,0.07220008224248886,0.07637523114681244,-0.03649906441569328,-0.03825575113296509,-0.03564728423953056,0.8806623220443726,0.9347524046897888,0.9996857047080994,-0.03247573971748352,-0.03548908233642578,-0.034440942108631134,-0.1783333122730255,-0.1896551102399826,-0.1955893635749817,-0.026463903486728668,-0.025076286867260933,-0.025703569874167442,0.02773985266685486,0.028130237013101578,0.028053482994437218,-0.0008763776859268546,-0.0007023891666904092,0.0008358106715604663,0.02137809433043003,0.023141883313655853,0.025628961622714996,0.029549764469265938,0.02893817238509655,0.028680453076958656,0.02059965208172798,0.02031521312892437,0.019958168268203735,0.0030702727381139994,0.006579092238098383,0.006162896286696196,0.019206710159778595,0.021627962589263916,0.023904331028461456,-0.01882651075720787,-0.019283929839730263,-0.019239768385887146,0.016004672273993492,0.016985787078738213,0.01710665598511696,-0.009416736662387848,-0.007730259094387293,-0.00843873992562294,0.007502205204218626,0.00588220963254571,0.006626339163631201,-0.005689193028956652,-0.0045802709646523,-0.004353261552751064,0.11971060186624527,0.12380794435739517,0.13032294809818268,0.007434351835399866,0.008538383059203625,0.01014418713748455,-0.01877519302070141,-0.018933672457933426,-0.019044024869799614,
-0.0012812906643375754,0.0019509762059897184,-0.002633874537423253,0.015387285500764847,0.013847755268216133,0.01398477889597416,0.016597794368863106,0.009553184732794762,0.016882294788956642,0.02189657837152481,0.014019276015460491,0.013564578257501125,0.020040394738316536,0.018179720267653465,0.014550931751728058,-0.014649605378508568,-0.020501192659139633,-0.022072793915867805,-0.014312352053821087,-0.00494857644662261,-0.007981717586517334,0.023833101615309715,0.029105765745043755,0.023738037794828415,0.008696656674146652,0.015184912830591202,0.009886871092021465,0.045751720666885376,0.039869289845228195,0.039470694959163666,-0.03952755406498909,-0.03617701306939125,-0.03538713976740837,-0.07804878056049347,-0.06695714592933655,-0.06362628191709518,-0.0002365683758398518,-0.003656681627035141,-0.004545110743492842,0.2394862323999405,0.21204052865505219,0.2041069120168686,0.008288722485303879,-0.005471677519381046,-0.0011060242541134357,0.09981829673051834,0.10436772555112839,0.09356405586004257,-0.13568589091300964,-0.12234082818031311,-0.11868709325790405,0.48416057229042053,0.43360963463783264,0.43422195315361023,0.022542374208569527,-0.00510088074952364,0.006177152972668409,0.08958827704191208,0.07358338683843613,0.07458179444074631,0.04310645908117294,0.045155033469200134,0.04218846932053566,0.028466563671827316,0.011144944466650486,0.013666154816746712,-0.041428983211517334,-0.0165586918592453,-0.03384741023182869,0.1488756388425827,0.15748867392539978,0.14313989877700806,0.036194588989019394,0.046528007835149765,0.0420227125287056,0.0732271820306778,0.0637744888663292,0.061878565698862076,-0.10262467712163925,-0.09832625836133957,-0.09390910714864731,-0.4255343973636627,-0.3795476257801056,-0.37457799911499023,-0.026332087814807892,-0.030208660289645195,-0.03247573971748352,0.9996938705444336,0.898810088634491,0.8711930513381958,0.0313570536673069,0.0028028099332004786,0.0075299860909581184,0.005767918191850185,0.006519293412566185,0.005789934657514095,-0.008474462665617466,-0.0038946589920669794,-0.00425711227580905,0.05196294188499451,0.043456751853227615,0.044486742466688156,0.01726473681628704,0.01145351305603981,0.01004839688539505,0.018899960443377495,0.015137988142669201,0.017288053408265114,0.01031764131039381,0.011817313730716705,0.01053617149591446,-0.00030763723771087825,-0.002510875929147005,-0.0024102262686938047,-0.0017632240196689963,0.0058817132376134396,0.002501124981790781,0.02043002098798752,0.02315405011177063,0.020914923399686813,-9.707124991109595e-05,0.0059361206367611885,0.005608263425529003,0.010372168384492397,0.007971752434968948,0.008606835268437862,-0.010633726604282856,-0.009781445376574993,-0.010094506666064262,-0.05288597568869591,-0.04391073063015938,-0.04388022795319557,0.011015713214874268,0.00895827729254961,0.008131717331707478,0.1224222332239151,0.10407554358243942,0.10105572640895844,0.0032737706787884235,-0.0010612993501126766,-0.0015522708417847753,
0.010495593771338463,0.0022877391893416643,-0.00011311341222608462,0.0006716311327181756,0.0030607159715145826,0.003949603531509638,0.0028778815176337957,0.008981848135590553,0.011849652044475079,0.02401181496679783,0.02307819202542305,0.020047061145305634,0.017711011692881584,0.019393721595406532,0.017929237335920334,-0.02398863434791565,-0.022477058693766594,-0.026645289734005928,-0.001966946292668581,-0.000608744565397501,0.0020584003068506718,0.032313521951436996,0.03128160908818245,0.03005223348736763,0.0097073158249259,0.007056815084069967,0.005603455472737551,0.04364034906029701,0.04354280233383179,0.04263076186180115,-0.038738712668418884,-0.03733326867222786,-0.03588825836777687,-0.063544861972332,-0.0728403702378273,-0.06481481343507767,-0.0002128526393789798,-0.003614468965679407,-0.005544691812247038,0.21201862394809723,0.24106010794639587,0.21965736150741577,-0.005420600529760122,-0.0008894997299648821,-0.003157540690153837,0.1132388785481453,0.10382590442895889,0.10110943764448166,-0.1325148195028305,-0.13385003805160522,-0.12610971927642822,0.43771523237228394,0.4831616282463074,0.45560720562934875,-0.010274355299770832,0.00545782595872879,-0.0004336884303484112,0.07799255847930908,0.09201548993587494,0.08406760543584824,0.04688948020339012,0.04318936914205551,0.04561850428581238,0.012582185678184032,0.01924772560596466,0.01445702463388443,-0.014411741867661476,-0.04263371601700783,-0.030301399528980255,0.16277356445789337,0.16244567930698395,0.1564217358827591,0.036107178777456284,0.031885597854852676,0.03247976675629616,0.06359066069126129,0.07793264091014862,0.07034579664468765,-0.10315615683794022,-0.09895700216293335,-0.09747140109539032,-0.3792027235031128,-0.4195481836795807,-0.39126908779144287,-0.028766846284270287,-0.03319282457232475,-0.03548908233642578,0.898810088634491,0.9996863603591919,0.9335646033287048,0.0018456868128851056,0.01607094146311283,0.006884720176458359,0.0059393104165792465,0.005970983300358057,0.005456526298075914,-0.007576162461191416,-0.006688945926725864,-0.006101157981902361,0.04663621261715889,0.0503326840698719,0.04750439524650574,0.01325839664787054,0.014599408954381943,0.011193591170012951,0.012449421919882298,0.017668582499027252,0.01764531619846821,0.010110861621797085,0.01222715899348259,0.011111936531960964,-0.0014268828090280294,-0.0018498061690479517,-0.002959273522719741,0.0044065299443900585,0.001970191951841116,0.0016808686777949333,0.021858690306544304,0.022818801924586296,0.021584613248705864,0.0021543665789067745,0.0017545642331242561,0.003588762367144227,0.006781527306884527,0.008341274224221706,0.008546115830540657,-0.010828345082700253,-0.009780974127352238,-0.010141569189727306,-0.046967748552560806,-0.05173845216631889,-0.04802428185939789,0.009325714781880379,0.009323591366410255,0.008151442743837833,0.1091751828789711,0.12020785361528397,0.11049012094736099,0.00014207515050657094,0.0025697611272335052,0.0009141400805674493,
0.008601301349699497,0.0043126377277076244,-0.0011266096262261271,0.0029077595099806786,0.004092256538569927,0.0051314979791641235,0.006040455773472786,0.008715743198990822,0.013993938453495502,0.02686300501227379,0.023521967232227325,0.02344866655766964,0.019055943936109543,0.01975369080901146,0.021034564822912216,-0.02037654258310795,-0.020528780296444893,-0.02337883599102497,-0.006607921328395605,-0.001680735033005476,0.0008476728689856827,0.028062738478183746,0.029734335839748383,0.02713697962462902,0.012257411144673824,0.01251194067299366,0.007899063639342785,0.04493676871061325,0.04469875246286392,0.04422129690647125,-0.03764563798904419,-0.03607408329844475,-0.034083858132362366,-0.06400059163570404,-0.06802234798669815,-0.06845714896917343,-3.091671533184126e-05,-0.004426626954227686,-0.006604849826544523,0.20849990844726562,0.22835946083068848,0.23667438328266144,-0.004164405167102814,-0.003401202615350485,-0.00041730725206434727,0.09987892210483551,0.10081031173467636,0.10192596912384033,-0.12256820499897003,-0.12180254608392715,-0.12398812174797058,0.4351257085800171,0.45433470606803894,0.4826265275478363,-0.0014226405182853341,-0.002083199331536889,0.0042524319142103195,0.0817110687494278,0.08754464983940125,0.09027886390686035,0.04773654788732529,0.04641982913017273,0.05056259408593178,0.019052838906645775,0.017521405592560768,0.01677606999874115,-0.037695448845624924,-0.035131558775901794,-0.036232560873031616,0.14472828805446625,0.15596099197864532,0.1643660068511963,0.04268864914774895,0.042136214673519135,0.03902590647339821,0.0642264261841774,0.07291413098573685,0.07580883055925369,-0.09724416583776474,-0.0956188514828682,-0.09399522840976715,-0.3755403161048889,-0.3907660245895386,-0.41454029083251953,-0.0244449432939291,-0.030658049508929253,-0.034440942108631134,0.8711930513381958,0.9335646033287048,0.9996992349624634,0.0031054741702973843,0.006101235281676054,0.015619024634361267,0.004478728398680687,0.006760960910469294,0.0065271975472569466,-0.007616328541189432,-0.006626128684729338,-0.005561040248721838,0.047157663851976395,0.047614142298698425,0.0502534881234169,0.015396162867546082,0.013522905297577381,0.013114303350448608,0.013411308638751507,0.017065750434994698,0.01817685179412365,0.009177260100841522,0.01078458596020937,0.011083937250077724,0.0007267069304361939,-0.001167948474176228,-0.0015585242072120309,0.0003578064788598567,0.002759254304692149,0.0013119913637638092,0.017608070746064186,0.021770047023892403,0.02292746491730213,0.002858124440535903,0.0033518115524202585,0.004263811744749546,0.0064536286517977715,0.007324200589209795,0.008466644212603569,-0.011462817899882793,-0.01022767461836338,-0.010274572297930717,-0.04701032117009163,-0.04861079901456833,-0.05095721408724785,0.009520287625491619,0.009277500212192535,0.008932450786232948,0.10773997753858566,0.1129913404583931,0.11906222254037857,0.0011850186856463552,0.001812306814827025,0.003386038588359952,
0.015614567324519157,0.022360147908329964,0.017126256600022316,0.007387980353087187,0.0062560406513512135,0.00844030361622572,0.044149573892354965,0.04082164168357849,0.047555964440107346,0.0019517609616741538,0.000347837689332664,-0.0013352642999961972,-0.00011255858407821506,0.002821143949404359,-0.00020309598767198622,0.013109611347317696,0.011964061297476292,0.01378005649894476,0.004028214141726494,0.011323381215333939,0.007055393885821104,-0.004097042605280876,0.0007903301739133894,-0.004607762675732374,0.008920703083276749,0.006684025749564171,0.008318127132952213,-0.04073671996593475,-0.04365101829171181,-0.04031682386994362,0.0026094457134604454,0.005318269599229097,0.004916448146104813,-0.00978365633636713,-0.001972849015146494,-0.0043870811350643635,-0.055947594344615936,-0.05294981598854065,-0.05083434656262398,0.01863800920546055,0.004374039359390736,0.004227031022310257,0.2532755732536316,0.2250872403383255,0.21599644422531128,-0.016172051429748535,-0.0002746896934695542,-0.015102113597095013,0.03566762059926987,0.02521052211523056,0.03031594678759575,-0.0008685977663844824,-0.013964101672172546,-0.010916712693870068,0.38373899459838867,0.3230927288532257,0.32825809717178345,-0.011134960688650608,0.00037741594132967293,-0.002754863351583481,0.021741703152656555,0.027687514200806618,0.020106349140405655,0.02673451229929924,-0.000530896068084985,0.010372381657361984,0.048370055854320526,0.06610357016324997,0.05423051491379738,-0.02541828155517578,-0.0015964754857122898,-0.028053905814886093,0.04499170184135437,0.034715961664915085,0.04422396793961525,-0.10752338916063309,-0.11139634251594543,-0.10562752932310104,-0.0003318294184282422,0.004214527551084757,0.0017857820494100451,-0.014868177473545074,0.0026509766466915607,-0.003502113977447152,-0.19855806231498718,-0.17723311483860016,-0.1783333122730255,0.0313570536673069,0.0018456868128851056,0.0031054741702973843,0.9996849894523621,0.9000558257102966,0.8642990589141846,0.003934333100914955,0.0010086612310260534,0.00015341372636612505,0.004787319339811802,0.005099083762615919,0.007443875074386597,0.001960574183613062,-0.0026409211568534374,-0.001013774424791336,0.04236605390906334,0.03723537176847458,0.037903767079114914,0.0054672472178936005,0.0013629751047119498,0.0026127297896891832,-0.005368873942643404,0.0010030264966189861,-0.00022669373720418662,-0.005035215988755226,-0.009998713620007038,-0.006467960309237242,0.0014941486297175288,0.006475718226283789,0.004461419302970171,-0.00021386191656347364,0.001636646455153823,-0.0035572072956711054,0.010359213687479496,0.011565690860152245,0.014839987270534039,-0.005212555639445782,-0.012586228549480438,-0.009477520361542702,0.001892046770080924,0.0028868422377854586,0.00332564371638,-0.008744655176997185,-0.0009951519314199686,-0.0018826621817424893,-0.026016494259238243,-0.01776188425719738,-0.017321672290563583,0.0035994481295347214,-0.00477915583178401,-0.0043632350862026215,0.1285054236650467,0.11304790526628494,0.10863950848579407,
0.026733633130788803,0.025045139715075493,0.022346753627061844,-0.0011382965603843331,-0.0004325474437791854,0.0010083920788019896,0.03050212748348713,0.032092344015836716,0.034176550805568695,0.006836442276835442,0.007210757117718458,0.00615535257384181,-0.0007085556862875819,-0.00044598025851882994,-0.0014908015727996826,0.003651061560958624,0.014341230504214764,0.010692964307963848,0.0055846539326012135,0.005096028558909893,0.0069970181211829185,0.006316586397588253,-0.0031859625596553087,-0.004023194313049316,0.002792980754747987,0.00903369951993227,0.007407073397189379,-0.03991682082414627,-0.0392831452190876,-0.04011064022779465,0.0038372622802853584,0.002274817554280162,0.0030872393399477005,5.327508188202046e-05,-0.003467305563390255,-0.004687667824327946,-0.04483703151345253,-0.05594675987958908,-0.05332694947719574,0.008021996356546879,0.013639649376273155,0.007275029551237822,0.2218879908323288,0.2503361403942108,0.23098915815353394,-0.0023727226071059704,-0.013866685330867767,-0.01245121005922556,0.017582440748810768,0.03026825375854969,0.028645072132349014,-0.011912156827747822,-0.007981041446328163,-0.013288048096001148,0.3205486238002777,0.35654518008232117,0.33415651321411133,-0.0016631187172606587,0.006811915896832943,0.005515687167644501,0.021251890808343887,0.027790645137429237,0.024446608498692513,-0.0029513214249163866,0.012831117957830429,0.0041234614327549934,0.06127258762717247,0.06084003672003746,0.06284145265817642,-0.003063770942389965,-0.016778556630015373,-0.01638653315603733,0.028012512251734734,0.040817949920892715,0.038211122155189514,-0.10831636190414429,-0.11041586101055145,-0.10996167361736298,0.0019252026686444879,-0.0031322073191404343,0.00015861255815252662,0.0026720513124018908,-0.006244650576263666,-0.0047245630994439125,-0.18155312538146973,-0.2022610902786255,-0.1896551102399826,0.0028028099332004786,0.01607094146311283,0.006101235281676054,0.9000558257102966,0.9996874332427979,0.9280146956443787,0.004425439052283764,0.0030571718234568834,0.0010309951612725854,0.0018046871991828084,0.003733551362529397,0.005448662675917149,-0.0005635810666717589,0.00014400608779396862,-0.0005418525543063879,0.03761197626590729,0.04121866449713707,0.04020823538303375,0.003952592611312866,0.005605755839496851,0.0037798096891492605,-0.0032145960722118616,-0.003075100714340806,-0.0018157701706513762,-0.010510117746889591,-0.007460539694875479,-0.007300499361008406,0.004942030645906925,0.005006193649023771,0.005721627734601498,0.00432088365778327,0.0019108839333057404,-0.0011738385073840618,0.007022522389888763,0.009889892302453518,0.012017268687486649,-0.009845882654190063,-0.008460563607513905,-0.010240118950605392,0.002372757764533162,0.0016350721707567573,0.0034130155108869076,-0.004282329231500626,-0.004570917226374149,-0.0036230995319783688,-0.021460434421896935,-0.02229502610862255,-0.019678939133882523,-0.001238335156813264,-0.0004945267573930323,-0.002236924832686782,0.11813277751207352,0.1288643330335617,0.11976351588964462,
0.023184143006801605,0.023940104991197586,0.019328948110342026,0.0014102698769420385,-0.001242301776073873,-0.0019749142229557037,0.03821120783686638,0.03397757187485695,0.034576527774333954,0.006144764833152294,0.00727705517783761,0.008818849921226501,-0.0005420281668193638,0.0007854801951907575,-0.0004433449066709727,0.006872327532619238,0.013012238778173923,0.0128324618563056,0.0033496760297566652,0.0056769452057778835,0.004194031935185194,-0.0018272075103595853,-0.002063952386379242,-0.002676712116226554,0.00506212841719389,0.008508401922881603,0.006024531088769436,-0.03670487552881241,-0.03903687000274658,-0.040134578943252563,0.0026237559504806995,0.003557539312168956,0.00158633419778198,-0.0036178433801978827,-0.0018327184952795506,-0.005592264235019684,-0.043347813189029694,-0.05021055042743683,-0.051974955946207047,0.005681703798472881,0.00514964759349823,0.006589001975953579,0.21456389129161835,0.2336771935224533,0.2512449026107788,-0.01585322618484497,-0.007640758994966745,-0.011066845618188381,0.025168752297759056,0.029076941311359406,0.025975776836276054,-0.006795479450374842,-0.011174006387591362,-0.01348049845546484,0.3288895785808563,0.338262677192688,0.3611242175102234,-0.0024007379543036222,0.007152549922466278,0.005074189510196447,0.02093350887298584,0.03002406843006611,0.02840610407292843,0.013664621859788895,0.008238195441663265,0.005951405968517065,0.05315319076180458,0.06357971578836441,0.06308712065219879,-0.028648672625422478,-0.011808481067419052,-0.010206807404756546,0.03836764395236969,0.037690579891204834,0.03339247778058052,-0.1021857038140297,-0.10786115378141403,-0.10955630242824554,-0.0006100739701651037,0.001476489705964923,0.001841590739786625,-0.005601625423878431,-0.002581915585324168,-0.007904458791017532,-0.1789599508047104,-0.18347367644309998,-0.1955893635749817,0.0075299860909581184,0.006884720176458359,0.015619024634361267,0.8642990589141846,0.9280146956443787,0.999688982963562,0.0007871559937484562,-0.00017059798119589686,0.0007583025726489723,0.004499002825468779,0.005392970517277718,0.004740368574857712,-2.2069816623115912e-05,-0.002469387138262391,-0.0011156961554661393,0.03649316355586052,0.03717730566859245,0.03995607793331146,0.006099755875766277,0.004483497701585293,0.0047486633993685246,-0.003534527262672782,-0.0005042827688157558,-0.0012092568213120103,-0.006341890897601843,-0.00770768616348505,-0.006526407785713673,-0.000322568288538605,0.004213782958686352,0.004530943464487791,-0.001632267259992659,0.0008573629311285913,-0.00020138287800364196,0.010130136273801327,0.01082648616284132,0.01086979079991579,-0.006548549979925156,-0.010680103674530983,-0.010319036431610584,0.0011672500986605883,0.0020756253506988287,0.0023916380014270544,-0.0063767628744244576,-0.002836800878867507,-0.004406588152050972,-0.022470157593488693,-0.02088778465986252,-0.0221782848238945,0.0003959675959777087,-0.0027085398323833942,-0.00044738437281921506,0.11443497240543365,0.120934396982193,0.12972690165042877,
-0.03094889596104622,-0.030305346474051476,-0.028197741135954857,-0.006208406295627356,-0.0015648517291992903,0.001978982472792268,-0.015831083059310913,-0.013177271001040936,-0.011631421744823456,0.010223980993032455,0.008817448280751705,0.0065666260197758675,-0.0034868200309574604,-0.0029400468338280916,-0.0032586921006441116,0.004348537884652615,0.003025509649887681,0.0007562133832834661,0.0031931365374475718,0.006808088161051273,0.0077840290032327175,-0.002394807757809758,-0.005788041744381189,-0.006620604079216719,0.003929466474801302,0.0026887687854468822,0.0044996729120612144,0.008392391726374626,0.005569633562117815,0.004565795883536339,-0.0008058048551902175,-0.001138575142249465,0.0005447505973279476,0.008114893920719624,0.008911745622754097,0.009077866561710835,3.418769847485237e-05,-0.0029072619508951902,-0.005742077250033617,0.00436489749699831,0.005499911494553089,0.004231613129377365,0.00322730396874249,0.004312321078032255,-0.0006226261612027884,0.07681862264871597,0.06996288150548935,0.06619961559772491,-0.026843760162591934,-0.02882125973701477,-0.026529304683208466,0.007275237701833248,0.006774257402867079,0.004645971115678549,0.0036561444867402315,0.00453219236806035,0.0030608088709414005,0.010832536034286022,0.010346000082790852,0.009839396923780441,-0.012845933437347412,-0.00872080773115158,-0.008959176018834114,0.004718164447695017,0.0017502647824585438,0.0012470497749745846,-0.001931578735820949,-0.003093441715463996,-0.001292251399718225,0.035332415252923965,0.031472109258174896,0.030427509918808937,-0.010545537807047367,-0.012956290505826473,-0.009975451976060867,0.0259933453053236,0.021054821088910103,0.022581705823540688,0.0002843053371179849,0.0005888092564418912,0.0005654155393131077,0.015117678791284561,0.015024358406662941,0.01471807062625885,-0.02764369547367096,-0.025491945445537567,-0.026463903486728668,0.005767918191850185,0.0059393104165792465,0.004478728398680687,0.003934333100914955,0.004425439052283764,0.0007871559937484562,0.9996897578239441,0.8756061792373657,0.831740140914917,-0.22349004447460175,-0.1848778873682022,-0.16494745016098022,0.21405580639839172,0.19703811407089233,0.18196570873260498,-0.05209065601229668,-0.03549179062247276,-0.0495976023375988,0.12713630497455597,0.11310751736164093,0.11170010268688202,-0.006883188150823116,0.004482451360672712,0.007681511342525482,0.09980541467666626,0.10039252787828445,0.08633118122816086,-0.10141988843679428,-0.09676651656627655,-0.09100304543972015,0.564134955406189,0.4860646426677704,0.46561145782470703,-0.14132006466388702,-0.11132664233446121,-0.09841485321521759,0.11208923161029816,0.09759034216403961,0.09702803194522858,-0.07423216104507446,-0.06272617727518082,-0.05042840167880058,0.02436063066124916,0.012369539588689804,0.00896673183888197,-0.08049599081277847,-0.08595350384712219,-0.0814933180809021,0.19553756713867188,0.18791531026363373,0.1748560070991516,-0.04708006978034973,-0.03218734636902809,-0.047940611839294434,
-0.03325241059064865,-0.032001495361328125,-0.03041970171034336,-0.008317923173308372,-0.0030093654058873653,8.454828639514744e-05,-0.013320429250597954,-0.009931160137057304,-0.008143040351569653,0.010371530428528786,0.007346093654632568,0.005468130577355623,-0.0019562907982617617,-0.0035304275806993246,-0.0033356756903231144,0.004942317958921194,0.004699025768786669,0.002644122112542391,0.002457651775330305,0.005241750739514828,0.007455597165971994,-0.0023633395321667194,-0.006675924640148878,-0.007129556965082884,0.0036459206603467464,0.003366464050486684,0.004007862880825996,0.006778499111533165,0.007092059124261141,0.005188442301005125,-0.0009645529789850116,-0.00185969949234277,0.0001085721087292768,0.007152382284402847,0.008089556358754635,0.008504063822329044,0.0006322782137431204,-0.003411957062780857,-0.005342305172234774,0.003968516364693642,0.0055390819907188416,0.004961179103702307,0.0024962208699434996,0.003968839067965746,-0.00023451483866665512,0.06751648336648941,0.07559829950332642,0.07073663920164108,-0.024845799431204796,-0.030878150835633278,-0.029373276978731155,0.005611661821603775,0.007218499202281237,0.006834860425442457,0.00453050946816802,0.004669273272156715,0.0038695805706083775,0.010341564193367958,0.010849691927433014,0.01123327761888504,-0.01018826849758625,-0.011282377876341343,-0.010140306316316128,0.0016450171824544668,0.0034058289602398872,0.0025828329380601645,-0.005319066811352968,-0.002523567294701934,-0.0018724482506513596,0.0317387655377388,0.03300538286566734,0.03127964586019516,-0.010065083391964436,-0.01294204592704773,-0.011915905401110649,0.022596601396799088,0.02214142493903637,0.023005688562989235,0.002110769273713231,-0.0006643373635597527,-0.0005043670535087585,0.011650384403765202,0.014173717238008976,0.013613625429570675,-0.022731445729732513,-0.02665100432932377,-0.025076286867260933,0.006519293412566185,0.005970983300358057,0.006760960910469294,0.0010086612310260534,0.0030571718234568834,-0.00017059798119589686,0.8756061792373657,0.999701976776123,0.8973252177238464,-0.1850334256887436,-0.22761842608451843,-0.2000432014465332,0.19619959592819214,0.21520617604255676,0.1972145438194275,-0.03721829503774643,-0.058915875852108,-0.049231745302677155,0.11286646127700806,0.13528354465961456,0.1227506473660469,0.003827502019703388,-0.006800671108067036,0.0004435907758306712,0.09981587529182434,0.09706106036901474,0.09322232007980347,-0.09598878026008606,-0.10212024301290512,-0.09601636976003647,0.48584339022636414,0.5578394532203674,0.5013138651847839,-0.11177051067352295,-0.14093469083309174,-0.12337085604667664,0.09698536992073059,0.1107427179813385,0.10379063338041306,-0.061133962124586105,-0.07347242534160614,-0.06313225626945496,0.014614105224609375,0.02315858192741871,0.01674649305641651,-0.08416283875703812,-0.08518979698419571,-0.08619291335344315,0.18506906926631927,0.19397003948688507,0.18241620063781738,-0.034633148461580276,-0.0457877553999424,-0.0380915068089962,
-0.032028455287218094,-0.03203746676445007,-0.02881510928273201,-0.007793927565217018,-0.005503806751221418,-0.0036329145077615976,-0.010445918887853622,-0.008188707754015923,-0.007788912858814001,0.009976735338568687,0.00710255466401577,0.005598315969109535,-0.0005243697087280452,-0.0012001467403024435,-0.0019877615850418806,0.004732290282845497,0.0049140057526528835,0.003652427112683654,0.00011202397581655532,0.0030543284956365824,0.005040864460170269,-0.0014446531422436237,-0.004338918719440699,-0.0038870719727128744,0.0041376701556146145,0.0029633240774273872,0.002980360994115472,0.008001257665455341,0.007014594506472349,0.00561681529507041,0.00021296307386364788,-0.00034285662695765495,0.00065744569292292,0.00636875256896019,0.007552253548055887,0.008324841968715191,-0.0005293762660585344,-0.0020725762005895376,-0.0030675388406962156,0.0032550361938774586,0.003907577600330114,0.00381606537848711,0.002090306021273136,0.0027507867198437452,-0.00010483015648787841,0.06545279175043106,0.07076451927423477,0.07551699876785278,-0.02181616798043251,-0.0277822595089674,-0.030416442081332207,0.0057687908411026,0.006934538949280977,0.009156661108136177,0.004070137161761522,0.0028621379751712084,0.0022683448623865843,0.011226700618863106,0.011578411795198917,0.013010486960411072,-0.009443751536309719,-0.009155411273241043,-0.010206019505858421,0.0037061346229165792,0.003428056603297591,0.0046846275217831135,-0.005756392143666744,-0.0036621252074837685,-0.0019227552693337202,0.03110225684940815,0.03238476440310478,0.03459547832608223,-0.007886173203587532,-0.011625285260379314,-0.013201451860368252,0.02408636547625065,0.02254604920744896,0.024432890117168427,0.0022701863199472427,-5.081884955870919e-05,-0.0013883506180718541,0.010595163330435753,0.013270152732729912,0.014228437095880508,-0.023613261058926582,-0.02438643015921116,-0.025703569874167442,0.005789934657514095,0.005456526298075914,0.0065271975472569466,0.00015341372636612505,0.0010309951612725854,0.0007583025726489723,0.831740140914917,0.8973252177238464,0.999683678150177,-0.16487514972686768,-0.19956903159618378,-0.2212042659521103,0.18313442170619965,0.19808925688266754,0.214066743850708,-0.04917033016681671,-0.04779001325368881,-0.04970699921250343,0.1108870878815651,0.12223899364471436,0.13093793392181396,0.0070739914663136005,0.00025434824055992067,-0.004476746078580618,0.08669745922088623,0.09354836493730545,0.09855856001377106,-0.09040648490190506,-0.09527818113565445,-0.10170429944992065,0.46536126732826233,0.5015680193901062,0.5591570734977722,-0.09789478778839111,-0.12203039973974228,-0.13658712804317474,0.09632150083780289,0.10341233760118484,0.1114814430475235,-0.049571603536605835,-0.0633775070309639,-0.07229641824960709,0.011279881000518799,0.017175307497382164,0.026831191033124924,-0.08008892834186554,-0.08612342178821564,-0.08183635026216507,0.1734292209148407,0.1830114722251892,0.19160737097263336,-0.04883570596575737,-0.037515878677368164,-0.03841153904795647,
0.02228373847901821,0.02044072560966015,0.018703486770391464,-0.0075755356810987,-0.010298210196197033,-0.011242680251598358,0.008100633509457111,0.005090876016765833,0.00374792842194438,-0.004298473708331585,-0.002142240758985281,-0.0007404536008834839,0.00047254632227122784,-0.0002514023217372596,-0.0009783937130123377,0.0014297942398115993,0.0013452456332743168,0.0029767199885100126,-0.005051544867455959,-0.005112738348543644,-0.007501246873289347,-0.0007632655906490982,0.00034030049573630095,0.0008584015304222703,0.019378522410988808,0.015969881787896156,0.015073387883603573,-0.007073515560477972,-0.005760082509368658,-0.004752871114760637,0.017012841999530792,0.015467384830117226,0.013814670033752918,-0.0015610632253810763,-0.0014600958675146103,-0.0031854088883847,-2.179509465349838e-05,0.003643832402303815,0.004079215694218874,0.0015089259250089526,0.0003174884186591953,0.002891065552830696,-0.002357620745897293,-0.004707945045083761,-0.0029720512684434652,-0.029155099764466286,-0.02614671364426613,-0.024994220584630966,0.12645046412944794,0.11359033733606339,0.10924840718507767,0.005764134228229523,0.006956819444894791,0.008249033242464066,0.01567528210580349,0.012232745066285133,0.012751114554703236,-0.003384827170521021,0.0018748348811641335,-0.0002660749014467001,0.020822441205382347,0.017934441566467285,0.016086747869849205,0.027912361547350883,0.025068219751119614,0.0241832435131073,0.018771687522530556,0.01718435436487198,0.01668437570333481,-0.01024024561047554,-0.008203784935176373,-0.00804218091070652,0.09031059592962265,0.07878616452217102,0.07601860910654068,-0.027487382292747498,-0.02523314394056797,-0.023966412991285324,0.05063987150788307,0.04617473855614662,0.04424455016851425,0.010781833902001381,0.00916079618036747,0.009914827533066273,0.028116988018155098,0.029038891196250916,0.02773985266685486,-0.008474462665617466,-0.007576162461191416,-0.007616328541189432,0.004787319339811802,0.0018046871991828084,0.004499002825468779,-0.22349004447460175,-0.1850334256887436,-0.16487514972686768,0.999708354473114,0.8788251876831055,0.8344850540161133,0.010948391631245613,0.020072201266884804,0.022727690637111664,0.1458476036787033,0.1293104588985443,0.1262970268726349,-0.06421419978141785,-0.052732452750205994,-0.0650709792971611,0.20565253496170044,0.19102701544761658,0.1810017228126526,0.09460343420505524,0.08223333209753036,0.08427851647138596,0.13876579701900482,0.1213383600115776,0.12085991352796555,-0.09637408703565598,-0.07277040183544159,-0.06539563834667206,0.7232690453529358,0.6321575045585632,0.6013895273208618,-0.15172648429870605,-0.14199422299861908,-0.13424770534038544,0.3948717415332794,0.3592265248298645,0.33310529589653015,0.1744370311498642,0.16001883149147034,0.15770913660526276,0.18874432146549225,0.179304301738739,0.1627550721168518,-0.15094280242919922,-0.1348850429058075,-0.12888415157794952,0.04763593524694443,0.041954878717660904,0.0466143861413002,
0.024123571813106537,0.021663401275873184,0.020549271255731583,-0.00657586008310318,-0.010187400504946709,-0.011257217265665531,0.00848001055419445,0.00443113362416625,0.003717015730217099,-0.0029961757827550173,-0.001598060131072998,0.0005502994754351676,-0.0006323082488961518,0.0014607985503971577,-2.7222213248023763e-05,-0.0005236183642409742,-0.00040830980287864804,0.0014449760783463717,-0.004392542876303196,-0.004950446076691151,-0.007703858427703381,-0.0014479623641818762,0.0008981003193184733,0.000818700878880918,0.015161522664129734,0.01674048975110054,0.014773769304156303,-0.005435193423181772,-0.006874285638332367,-0.005230615846812725,0.015475318767130375,0.01682959496974945,0.015929093584418297,-0.0023275972343981266,-0.0006590413395315409,-0.002324729925021529,9.273012256016955e-05,0.002922801533713937,0.0036255093291401863,0.004969170317053795,0.001155360252596438,0.003472710959613323,-0.0005357618210837245,-0.0019525832030922174,-0.00040387941407971084,-0.023783836513757706,-0.02807321399450302,-0.026776395738124847,0.11293067783117294,0.1251107156276703,0.11646346747875214,0.010166850872337818,0.008713006973266602,0.009272390976548195,0.014178957790136337,0.013813546858727932,0.013779080472886562,0.002696578623726964,-0.0005253209383226931,0.0006248574354685843,0.019238857552409172,0.020070480182766914,0.019676247611641884,0.026038547977805138,0.02506684511899948,0.024166034534573555,0.018617013469338417,0.01886572875082493,0.01862887665629387,-0.007924970239400864,-0.0071892160922288895,-0.007346746977418661,0.08018791675567627,0.08792372792959213,0.0817229375243187,-0.025268135592341423,-0.02429351583123207,-0.02405916154384613,0.04557026922702789,0.051332276314496994,0.04822826758027077,0.01075949240475893,0.011938299983739853,0.012055400758981705,0.027761828154325485,0.02837049402296543,0.028130237013101578,-0.0038946589920669794,-0.006688945926725864,-0.006626128684729338,0.005099083762615919,0.003733551362529397,0.005392970517277718,-0.1848778873682022,-0.22761842608451843,-0.19956903159618378,0.8788251876831055,0.9997102618217468,0.899964451789856,0.022489462047815323,0.010676157660782337,0.018058644607663155,0.1293540894985199,0.15246076881885529,0.138276144862175,-0.0525079146027565,-0.07440328598022461,-0.06414304673671722,0.1903727948665619,0.20455792546272278,0.19137510657310486,0.08231537789106369,0.09777158498764038,0.09074269980192184,0.12014137953519821,0.13803310692310333,0.1285531371831894,-0.07284776866436005,-0.0931992307305336,-0.08104361593723297,0.6316441297531128,0.7206775546073914,0.6482394933700562,-0.1400623619556427,-0.14899471402168274,-0.14192187786102295,0.35869932174682617,0.3957860469818115,0.3653419613838196,0.1591947078704834,0.17291490733623505,0.1613503098487854,0.1780286431312561,0.18994462490081787,0.174757182598114,-0.13250601291656494,-0.1471053510904312,-0.1345812827348709,0.042406752705574036,0.04845507815480232,0.04693770408630371,
0.0230379868298769,0.021463481709361076,0.01985582895576954,-0.00466530118137598,-0.006721207406371832,-0.007425968069583178,0.006887041497975588,0.004182011354714632,0.0038659011479467154,-0.0021501120645552874,-0.0007832477567717433,-0.000420784461311996,-0.0009656510665081441,0.00015313748735934496,-0.000110389526525978,8.547455945517868e-05,-0.00047044167877174914,0.001136600156314671,-0.00398174487054348,-0.0039022222626954317,-0.006935032084584236,-0.0017146114259958267,-0.0005639712326228619,-0.0008576189284212887,0.01558580994606018,0.01535914745181799,0.01700332947075367,-0.007168424781411886,-0.007627446204423904,-0.006413578987121582,0.0144955487921834,0.016458608210086823,0.015574000775814056,-0.002473925007507205,-0.001202923827804625,-0.003022372256964445,0.000235609186347574,0.0029021319933235645,0.0024690646678209305,0.005766827613115311,0.0032519421074539423,0.006192191503942013,0.0002890863688662648,-0.0009477343410253525,-0.0007406965014524758,-0.022338425740599632,-0.0251905620098114,-0.028279803693294525,0.10926976799964905,0.11588907986879349,0.12375097721815109,0.009577550925314426,0.008632775396108627,0.008556060492992401,0.01446633879095316,0.01377734262496233,0.01431548222899437,0.0001958880602614954,-0.0002952768700197339,-0.0018276746850460768,0.016948362812399864,0.0171598382294178,0.02018062025308609,0.024532916024327278,0.023009102791547775,0.024256184697151184,0.018307210877537727,0.018574105575680733,0.018559349700808525,-0.00810572225600481,-0.006945380475372076,-0.008089570328593254,0.07811274379491806,0.08130820095539093,0.08716990798711777,-0.02503971755504608,-0.024411644786596298,-0.025175666436553,0.04435013234615326,0.04841243475675583,0.05172299966216087,0.010840481147170067,0.011232990771532059,0.011861419305205345,0.025614382699131966,0.026803571730852127,0.028053482994437218,-0.00425711227580905,-0.006101157981902361,-0.005561040248721838,0.007443875074386597,0.005448662675917149,0.004740368574857712,-0.16494745016098022,-0.2000432014465332,-0.2212042659521103,0.8344850540161133,0.899964451789856,0.9997132420539856,0.02296902798116207,0.016491713002324104,0.011434401385486126,0.12666970491409302,0.13844648003578186,0.14805959165096283,-0.06524491310119629,-0.06459994614124298,-0.06553801894187927,0.1813543140888214,0.1921658217906952,0.20170757174491882,0.0832262933254242,0.08983860909938812,0.09761101752519608,0.11923974752426147,0.12833131849765778,0.13863851130008698,-0.06483672559261322,-0.07980165630578995,-0.08988422155380249,0.6022347807884216,0.6491976976394653,0.7199200987815857,-0.1328767091035843,-0.1418161690235138,-0.14955532550811768,0.3324306607246399,0.36527884006500244,0.3973233699798584,0.15615227818489075,0.15981879830360413,0.17342717945575714,0.16159889101982117,0.1747686117887497,0.19313114881515503,-0.12767215073108673,-0.13497653603553772,-0.14494000375270844,0.047767963260412216,0.04798712953925133,0.04087967425584793,
0.00404982827603817,0.003943840507417917,0.0029357753228396177,-0.020082613453269005,-0.014387850649654865,-0.012495717033743858,0.000814458355307579,0.0006000676658004522,0.0006518494919873774,0.005672387313097715,0.004624862689524889,0.0032554182689636946,-0.0007196649676188827,-0.003846402047201991,-0.001869644271209836,0.002544214017689228,0.0010416839504614472,0.000660900492221117,-0.003607172518968582,-0.0019283518195152283,-0.0019084415398538113,-0.0021930276416242123,-0.003360703121870756,-0.004246775060892105,-0.003368510166183114,-0.0037687676958739758,-0.003069329308345914,0.009439741261303425,0.009188554249703884,0.0062656584195792675,-0.0033355089835822582,-0.002908233320340514,-0.002311950083822012,0.010185741819441319,0.010503053665161133,0.009588689543306828,0.006630775984376669,0.004547285847365856,0.0012054184917360544,0.00883109774440527,0.008299320936203003,0.007641174830496311,-0.0010845763608813286,-0.0024301023222506046,-0.003283795900642872,0.005953834392130375,0.005414996296167374,0.0026163256261497736,-0.0034241057001054287,-0.002870857948437333,-0.002832218073308468,0.1032116487622261,0.09420522302389145,0.09119352698326111,-0.010171202942728996,-0.012231552973389626,-0.010568737052381039,0.0331600084900856,0.031119154766201973,0.030460312962532043,-0.0210257638245821,-0.01865544356405735,-0.017193801701068878,0.014916771091520786,0.011591784656047821,0.009875630959868431,-0.005621214862912893,-0.0012954265112057328,-0.003290375927463174,-0.005034612026065588,-0.003655781736597419,-0.005987770855426788,-0.012983264401555061,-0.01216659601777792,-0.011871423572301865,0.018043337389826775,0.014953713864088058,0.014762112870812416,-0.0040027303621172905,-0.003921067342162132,-0.0033270397689193487,0.00709458626806736,0.008412661030888557,0.007685171905905008,-0.0007011903799138963,-0.0003560886543709785,-0.0008763776859268546,0.05196294188499451,0.04663621261715889,0.047157663851976395,0.001960574183613062,-0.0005635810666717589,-2.2069816623115912e-05,0.21405580639839172,0.19619959592819214,0.18313442170619965,0.010948391631245613,0.022489462047815323,0.02296902798116207,0.9997228980064392,0.8766397833824158,0.8345666527748108,-0.11834089457988739,-0.109354168176651,-0.10380219668149948,0.13408541679382324,0.11453934013843536,0.11354664713144302,-0.14772363007068634,-0.11266747862100601,-0.09747771918773651,0.10374622046947479,0.09319017827510834,0.08265330642461777,-0.07615406811237335,-0.05865171551704407,-0.07019606977701187,0.1529437005519867,0.14482536911964417,0.13759249448776245,-0.07161889225244522,-0.05572286993265152,-0.055236559361219406,0.12202735990285873,0.10593921691179276,0.10373367369174957,0.03259244188666344,0.030247291550040245,0.03541436046361923,-0.1645098477602005,-0.13257792592048645,-0.1365893930196762,-0.0870509222149849,-0.08076310902833939,-0.0764627680182457,0.5581727623939514,0.4828818142414093,0.4654088020324707,-0.07963838428258896,-0.0741322711110115,-0.07062438875436783,
0.004152145702391863,0.004664527717977762,0.004033505450934172,-0.022913815453648567,-0.01917286403477192,-0.01684386283159256,-0.0027345693670213223,-0.0015827177558094263,-0.0023568931501358747,0.0044662486761808395,0.005574443843215704,0.00419561006128788,0.0007877167081460357,-0.001643311115913093,-3.9878825191408396e-05,0.00030170870013535023,0.0004606787988450378,-0.0005920772673562169,-0.0020668432116508484,0.0006113479030318558,0.0011160640278831124,-0.002096491865813732,-0.0041214036755263805,-0.004180148243904114,-0.003491449635475874,-0.0040350439958274364,-0.0024443778675049543,0.00918850302696228,0.009229709394276142,0.007617891300469637,-0.0035462761297822,-0.004398555029183626,-0.003918538801372051,0.012262001633644104,0.011787841096520424,0.011251929216086864,0.00544294947758317,0.0027616433799266815,0.0009125564247369766,0.005648585502058268,0.007925806567072868,0.006783346179872751,-0.002434512134641409,-0.0006688822177238762,-0.002762249205261469,0.004468144848942757,0.003577538998797536,0.002729640109464526,-0.00298259942792356,-0.004058739170432091,-0.0035704774782061577,0.09017240256071091,0.1013009250164032,0.09541663527488708,-0.015985986217856407,-0.012333291582763195,-0.013598448596894741,0.029764657840132713,0.03160617873072624,0.030934464186429977,-0.018263185396790504,-0.021373694762587547,-0.0203082375228405,0.009033971466124058,0.010726092383265495,0.009739304892718792,-0.0014319423353299499,-0.0040199426002800465,-0.0027025756426155567,-0.002541770925745368,-0.006166000850498676,-0.006124275270849466,-0.012283241376280785,-0.013050748966634274,-0.012008853256702423,0.015094324946403503,0.015401307493448257,0.01548694632947445,-0.005093029700219631,-0.005686732474714518,-0.004957476165145636,0.00915062241256237,0.00792234018445015,0.008517793379724026,-0.0008400753140449524,-0.0005519802798517048,-0.0007023891666904092,0.043456751853227615,0.0503326840698719,0.047614142298698425,-0.0026409211568534374,0.00014400608779396862,-0.002469387138262391,0.19703811407089233,0.21520617604255676,0.19808925688266754,0.020072201266884804,0.010676157660782337,0.016491713002324104,0.8766397833824158,0.999697744846344,0.8973203301429749,-0.11109212785959244,-0.11727966368198395,-0.10999318957328796,0.11544319987297058,0.13378489017486572,0.12309562414884567,-0.11344476044178009,-0.1521560251712799,-0.1289810836315155,0.09075918048620224,0.10468564927577972,0.09465897083282471,-0.0581209659576416,-0.08755456656217575,-0.07238747924566269,0.14613866806030273,0.1500338464975357,0.1426428109407425,-0.05828705430030823,-0.06854885071516037,-0.06092887371778488,0.10606581717729568,0.12924626469612122,0.11488997936248779,0.029647663235664368,0.031021947041153908,0.030625199899077415,-0.13215124607086182,-0.16647620499134064,-0.14352567493915558,-0.0798453763127327,-0.08999855816364288,-0.0831795260310173,0.48171037435531616,0.5519105792045593,0.49596866965293884,-0.07563988119363785,-0.07954137027263641,-0.07619218528270721,
0.0028342418372631073,0.003961960319429636,0.0037205859553068876,-0.022539706900715828,-0.020348861813545227,-0.018239321187138557,-0.002276082755997777,-0.002321988809853792,-0.0025684458669275045,0.004237301182001829,0.00531521113589406,0.004144289996474981,0.0022034149151295424,0.0006952541880309582,0.0007882020436227322,-5.399356086854823e-05,-0.0010358685394749045,-0.0005090019549243152,-0.0011937315575778484,0.0008971070637926459,0.0007607887382619083,-0.0029675993137061596,-0.003047119826078415,-0.0030042657162994146,-0.0027875646483153105,-0.004106228705495596,-0.0028871200047433376,0.00815851055085659,0.007649487350136042,0.006506101228296757,-0.003060166956856847,-0.003438700921833515,-0.0020481618121266365,0.011141140013933182,0.011484800837934017,0.01098751649260521,0.003666008124127984,0.0029929804150015116,0.0015842445427551866,0.006900911219418049,0.007606992498040199,0.007395646069198847,-0.0018146077636629343,-0.0015079355798661709,-0.00229393201880157,0.0022270202171057463,0.002922964282333851,0.003987597301602364,-0.0013602795079350471,-0.003073354484513402,-0.0029760596808046103,0.08775337040424347,0.09468844532966614,0.10196424275636673,-0.013181866146624088,-0.012341952882707119,-0.011527230963110924,0.029772717505693436,0.03182784840464592,0.03205164521932602,-0.015705963596701622,-0.01810840703547001,-0.022043539211153984,0.009280147030949593,0.009446127340197563,0.012088900431990623,-0.0022160985972732306,-0.0025073266588151455,-0.002993321977555752,-0.00458631943911314,-0.0052053071558475494,-0.00639950530603528,-0.011119439266622066,-0.012891177088022232,-0.012118321843445301,0.013874119147658348,0.013587326742708683,0.01590702310204506,-0.004513862542808056,-0.004135945811867714,-0.004489440005272627,0.007461424916982651,0.007384840864688158,0.007442970760166645,-0.0006357485544867814,0.0004382952756714076,0.0008358106715604663,0.044486742466688156,0.04750439524650574,0.0502534881234169,-0.001013774424791336,-0.0005418525543063879,-0.0011156961554661393,0.18196570873260498,0.1972145438194275,0.214066743850708,0.022727690637111664,0.018058644607663155,0.011434401385486126,0.8345666527748108,0.8973203301429749,0.9996981620788574,-0.10351713001728058,-0.10879896581172943,-0.11609695851802826,0.1135302186012268,0.12319920212030411,0.13242380321025848,-0.0979171097278595,-0.12819182872772217,-0.14653518795967102,0.08139243721961975,0.09499018639326096,0.10567459464073181,-0.06961974501609802,-0.07236015051603317,-0.07756790518760681,0.1364937275648117,0.14139381051063538,0.14797624945640564,-0.05480354279279709,-0.05841203033924103,-0.06779303401708603,0.1038905680179596,0.11545368283987045,0.12666158378124237,0.035549454391002655,0.03147578611969948,0.031877972185611725,-0.13578006625175476,-0.14294451475143433,-0.1643075942993164,-0.07457049936056137,-0.08235093951225281,-0.08926618099212646,0.4652126729488373,0.49659425020217896,0.5520904660224915,-0.07109000533819199,-0.07499520480632782,-0.07920502871274948,
-0.016621360555291176,-0.012784167192876339,-0.011312250047922134,0.008714433759450912,0.010386848822236061,0.011178984306752682,-0.020709367468953133,-0.02076171711087227,-0.019296957179903984,0.003086767392233014,0.001131361466832459,0.002377546625211835,0.00220096274279058,0.0004937129560858011,0.0002106129686580971,0.0015078575816005468,-0.00030975890695117414,0.0005477550439536572,-0.0056317709386348724,-0.004503204487264156,-0.00446035573258996,-0.005955434869974852,-0.004618947859853506,-0.007078377064317465,0.006817963439971209,0.007534302771091461,0.006483762059360743,-0.011020444333553314,-0.009528610855340958,-0.009455222636461258,-0.004386330954730511,-0.005229152273386717,-0.005437857937067747,-0.0034945672377943993,-0.002723001642152667,-0.0018378794193267822,0.008192317560315132,0.005288125481456518,0.003774259937927127,0.002382095670327544,0.0004998601507395506,0.00015342561528086662,0.016013547778129578,0.013644727878272533,0.01413746178150177,0.010571978986263275,0.013519146479666233,0.011039991863071918,0.007262389175593853,0.007705811411142349,0.007465248461812735,-0.006482719909399748,-0.008475160226225853,-0.007018411532044411,0.10933245718479156,0.09923279285430908,0.0964328795671463,-0.02821984514594078,-0.026159968227148056,-0.023494169116020203,0.0270669087767601,0.023196877911686897,0.023209983482956886,-0.01754491589963436,-0.01738862320780754,-0.01592186838388443,0.02457791566848755,0.023678606376051903,0.01929905265569687,0.013155178166925907,0.015884635969996452,0.012535179033875465,0.009751245379447937,0.010606647469103336,0.009980582632124424,-0.022609107196331024,-0.01770898513495922,-0.017111584544181824,0.017130417749285698,0.01571650616824627,0.014088207855820656,-0.015281127765774727,-0.013766132295131683,-0.014832507818937302,0.026057466864585876,0.02194243110716343,0.02137809433043003,0.01726473681628704,0.01325839664787054,0.015396162867546082,0.04236605390906334,0.03761197626590729,0.03649316355586052,-0.05209065601229668,-0.03721829503774643,-0.04917033016681671,0.1458476036787033,0.1293540894985199,0.12666970491409302,-0.11834089457988739,-0.11109212785959244,-0.10351713001728058,0.9997206926345825,0.873131513595581,0.8308027982711792,-0.20375517010688782,-0.16476848721504211,-0.14458200335502625,0.11405894160270691,0.09944333136081696,0.09648428112268448,-0.012279381044209003,-0.02961217239499092,-0.021641341969370842,0.251700222492218,0.23442119359970093,0.2167130708694458,-0.031306006014347076,-0.016181588172912598,-0.03236449509859085,0.13460777699947357,0.11777126789093018,0.11482609063386917,-0.007342686876654625,0.0034020552411675453,0.0072761294431984425,0.16150662302970886,0.15122121572494507,0.1389702707529068,0.02884078025817871,0.02836534194648266,0.022013148292899132,0.2920866310596466,0.26601293683052063,0.2443234920501709,-0.032618071883916855,-0.040074922144412994,-0.035498738288879395,0.3996329605579376,0.3312992751598358,0.32055336236953735,
-0.013824382796883583,-0.009919053874909878,-0.008168862201273441,0.004731562454253435,0.005777828395366669,0.007038148585706949,-0.02326895110309124,-0.022333234548568726,-0.021742742508649826,0.004728423897176981,0.003517342731356621,0.004839255940169096,0.001607237965799868,0.001657563610933721,0.0006287057767622173,0.0016622411785647273,-5.0276164984097704e-05,-4.016847015009262e-05,-0.0082765594124794,-0.0069705890491604805,-0.006740384269505739,-0.005445997230708599,-0.005314805544912815,-0.00584038719534874,0.007956595160067081,0.00837690569460392,0.007212903816252947,-0.008425286039710045,-0.009408649988472462,-0.008287273347377777,-0.0028803341556340456,-0.0043821451254189014,-0.004649692680686712,-0.0023679155856370926,-0.0022879454772919416,-0.0012755364878103137,0.007867484353482723,0.00806346908211708,0.006507690995931625,0.00036513086524792016,-0.00017099770775530487,-0.0010668572504073381,0.014340146444737911,0.014169680885970592,0.01345712412148714,0.016384394839406013,0.015173463150858879,0.014979043044149876,0.0076850359328091145,0.01010833214968443,0.009652298875153065,-0.008260012604296207,-0.006006625015288591,-0.00699305534362793,0.09668737649917603,0.11045511066913605,0.10203111171722412,-0.025666484609246254,-0.03026502951979637,-0.027839956805109978,0.0242498517036438,0.025106554850935936,0.024887077510356903,-0.016536444425582886,-0.017213301733136177,-0.016116926446557045,0.024344950914382935,0.02453226037323475,0.022945621982216835,0.017796332016587257,0.016950983554124832,0.016393743455410004,0.01038947980850935,0.013275940902531147,0.012742978520691395,-0.017911670729517937,-0.019419291988015175,-0.017545703798532486,0.017145972698926926,0.017799178138375282,0.016012880951166153,-0.010796519927680492,-0.012418299913406372,-0.011584974825382233,0.022325526922941208,0.02483891136944294,0.023141883313655853,0.01145351305603981,0.014599408954381943,0.013522905297577381,0.03723537176847458,0.04121866449713707,0.03717730566859245,-0.03549179062247276,-0.058915875852108,-0.04779001325368881,0.1293104588985443,0.15246076881885529,0.13844648003578186,-0.109354168176651,-0.11727966368198395,-0.10879896581172943,0.873131513595581,0.9997185468673706,0.8977928757667542,-0.1648462563753128,-0.20840364694595337,-0.18073487281799316,0.09895305335521698,0.11236679553985596,0.10436611622571945,-0.028453022241592407,-0.012355800718069077,-0.021917784586548805,0.2334107756614685,0.25248783826828003,0.23324117064476013,-0.015304267406463623,-0.034401506185531616,-0.02576940506696701,0.11750401556491852,0.14094096422195435,0.12530672550201416,0.005485606379806995,-0.006131581962108612,0.00024186565133277327,0.15132300555706024,0.1625439077615738,0.14902737736701965,0.02690371870994568,0.025365719571709633,0.023661894723773003,0.26520368456840515,0.28828752040863037,0.26556843519210815,-0.037671465426683426,-0.03368477150797844,-0.033829741179943085,0.3324953019618988,0.3841715455055237,0.34400150179862976,
-0.01218497846275568,-0.008298933506011963,-0.00793070811778307,0.0028815148398280144,0.003685236908495426,0.004103760700672865,-0.02221892587840557,-0.022901786491274834,-0.020812610164284706,0.00692611001431942,0.005912027321755886,0.005946093238890171,0.0018660769565030932,0.001230941852554679,0.0007936336915008724,0.0025894271675497293,0.0006289226585067809,0.001337833353318274,-0.009122725576162338,-0.008234363980591297,-0.00747437821701169,-0.005278159398585558,-0.003446824150159955,-0.004087353590875864,0.00754518760368228,0.007767858915030956,0.006505390163511038,-0.00729973241686821,-0.00782827939838171,-0.008332976140081882,-0.0035778842866420746,-0.004359022248536348,-0.004804985132068396,-0.0020944729913026094,-0.0023333029821515083,-0.0019275166559964418,0.006471205037087202,0.006614308804273605,0.0065207951702177525,-7.068046397762373e-05,-0.0009822908323258162,-0.000866650661919266,0.016461389139294624,0.016256554052233696,0.016664056107401848,0.01340271346271038,0.01352755818516016,0.013312049210071564,0.007332855835556984,0.009695317596197128,0.010440952144563198,-0.007939103990793228,-0.006663263775408268,-0.0054977163672447205,0.09422679245471954,0.10214123129844666,0.10811549425125122,-0.022465558722615242,-0.02576853707432747,-0.03001566417515278,0.023938637226819992,0.0240113977342844,0.024807102978229523,-0.016814913600683212,-0.017150064930319786,-0.01653759554028511,0.020892858505249023,0.022215373814105988,0.023679405450820923,0.013657032512128353,0.014743641950190067,0.014987867325544357,0.010230735875666142,0.012661230750381947,0.013299539685249329,-0.016267642378807068,-0.016226397827267647,-0.017903629690408707,0.016435226425528526,0.017270708456635475,0.01693548448383808,-0.010728299617767334,-0.011432926170527935,-0.012044998817145824,0.023067107424139977,0.023655453696846962,0.025628961622714996,0.01004839688539505,0.011193591170012951,0.013114303350448608,0.037903767079114914,0.04020823538303375,0.03995607793331146,-0.0495976023375988,-0.049231745302677155,-0.04970699921250343,0.1262970268726349,0.138276144862175,0.14805959165096283,-0.10380219668149948,-0.10999318957328796,-0.11609695851802826,0.8308027982711792,0.8977928757667542,0.9997186660766602,-0.14560168981552124,-0.18108655512332916,-0.20653700828552246,0.09578453749418259,0.10397571325302124,0.11094444990158081,-0.020880185067653656,-0.022016922011971474,-0.014052024111151695,0.2150396704673767,0.2327486127614975,0.25236576795578003,-0.03329656645655632,-0.02696426399052143,-0.02487267553806305,0.11621826887130737,0.1270839124917984,0.13580651581287384,0.009646689519286156,0.0003343846183270216,-0.005981938447803259,0.1381569504737854,0.14891329407691956,0.16494277119636536,0.02007170394062996,0.022290734574198723,0.027087245136499405,0.24297963082790375,0.26505905389785767,0.29086166620254517,-0.034156154841184616,-0.034518707543611526,-0.03255399316549301,0.32228532433509827,0.345102459192276,0.38498663902282715,
0.015044552274048328,0.012390894815325737,0.009642756544053555,-0.01509600505232811,-0.015574870631098747,-0.015826743096113205,0.011564535088837147,0.0067666866816580296,0.007821629755198956,0.00034101621713489294,-0.0010804926278069615,-0.0015310889575630426,-0.006592336110770702,-0.006764663383364677,-0.0074006482027471066,-0.0050626713782548904,-0.0039398097433149815,-0.003884238190948963,-0.004042716231197119,-0.004220946226269007,-0.0050252885557711124,0.005138156935572624,0.005273668561130762,0.004547504708170891,-0.0014885561540722847,7.949553264552378e-07,-0.001262517413124442,0.0076893651857972145,0.00499078119173646,0.004158026073127985,0.0032640534918755293,0.004215671215206385,0.00488862581551075,-0.003584816586226225,-0.0027548386715352535,-0.0017726360820233822,0.0038509429432451725,0.003846297971904278,0.0059488448314368725,0.00772674148902297,0.005371576175093651,0.004208082798868418,-0.0003274860209785402,-0.001829800195991993,0.0004975430201739073,-0.0020350527483969927,-0.0016389498487114906,-0.0024690579157322645,0.0054408791474998,0.0076843383722007275,0.005833753384649754,0.01547141745686531,0.012425530701875687,0.012531581334769726,-0.021439043805003166,-0.02232421189546585,-0.018679402768611908,0.137595996260643,0.12443709373474121,0.11997786164283752,-0.03231238201260567,-0.02993023954331875,-0.028771299868822098,0.007616909220814705,0.005124436225742102,0.004326969385147095,-0.010602918453514576,-0.00562022952362895,-0.0049525978974998,-0.0020188402850180864,-0.00030979662551544607,-0.00032798407482914627,0.0027117650024592876,0.005686644930392504,0.0034082611091434956,0.044057462364435196,0.037143196910619736,0.034721847623586655,-0.018218940123915672,-0.01589008793234825,-0.015610984526574612,-0.01957668550312519,-0.015414120629429817,-0.01646009087562561,0.030487241223454475,0.03027983196079731,0.029549764469265938,0.018899960443377495,0.012449421919882298,0.013411308638751507,0.0054672472178936005,0.003952592611312866,0.006099755875766277,0.12713630497455597,0.11286646127700806,0.1108870878815651,-0.06421419978141785,-0.0525079146027565,-0.06524491310119629,0.13408541679382324,0.11544319987297058,0.1135302186012268,-0.20375517010688782,-0.1648462563753128,-0.14560168981552124,0.9997084736824036,0.8767082095146179,0.8328935503959656,-0.16780662536621094,-0.15451711416244507,-0.14501720666885376,0.02230929210782051,0.02397885173559189,0.015502041205763817,-0.0032755290158092976,0.011261967942118645,0.013143889605998993,0.10425915569067001,0.09168197959661484,0.09180690348148346,-0.05809575691819191,-0.04454980045557022,-0.05792052671313286,0.27852147817611694,0.25653108954429626,0.24196146428585052,-0.08737920224666595,-0.09346645325422287,-0.08854825049638748,-0.14099645614624023,-0.1234685480594635,-0.12430226802825928,0.06005162373185158,0.057866908609867096,0.062307219952344894,0.1201467216014862,0.10335756838321686,0.10349943488836288,-0.05161804333329201,-0.03162345290184021,-0.029915301129221916,
0.015063158236443996,0.010202438570559025,0.008804265409708023,-0.014464269392192364,-0.014368942007422447,-0.014449072070419788,0.009128116071224213,0.007436220534145832,0.007715821266174316,-0.002535340143367648,0.00017604073218535632,-0.0014552136417478323,-0.005274894181638956,-0.008536661975085735,-0.007699612993746996,-0.007645752280950546,-0.005142378155142069,-0.004824376665055752,-0.001406450872309506,-0.0028903658967465162,-0.00299572735093534,0.00702842278406024,0.005366561468690634,0.004523842595517635,-0.0006587199750356376,-0.0003163014189340174,0.0004240607959218323,0.0028965615201741457,0.006015500519424677,0.004558425862342119,0.0033626467920839787,0.0037259359378367662,0.0037978622131049633,-0.003312865039333701,-0.004342861473560333,-0.0027512621600180864,0.004591505974531174,0.0033128904178738594,0.005622387398034334,0.006732939276844263,0.008513705804944038,0.006396201904863119,-0.0020344399381428957,0.0002774491731543094,-0.00010704551823437214,-0.0021428330801427364,-0.001501151593402028,-0.001488833804614842,0.007485348265618086,0.005137603264302015,0.005600843578577042,0.01225978508591652,0.012305823154747486,0.012821413576602936,-0.022165684029459953,-0.025822924450039864,-0.024735381826758385,0.12145689129829407,0.1369546502828598,0.12704063951969147,-0.03005230985581875,-0.030120177194476128,-0.02919001504778862,0.0027581804897636175,0.004910773131996393,0.004147617146372795,-0.006955228745937347,-0.008054017089307308,-0.006027786061167717,0.0010519286151975393,-0.00016662101552356035,0.0007656997186131775,0.005028507672250271,0.0018432041397318244,0.002661834005266428,0.03814670071005821,0.03941383212804794,0.037602704018354416,-0.01814410462975502,-0.018397560343146324,-0.01706775091588497,-0.019484831020236015,-0.02146548591554165,-0.02088351920247078,0.030637342482805252,0.029039766639471054,0.02893817238509655,0.015137988142669201,0.017668582499027252,0.017065750434994698,0.0013629751047119498,0.005605755839496851,0.004483497701585293,0.11310751736164093,0.13528354465961456,0.12223899364471436,-0.052732452750205994,-0.07440328598022461,-0.06459994614124298,0.11453934013843536,0.13378489017486572,0.12319920212030411,-0.16476848721504211,-0.20840364694595337,-0.18108655512332916,0.8767082095146179,0.9997003674507141,0.8993075489997864,-0.15301820635795593,-0.1654028296470642,-0.15523912012577057,0.022202663123607635,0.018732894212007523,0.015320664271712303,0.01239746529608965,-0.00296792178414762,0.005324322730302811,0.09271177649497986,0.10962441563606262,0.09956081956624985,-0.04525433108210564,-0.06646843999624252,-0.05723463371396065,0.2558242678642273,0.27738437056541443,0.25834164023399353,-0.09301944077014923,-0.09224552661180496,-0.09270524233579636,-0.12211694568395615,-0.1388380229473114,-0.12961217761039734,0.059764742851257324,0.06004476919770241,0.058608751744031906,0.10247959941625595,0.12092582136392593,0.11041691154241562,-0.03283234313130379,-0.038968775421381,-0.0334770642220974,
0.012716514058411121,0.009131976403295994,0.007530371658504009,-0.013697419315576553,-0.013171963393688202,-0.012755836360156536,0.01175785157829523,0.010177884250879288,0.010353181511163712,-0.004607744049280882,-0.0035350348334759474,-0.002052372321486473,-0.006330038420855999,-0.008087662048637867,-0.008564894087612629,-0.00807932298630476,-0.006096030585467815,-0.005990098230540752,0.00030106341000646353,-0.0009083841578103602,-0.0014791834400966763,0.006495396140962839,0.004846255760639906,0.00321396766230464,-6.833279621787369e-05,0.0008510313928127289,-6.511068932013586e-05,0.004041615407913923,0.005435974802821875,0.006417298689484596,0.0026207081973552704,0.002650647656992078,0.00374808837659657,-0.003726712428033352,-0.0035904753021895885,-0.0022406848147511482,0.0038813548162579536,0.0031574114691466093,0.0046410392969846725,0.007340648211538792,0.008303728885948658,0.006144539453089237,-0.0006162684294395149,-0.0005720445769838989,0.00021875368838664144,-0.001893231994472444,-0.00039452759665437043,-0.0006190715939737856,0.006537747103720903,0.005281331483274698,0.003925912547856569,0.012944004498422146,0.012349615804851055,0.01214723102748394,-0.018782073631882668,-0.023103557527065277,-0.026956038549542427,0.11806118488311768,0.12670038640499115,0.13458393514156342,-0.028062375262379646,-0.027750499546527863,-0.02819768525660038,0.0037838511634618044,0.0045537506230175495,0.005118578672409058,-0.005454882979393005,-0.0049307807348668575,-0.005389603320509195,0.0007392211118713021,0.0012939536245539784,0.0007116241613402963,0.003485053079202771,0.0019967348780483007,0.0009224258828908205,0.03638821095228195,0.03549756109714508,0.03905937075614929,-0.018277037888765335,-0.01738942600786686,-0.018142210319638252,-0.02127586305141449,-0.021125350147485733,-0.02194308117032051,0.028446007519960403,0.028224363923072815,0.028680453076958656,0.017288053408265114,0.01764531619846821,0.01817685179412365,0.0026127297896891832,0.0037798096891492605,0.0047486633993685246,0.11170010268688202,0.1227506473660469,0.13093793392181396,-0.0650709792971611,-0.06414304673671722,-0.06553801894187927,0.11354664713144302,0.12309562414884567,0.13242380321025848,-0.14458200335502625,-0.18073487281799316,-0.20653700828552246,0.8328935503959656,0.8993075489997864,0.9997028112411499,-0.14502304792404175,-0.15590430796146393,-0.16390825808048248,0.014705718494951725,0.016280556097626686,0.024788500741124153,0.014492188580334187,0.005879843607544899,-0.002282869303599,0.09349192678928375,0.10023772716522217,0.10485310107469559,-0.058817308396101,-0.05739937722682953,-0.05704491212964058,0.24154166877269745,0.25798162817955017,0.2753191292285919,-0.08799629658460617,-0.09277882426977158,-0.08850999176502228,-0.12249292433261871,-0.12788739800453186,-0.13696803152561188,0.06363426893949509,0.05840267986059189,0.05951419472694397,0.1034012958407402,0.11038478463888168,0.11910779029130936,-0.03030254691839218,-0.033266592770814896,-0.040765661746263504,
-0.004988557659089565,-0.005454310216009617,-0.0042070308700203896,0.012022829614579678,0.009337247349321842,0.010032332502305508,-0.010586689226329327,-0.009527739137411118,-0.011004628613591194,-0.0015029744245111942,0.0014101896667852998,0.0013850649120286107,0.0013659849064424634,-0.0017685173079371452,-0.0015946583589538932,-0.004444323480129242,-0.0030499787535518408,-0.0036951848305761814,0.003330301959067583,0.0020449634175747633,-0.0012255209730938077,0.002148464322090149,0.0025360386352986097,0.004190701991319656,0.0064118122681975365,0.005620031617581844,0.004768631421029568,-0.01198387611657381,-0.005922066047787666,-0.006226637866348028,0.004541183356195688,0.0005516148521564901,0.0013887995155528188,0.004956437740474939,0.0041037932969629765,0.001948071178048849,0.007391033694148064,0.006227854639291763,0.007503886241465807,0.000462623342173174,-0.0005314053851179779,0.000250643992330879,-0.003903007600456476,-0.0019154087640345097,-0.003643191885203123,-0.00769787235185504,-0.007518200669437647,-0.006066728383302689,0.018407395109534264,0.015739237889647484,0.013912856578826904,-0.009228436276316643,-0.007968434132635593,-0.006714829243719578,0.010507290251553059,0.012776386924088001,0.01139420922845602,-0.032080214470624924,-0.0296921506524086,-0.027512818574905396,0.13955995440483093,0.12366071343421936,0.12032189220190048,0.0064552160911262035,0.009002513252198696,0.007465618662536144,0.01904139295220375,0.01636485941708088,0.015872064977884293,-0.013753077015280724,-0.015377547591924667,-0.012602530419826508,0.019097624346613884,0.017416076734662056,0.015337863937020302,-0.022594863548874855,-0.012816776521503925,-0.014873863197863102,0.010985337197780609,0.007958747446537018,0.007609768770635128,0.01889677345752716,0.016065901145339012,0.015681128948926926,0.022992413491010666,0.017994161695241928,0.02059965208172798,0.01031764131039381,0.010110861621797085,0.009177260100841522,-0.005368873942643404,-0.0032145960722118616,-0.003534527262672782,-0.006883188150823116,0.003827502019703388,0.0070739914663136005,0.20565253496170044,0.1903727948665619,0.1813543140888214,-0.14772363007068634,-0.11344476044178009,-0.0979171097278595,0.11405894160270691,0.09895305335521698,0.09578453749418259,-0.16780662536621094,-0.15301820635795593,-0.14502304792404175,0.9996964335441589,0.876857578754425,0.8353875875473022,0.13350233435630798,0.12913650274276733,0.12985318899154663,0.15481378138065338,0.13651373982429504,0.13115517795085907,-0.14785395562648773,-0.13439494371414185,-0.1290040761232376,0.19720235466957092,0.1844979226589203,0.17531104385852814,-0.10062900930643082,-0.08272768557071686,-0.09541617333889008,0.12573422491550446,0.11691618710756302,0.10961784422397614,0.12323026359081268,0.10612250119447708,0.10465521365404129,0.0701637864112854,0.06178342550992966,0.060746628791093826,-0.007558803539723158,0.007752538193017244,0.01001025177538395,0.05988486483693123,0.04954324662685394,0.047764480113983154,
-0.003947549033910036,-0.005491626914590597,-0.004283837508410215,0.01300817634910345,0.012031808495521545,0.011201824061572552,-0.0042232610285282135,-0.004901859909296036,-0.005644232500344515,-0.003281127894297242,-0.0015367250889539719,-0.003124126698821783,-0.0031559662893414497,0.0005066319718025625,-0.0002953667426481843,0.0006533341365866363,-0.0007774907280690968,-0.0004944019019603729,0.0023698739241808653,0.0002629214432090521,-0.0013913387665525079,0.0014675052370876074,0.003496465738862753,0.00390525721013546,0.00894799456000328,0.007218080572783947,0.007684440817683935,-0.007267957553267479,-0.008997665718197823,-0.006500934716314077,0.002935075666755438,0.003053199267014861,0.0011908479500561953,0.003767309943214059,0.004218578804284334,0.0027668087277561426,0.004586890339851379,0.009403228759765625,0.008310619741678238,0.0003347542369738221,0.0003641392395365983,0.0006506474455818534,-0.0006637143669649959,-0.0030087679624557495,-0.0036294017918407917,-0.0026002200320363045,-0.0017539806431159377,-0.0014373583253473043,0.02120400033891201,0.017692748457193375,0.018518727272748947,-0.005251761060208082,-0.009265721775591373,-0.009052375331521034,0.01662677712738514,0.013855851255357265,0.015309394337236881,-0.03201043978333473,-0.02908874861896038,-0.029238451272249222,0.12296842038631439,0.13898447155952454,0.12855540215969086,0.014179362915456295,0.009686587378382683,0.010397350415587425,0.017165137454867363,0.01858142390847206,0.017646875232458115,-0.014373773708939552,-0.010319882072508335,-0.010468057356774807,0.024046026170253754,0.019698183983564377,0.020306339487433434,-0.012492761015892029,-0.01979978196322918,-0.016115987673401833,0.008069063536822796,0.009804108180105686,0.008598018437623978,0.016879471018910408,0.017511283978819847,0.01670943573117256,0.01590849831700325,0.021646734327077866,0.02031521312892437,0.011817313730716705,0.01222715899348259,0.01078458596020937,0.0010030264966189861,-0.003075100714340806,-0.0005042827688157558,0.004482451360672712,-0.006800671108067036,0.00025434824055992067,0.19102701544761658,0.20455792546272278,0.1921658217906952,-0.11266747862100601,-0.1521560251712799,-0.12819182872772217,0.09944333136081696,0.11236679553985596,0.10397571325302124,-0.15451711416244507,-0.1654028296470642,-0.15590430796146393,0.876857578754425,0.9997174739837646,0.8990709185600281,0.13074277341365814,0.13400216400623322,0.12880676984786987,0.13587374985218048,0.16064989566802979,0.14397719502449036,-0.13445843756198883,-0.14406166970729828,-0.13486778736114502,0.18556594848632812,0.1951935589313507,0.18488630652427673,-0.08159539848566055,-0.11233393847942352,-0.09646947681903839,0.11596407741308212,0.12499142438173294,0.11690352112054825,0.10573176294565201,0.12689752876758575,0.1164889931678772,0.06051554158329964,0.07180114835500717,0.06676051020622253,0.00887890625745058,-0.004609999712556601,0.00163992156740278,0.049872662872076035,0.06142657995223999,0.05445494502782822,
-0.004619358107447624,-0.005886778701096773,-0.0050896848551929,0.012617173604667187,0.012427390553057194,0.013322541490197182,-0.004620769061148167,-0.004836311098188162,-0.005890929140150547,-0.002143159741535783,-0.0008790131541900337,-0.001285340404137969,-0.004188140854239464,-0.0020674285478889942,-0.00014224014012143016,0.0009695588960312307,0.00013314471289049834,8.358782906725537e-06,0.002096688374876976,0.0011131868232041597,-0.0011388306738808751,0.0018294730689376593,0.0026382985524833202,0.0035966369323432446,0.008348179049789906,0.008088579401373863,0.008893935941159725,-0.007488976698368788,-0.006399832665920258,-0.007425420451909304,0.0031414187978953123,-0.0001465553796151653,0.002353738760575652,0.0029546874575316906,0.0035092737525701523,0.0025542378425598145,0.005894397385418415,0.007456539664417505,0.006757479161024094,0.0007819980964995921,0.0007695754757151008,0.0017128796316683292,-0.0014999571722000837,-0.0026116706430912018,-0.003915979992598295,-0.0031740206759423018,-0.0033652978017926216,-0.0034363330341875553,0.018512224778532982,0.016508955508470535,0.01914055086672306,-0.0031972727738320827,-0.007028621155768633,-0.010251604951918125,0.014186215586960316,0.013943315483629704,0.013076339848339558,-0.02971564419567585,-0.028951231390237808,-0.029323091730475426,0.11895504593849182,0.1275981366634369,0.13647639751434326,0.012025668285787106,0.010186913423240185,0.008951447904109955,0.015068061649799347,0.016483593732118607,0.01782047562301159,-0.013435832224786282,-0.012437756173312664,-0.011158240959048271,0.02103441208600998,0.01898869313299656,0.020854366943240166,-0.014787169173359871,-0.01581871695816517,-0.018005866557359695,0.008521578274667263,0.00820835493505001,0.010463261976838112,0.016794390976428986,0.017214827239513397,0.01805180497467518,0.017052210867404938,0.018925119191408157,0.019958168268203735,0.01053617149591446,0.011111936531960964,0.011083937250077724,-0.00022669373720418662,-0.0018157701706513762,-0.0012092568213120103,0.007681511342525482,0.0004435907758306712,-0.004476746078580618,0.1810017228126526,0.19137510657310486,0.20170757174491882,-0.09747771918773651,-0.1289810836315155,-0.14653518795967102,0.09648428112268448,0.10436611622571945,0.11094444990158081,-0.14501720666885376,-0.15523912012577057,-0.16390825808048248,0.8353875875473022,0.8990709185600281,0.9997158646583557,0.13066861033439636,0.127923846244812,0.1318618804216385,0.1309264749288559,0.1443185955286026,0.15715551376342773,-0.12760895490646362,-0.13320712745189667,-0.14086420834064484,0.1751166433095932,0.18397168815135956,0.19229817390441895,-0.0950329452753067,-0.09750200062990189,-0.10333286970853806,0.10875383019447327,0.1164570152759552,0.12421969324350357,0.10308532416820526,0.11559727787971497,0.12317220121622086,0.05838997662067413,0.06633823364973068,0.06992711126804352,0.01193713117390871,0.0024841444101184607,-0.0004818255256395787,0.04890826717019081,0.054731179028749466,0.06010220944881439,
0.008537854067981243,0.007663993630558252,0.006914995145052671,0.00019983388483524323,-0.000574918813072145,-0.0006895234109833837,0.011901973746716976,0.007864918559789658,0.007941491901874542,-0.008036735467612743,-0.006465560756623745,-0.006216056179255247,0.004437475465238094,0.006124642211943865,0.005525874439626932,-0.00773156713694334,-0.009459375403821468,-0.007040981203317642,0.003323534969240427,0.005157188046723604,0.005357453599572182,0.0057883900590240955,0.007016753777861595,0.00527863809838891,0.005768756847828627,0.003810720983892679,0.004249678924679756,0.0008805809775367379,-0.0012035343097522855,-0.0012155493022873998,0.006679238751530647,0.007050076965242624,0.007094085682183504,-0.00013446906814351678,0.0002871970064006746,-0.0007063061348162591,0.0006069717346690595,0.002891893731430173,0.000396337010897696,0.006460619159042835,0.00521831726655364,0.006384002976119518,-0.004413839429616928,-0.007162697613239288,-0.0064033037051558495,0.011656667105853558,0.013624358922243118,0.011324183084070683,0.026314912363886833,0.023114994168281555,0.02307010442018509,0.015515743754804134,0.014553414657711983,0.014118370600044727,-0.01354589406400919,-0.02007087878882885,-0.016327522695064545,0.005763588007539511,0.008158143609762192,0.007154929451644421,0.009577869437634945,0.010047280229628086,0.008435839787125587,0.10969450324773788,0.09744992107152939,0.09467802941799164,-0.002220769412815571,-0.0006464301841333508,-0.0017467222642153502,-0.05130550637841225,-0.04291445389389992,-0.04433378204703331,0.03328963369131088,0.029178110882639885,0.028511852025985718,0.007242558989673853,0.004940553568303585,0.004985441453754902,-0.008206645026803017,-0.0065548778511583805,-0.006637566722929478,0.024475421756505966,0.02359999716281891,0.020472683012485504,0.003990039695054293,0.006822293624281883,0.0030702727381139994,-0.00030763723771087825,-0.0014268828090280294,0.0007267069304361939,-0.005035215988755226,-0.010510117746889591,-0.006341890897601843,0.09980541467666626,0.09981587529182434,0.08669745922088623,0.09460343420505524,0.08231537789106369,0.0832262933254242,0.10374622046947479,0.09075918048620224,0.08139243721961975,-0.012279381044209003,-0.028453022241592407,-0.020880185067653656,0.02230929210782051,0.022202663123607635,0.014705718494951725,0.13350233435630798,0.13074277341365814,0.13066861033439636,0.9997173547744751,0.8750961422920227,0.8308944702148438,-0.012217361479997635,-0.010182286612689495,-0.012470491230487823,-0.310299813747406,-0.2731669247150421,-0.2660315930843353,0.16135939955711365,0.140804722905159,0.13462260365486145,-0.014048050157725811,-0.011741398833692074,-0.011943471617996693,-0.09048730880022049,-0.06729969382286072,-0.05672366917133331,0.2224680483341217,0.20891019701957703,0.19436714053153992,0.027309948578476906,0.03445710986852646,0.017520587891340256,0.016104619950056076,0.01025347225368023,0.010207959450781345,-0.036504969000816345,-0.044734787195920944,-0.030907241627573967,
0.010291303507983685,0.0093735596165061,0.009381544776260853,-0.0009209262207150459,-0.0014060249086469412,-0.0006722467369399965,0.006854141131043434,0.005367454141378403,0.004702957347035408,-0.00724082300439477,-0.005449382122606039,-0.004883126355707645,0.002914006821811199,0.004998431075364351,0.004645440261811018,-0.012349448166787624,-0.01146163884550333,-0.010850010439753532,0.0036652262788265944,0.005118100438266993,0.005337054375559092,0.008521595038473606,0.007284616585820913,0.006893061101436615,0.0033448562026023865,0.00331970420666039,0.003110974794253707,-0.0018870538333430886,-0.002618328668177128,-0.002987930318340659,0.007494859863072634,0.007230465300381184,0.007445431314408779,0.0007642018608748913,0.002012929879128933,0.001190408132970333,0.0019523733062669635,0.0022303927689790726,0.0010119695216417313,0.0059079695492982864,0.005055769346654415,0.0060861073434352875,-0.00624882522970438,-0.005581513047218323,-0.006560433655977249,0.01235049869865179,0.011437906883656979,0.010525697842240334,0.02363418973982334,0.02576633356511593,0.024025432765483856,0.013011655770242214,0.016015931963920593,0.015387198887765408,-0.019173331558704376,-0.017585458233952522,-0.01739610731601715,0.007740122731775045,0.00786823034286499,0.007471818942576647,0.00892708171159029,0.008966081775724888,0.008165054023265839,0.09457617998123169,0.1058826744556427,0.09813545644283295,-0.0009129117242991924,-0.0011041586985811591,-0.0002048027963610366,-0.04288223758339882,-0.048867493867874146,-0.04665537178516388,0.028128158301115036,0.03218403831124306,0.029911691322922707,0.005410684738308191,0.004860265180468559,0.004347123671323061,-0.004285538103431463,-0.00595535384491086,-0.006020975299179554,0.02404439076781273,0.02568548172712326,0.024234753102064133,0.007573676761239767,0.007508760783821344,0.006579092238098383,-0.002510875929147005,-0.0018498061690479517,-0.001167948474176228,-0.009998713620007038,-0.007460539694875479,-0.00770768616348505,0.10039252787828445,0.09706106036901474,0.09354836493730545,0.08223333209753036,0.09777158498764038,0.08983860909938812,0.09319017827510834,0.10468564927577972,0.09499018639326096,-0.02961217239499092,-0.012355800718069077,-0.022016922011971474,0.02397885173559189,0.018732894212007523,0.016280556097626686,0.12913650274276733,0.13400216400623322,0.127923846244812,0.8750961422920227,0.9997204542160034,0.8975251913070679,-0.011321982368826866,-0.015039816498756409,-0.014677847735583782,-0.27294921875,-0.3168834447860718,-0.28600403666496277,0.14085401594638824,0.16660776734352112,0.15048885345458984,-0.009816553443670273,-0.012130675837397575,-0.009551282972097397,-0.06854882091283798,-0.09000232070684433,-0.07523220777511597,0.20786014199256897,0.22514526546001434,0.20741061866283417,0.033323436975479126,0.024544253945350647,0.025332968682050705,0.011722465045750141,0.01078575849533081,0.010903649963438511,-0.04540357366204262,-0.0320739671587944,-0.033655691891908646,
0.009583675302565098,0.010218937881290913,0.009911246597766876,-5.730046905227937e-05,-0.0013744191965088248,-0.0008648784714750946,0.008591671474277973,0.00575485173612833,0.005617645103484392,-0.007140679284930229,-0.004722624085843563,-0.004656641278415918,0.0028170167934149504,0.0051606278866529465,0.00509014492854476,-0.011310386471450329,-0.012112824246287346,-0.009989047423005104,0.003738891799002886,0.0049289013259112835,0.005163343157619238,0.008136761374771595,0.009097132831811905,0.008444571867585182,0.0027289113495498896,0.001331574167124927,0.0027328263968229294,-0.0024225013330578804,-0.003312653163447976,-0.002869795076549053,0.007389535196125507,0.008359791710972786,0.006843064446002245,-0.0010168838780373335,-2.9173750590416603e-05,0.000963711878284812,0.0016181698301807046,0.002633047290146351,0.0014592763036489487,0.005132499150931835,0.0038021497894078493,0.005103267263621092,-0.005747877527028322,-0.0061994995921850204,-0.006042839493602514,0.009578696452081203,0.010683951899409294,0.010608947835862637,0.023477084934711456,0.02378232032060623,0.025557847693562508,0.011323903687298298,0.01289067231118679,0.01561962440609932,-0.01632164791226387,-0.017507445067167282,-0.016627183184027672,0.006434905342757702,0.007707212120294571,0.007649501319974661,0.009098635986447334,0.009910018183290958,0.00902548898011446,0.09262839704751968,0.09820356965065002,0.10415879637002945,-0.000745777681004256,0.00026422966038808227,-0.0004930563736706972,-0.044127460569143295,-0.04553663730621338,-0.04763155058026314,0.027277588844299316,0.028336426243185997,0.030978335067629814,0.004497837740927935,0.0035677491687238216,0.004022874403744936,-0.00332421506755054,-0.003866326529532671,-0.006035815924406052,0.020145392045378685,0.022429609671235085,0.024832794442772865,0.00506269745528698,0.006295450497418642,0.006162896286696196,-0.0024102262686938047,-0.002959273522719741,-0.0015585242072120309,-0.006467960309237242,-0.007300499361008406,-0.006526407785713673,0.08633118122816086,0.09322232007980347,0.09855856001377106,0.08427851647138596,0.09074269980192184,0.09761101752519608,0.08265330642461777,0.09465897083282471,0.10567459464073181,-0.021641341969370842,-0.021917784586548805,-0.014052024111151695,0.015502041205763817,0.015320664271712303,0.024788500741124153,0.12985318899154663,0.12880676984786987,0.1318618804216385,0.8308944702148438,0.8975251913070679,0.9997177124023438,-0.01300602126866579,-0.013263709843158722,-0.01488710381090641,-0.2673596739768982,-0.28698644042015076,-0.31384390592575073,0.13667184114456177,0.15223515033721924,0.16515886783599854,-0.010323954746127129,-0.010381429456174374,-0.013530237600207329,-0.05727111175656319,-0.07424042373895645,-0.08399121463298798,0.1938142478466034,0.20795147120952606,0.22480621933937073,0.01725316047668457,0.025811653584241867,0.030038774013519287,0.009935279376804829,0.009825377725064754,0.011610087007284164,-0.03240871801972389,-0.03489772602915764,-0.03521518409252167,
0.013267689384520054,0.013693996705114841,0.014437109231948853,-0.012458737939596176,-0.010847794823348522,-0.00927337072789669,-0.005494681652635336,-0.003158943261951208,-0.004052148200571537,-0.004616688005626202,-0.004529675934463739,-0.004118655808269978,0.00531135406345129,0.006102717947214842,0.003528889501467347,0.003962805029004812,0.004101200960576534,0.0028480456676334143,-0.0093865767121315,-0.008012153208255768,-0.0081016905605793,-0.002137657953426242,-0.005879957228899002,-0.00698527367785573,0.010354237630963326,0.008684963919222355,0.008359761908650398,0.0015414402587339282,0.0023436849005520344,0.005135010927915573,0.001108874217607081,-0.0012012711958959699,-0.0019084924133494496,0.0029847121331840754,0.0011313625145703554,0.00150189152918756,0.004977226257324219,0.0047231400385499,0.004373905248939991,-0.0037030440289527178,-7.00664022588171e-05,-0.0018647360848262906,0.003238844685256481,0.005127760581672192,0.0033870155457407236,-0.005231647286564112,-0.008143129758536816,-0.008204450830817223,0.030195387080311775,0.02699545957148075,0.02754741534590721,-0.0003148356336168945,0.002290706615895033,-0.0003495713754091412,0.02168320305645466,0.022755680605769157,0.016235187649726868,-0.020660461857914925,-0.016783958300948143,-0.015437144786119461,0.019883079454302788,0.017662210389971733,0.017293084412813187,-0.0036278176121413708,-0.0010151495225727558,-0.002565426053479314,0.12073855847120285,0.1083962544798851,0.10688988119363785,0.009375430643558502,0.0043749152682721615,0.005399149376899004,0.02636069618165493,0.022589663043618202,0.02387772873044014,-0.011068858206272125,-0.00933588482439518,-0.005788025911897421,0.00784653052687645,0.005604660138487816,0.004875681828707457,-0.0006380922859534621,-0.00494144344702363,-0.0031231711618602276,0.022635024040937424,0.02136089839041233,0.019206710159778595,-0.0017632240196689963,0.0044065299443900585,0.0003578064788598567,0.0014941486297175288,0.004942030645906925,-0.000322568288538605,-0.10141988843679428,-0.09598878026008606,-0.09040648490190506,0.13876579701900482,0.12014137953519821,0.11923974752426147,-0.07615406811237335,-0.0581209659576416,-0.06961974501609802,0.251700222492218,0.2334107756614685,0.2150396704673767,-0.0032755290158092976,0.01239746529608965,0.014492188580334187,0.15481378138065338,0.13587374985218048,0.1309264749288559,-0.012217361479997635,-0.011321982368826866,-0.01300602126866579,0.9997219443321228,0.8775913715362549,0.8366720080375671,-0.0473286472260952,-0.049796994775533676,-0.04659861698746681,0.12086769938468933,0.10312403738498688,0.10319540649652481,-0.11629340052604675,-0.08404873311519623,-0.06738629937171936,0.0414600670337677,0.03930453583598137,0.03568003699183464,0.0854296088218689,0.06197119876742363,0.06875932961702347,0.17035724222660065,0.155696302652359,0.1438821405172348,-0.07041227072477341,-0.05180332809686661,-0.06614430248737335,0.10160645097494125,0.09897931665182114,0.0927739143371582,
0.010400662198662758,0.01095961220562458,0.011153805069625378,-0.01114255003631115,-0.007215998601168394,-0.006423401180654764,-0.0028523849323391914,-0.0031500491313636303,-0.002729191444814205,-0.0036911461502313614,-0.005171638447791338,-0.004481650423258543,0.005665968172252178,0.003677012864500284,0.0016785860061645508,0.0038565227296203375,0.004182372707873583,0.003921969328075647,-0.014074071310460567,-0.011881251819431782,-0.012692689895629883,-0.0032970362808555365,-0.006317787803709507,-0.007787876762449741,0.008981996215879917,0.010804787278175354,0.009625867940485477,0.00379860308021307,0.0031092644203454256,0.004556884523481131,0.0005889791063964367,0.00018315787019673735,-0.0003502041508909315,0.0011201060842722654,0.0014266053913161159,0.000819443550426513,0.003820562269538641,0.005245099309831858,0.004656429868191481,-0.0006688061403110623,-0.0007748792413622141,-0.0003020413569174707,0.006173617672175169,0.004610872827470303,0.00507602421566844,-0.008120856247842312,-0.005319073796272278,-0.00711437314748764,0.03062300570309162,0.03173145651817322,0.031638648360967636,0.004639726597815752,0.0019001327455043793,0.0017303602071478963,0.025553693994879723,0.02606336399912834,0.022900599986314774,-0.015567985363304615,-0.01791699230670929,-0.015430609695613384,0.0194274690002203,0.019715184345841408,0.01918119750916958,-0.0002508512989152223,0.00025213754270225763,-0.0001089096040232107,0.10560058057308197,0.11877571046352386,0.112061507999897,0.004106534644961357,0.006888682954013348,0.005575660150498152,0.026648102328181267,0.028344640508294106,0.02819559909403324,-0.00789862871170044,-0.010057492181658745,-0.00812345277518034,0.008759531192481518,0.008703471161425114,0.008178017102181911,-0.00412328215315938,-0.002063149120658636,-0.0024930594954639673,0.02201978862285614,0.02291133999824524,0.021627962589263916,0.0058817132376134396,0.001970191951841116,0.002759254304692149,0.006475718226283789,0.005006193649023771,0.004213782958686352,-0.09676651656627655,-0.10212024301290512,-0.09527818113565445,0.1213383600115776,0.13803310692310333,0.12833131849765778,-0.05865171551704407,-0.08755456656217575,-0.07236015051603317,0.23442119359970093,0.25248783826828003,0.2327486127614975,0.011261967942118645,-0.00296792178414762,0.005879843607544899,0.13651373982429504,0.16064989566802979,0.1443185955286026,-0.010182286612689495,-0.015039816498756409,-0.013263709843158722,0.8775913715362549,0.9997109174728394,0.8998125791549683,-0.05117074400186539,-0.04878444969654083,-0.04728204756975174,0.10527496784925461,0.12137973308563232,0.11115594953298569,-0.08460613340139389,-0.12125054001808167,-0.09759531915187836,0.03941379114985466,0.043371472507715225,0.04199296981096268,0.061952926218509674,0.09100131690502167,0.07483673840761185,0.1559370458126068,0.17023158073425293,0.15644653141498566,-0.051459383219480515,-0.0782787948846817,-0.06465846300125122,0.10082338750362396,0.1004798635840416,0.09805610030889511,
0.007914162240922451,0.0076867276802659035,0.008697643876075745,-0.009706247597932816,-0.00714511051774025,-0.006948171183466911,-0.004557718522846699,-0.004246325697749853,-0.003910464234650135,-0.0014059952227398753,-0.002303164917975664,-0.002308954019099474,0.005319670308381319,0.003745733993127942,0.0019889373797923326,0.00335906189866364,0.004114984069019556,0.0037454983685165644,-0.015036436729133129,-0.013424575328826904,-0.011793330311775208,-0.0036414694041013718,-0.006307678762823343,-0.006586877629160881,0.008612021803855896,0.009855448268353939,0.009571036323904991,0.005843212362378836,0.005272980779409409,0.005428811069577932,0.00032168059260584414,0.00016094573948066682,-0.0006446586921811104,0.0009950471576303244,0.0011697659501805902,0.001055617001838982,0.004070529248565435,0.005493969656527042,0.005858562421053648,-0.0011895635398104787,0.0002434210036881268,0.0002325282257515937,0.005977035500109196,0.005806232802569866,0.006178253795951605,-0.007697278633713722,-0.005867426283657551,-0.0058105383068323135,0.029935821890830994,0.03006625548005104,0.03223476558923721,0.0034992073196917772,0.0023896798957139254,0.0016457667807117105,0.02156032994389534,0.02369001880288124,0.02334725856781006,-0.013948742300271988,-0.01493915542960167,-0.015283350832760334,0.017737405374646187,0.017952682450413704,0.020004702731966972,-0.00033004124998115003,0.0007321977172978222,0.0008189569343812764,0.10170526057481766,0.10897824913263321,0.1170327290892601,0.003647567704319954,0.004982907325029373,0.0063206204213202,0.0267000924795866,0.027085017412900925,0.029234077781438828,-0.004381424747407436,-0.006217178888618946,-0.007953712716698647,0.007501368410885334,0.007118831854313612,0.007765715476125479,-0.0035907989367842674,-0.002542531583458185,-0.001314072054810822,0.021382134407758713,0.02299448847770691,0.023904331028461456,0.002501124981790781,0.0016808686777949333,0.0013119913637638092,0.004461419302970171,0.005721627734601498,0.004530943464487791,-0.09100304543972015,-0.09601636976003647,-0.10170429944992065,0.12085991352796555,0.1285531371831894,0.13863851130008698,-0.07019606977701187,-0.07238747924566269,-0.07756790518760681,0.2167130708694458,0.23324117064476013,0.25236576795578003,0.013143889605998993,0.005324322730302811,-0.002282869303599,0.13115517795085907,0.14397719502449036,0.15715551376342773,-0.012470491230487823,-0.014677847735583782,-0.01488710381090641,0.8366720080375671,0.8998125791549683,0.9997181296348572,-0.04678979516029358,-0.0466194748878479,-0.04684700444340706,0.10555489361286163,0.11121556907892227,0.12049136310815811,-0.06871872395277023,-0.09840023517608643,-0.11483558267354965,0.03525357320904732,0.04170005023479462,0.04439553990960121,0.0685989260673523,0.07427597045898438,0.08682531118392944,0.14449433982372284,0.1568581908941269,0.1715681403875351,-0.0659165233373642,-0.06493602693080902,-0.0685003399848938,0.09546318650245667,0.09889417141675949,0.10110469162464142,
-0.015891896560788155,-0.01522915530949831,-0.013248372822999954,-0.006058640778064728,-0.002323779510334134,0.0010031526908278465,-0.01819014362990856,-0.014592327177524567,-0.013279959559440613,0.009348628111183643,0.008389972150325775,0.006257503293454647,-0.005541172344237566,-0.006003821734338999,-0.006141430698335171,0.006078711245208979,0.005864147562533617,0.003829879919067025,-0.0028752260841429234,-0.001453425153158605,-0.0010677733225747943,-0.007303982973098755,-0.012994500808417797,-0.013579459860920906,0.004822567105293274,0.004379032179713249,0.006995884235948324,0.006987242493778467,0.006046930328011513,0.005750406067818403,-0.0010960976360365748,-0.0028552261646836996,-0.0019539790228009224,0.007310477085411549,0.007532584480941296,0.007889327593147755,-0.0027370858006179333,-0.005781560204923153,-0.006390417460352182,-0.0015791262267157435,0.0013060759520158172,-0.00012804914149455726,-0.00041732212412171066,0.0028973245061933994,-0.002167727332562208,0.03239944949746132,0.027606144547462463,0.027196157723665237,-0.008693776093423367,-0.010763348080217838,-0.009805695153772831,-0.0008984117885120213,-0.0009731687605381012,-0.003462007036432624,0.008348312228918076,0.01368460338562727,0.008821644820272923,0.0034822917077690363,0.0032894110772758722,0.0038253669627010822,-0.02195672318339348,-0.018457580357789993,-0.017653029412031174,-0.05004633590579033,-0.047108232975006104,-0.04662417620420456,0.007471650373190641,0.005043952260166407,0.006989592686295509,0.10661338269710541,0.0930311381816864,0.09096959978342056,-0.02192339487373829,-0.021768029779195786,-0.017559081315994263,0.013141458854079247,0.01055978611111641,0.01242270041257143,0.016284743323922157,0.014058849774301052,0.013698271475732327,-0.006228883750736713,-0.0058587705716490746,-0.0038263374008238316,-0.020505625754594803,-0.02050316333770752,-0.01882651075720787,0.02043002098798752,0.021858690306544304,0.017608070746064186,-0.00021386191656347364,0.00432088365778327,-0.001632267259992659,0.564134955406189,0.48584339022636414,0.46536126732826233,-0.09637408703565598,-0.07284776866436005,-0.06483672559261322,0.1529437005519867,0.14613866806030273,0.1364937275648117,-0.031306006014347076,-0.015304267406463623,-0.03329656645655632,0.10425915569067001,0.09271177649497986,0.09349192678928375,-0.14785395562648773,-0.13445843756198883,-0.12760895490646362,-0.310299813747406,-0.27294921875,-0.2673596739768982,-0.0473286472260952,-0.05117074400186539,-0.04678979516029358,0.9996761679649353,0.8704871535301208,0.8229700326919556,-0.18534483015537262,-0.14788122475147247,-0.12972113490104675,0.06444227695465088,0.0578945130109787,0.05727643892168999,0.06661973148584366,0.06101199984550476,0.060385920107364655,-0.15375788509845734,-0.1503968983888626,-0.1420029103755951,-0.07974106073379517,-0.0878152847290039,-0.08054021000862122,0.22255095839500427,0.20812463760375977,0.18985380232334137,-0.006642387248575687,0.0012324429117143154,-0.021855032071471214,
-0.017432350665330887,-0.016837475821375847,-0.015229753218591213,-0.005417213309556246,-0.0024677098263055086,-0.00034658148069866,-0.014087635092437267,-0.011926368810236454,-0.010062946937978268,0.009184615686535835,0.006803387776017189,0.004993907175958157,-0.0027322133537381887,-0.004364790394902229,-0.004432861227542162,0.008819499984383583,0.00790280569344759,0.006803091615438461,-0.003658789675682783,-0.0029393660370260477,-0.002426871797069907,-0.010997902601957321,-0.01315721683204174,-0.013992201536893845,0.006328707095235586,0.006049697287380695,0.007153623271733522,0.007221792358905077,0.008189598098397255,0.0070533715188503265,-0.002584077650681138,-0.002693795133382082,-0.0017957950476557016,0.005692342296242714,0.006235302891582251,0.006766643840819597,-0.0038472118321806192,-0.006158505100756884,-0.0068211862817406654,0.0007758369902148843,0.0011304981308057904,0.0009754821076057851,0.002569956937804818,0.0038083912804722786,0.0016519317869096994,0.027715928852558136,0.03220285475254059,0.030998915433883667,-0.007695578504353762,-0.011402835138142109,-0.010860541835427284,0.0005980427959002554,-0.001533180009573698,-0.0018224912928417325,0.012720094062387943,0.012715455144643784,0.011605167761445045,0.0034540125634521246,0.0038656110409647226,0.005032005254179239,-0.018957192078232765,-0.01860423944890499,-0.016977772116661072,-0.04439307004213333,-0.048685088753700256,-0.04674987867474556,0.003854460548609495,0.006801276933401823,0.006679642479866743,0.09213397651910782,0.10381466150283813,0.0975215882062912,-0.01812858134508133,-0.024335665628314018,-0.021558156237006187,0.01170286349952221,0.01179458200931549,0.01319906022399664,0.013737109489738941,0.01347691472619772,0.013278587721288204,-0.007754526101052761,-0.0069091725163161755,-0.0058426279574632645,-0.0186731219291687,-0.02065635472536087,-0.019283929839730263,0.02315405011177063,0.022818801924586296,0.021770047023892403,0.001636646455153823,0.0019108839333057404,0.0008573629311285913,0.4860646426677704,0.5578394532203674,0.5015680193901062,-0.07277040183544159,-0.0931992307305336,-0.07980165630578995,0.14482536911964417,0.1500338464975357,0.14139381051063538,-0.016181588172912598,-0.034401506185531616,-0.02696426399052143,0.09168197959661484,0.10962441563606262,0.10023772716522217,-0.13439494371414185,-0.14406166970729828,-0.13320712745189667,-0.2731669247150421,-0.3168834447860718,-0.28698644042015076,-0.049796994775533676,-0.04878444969654083,-0.0466194748878479,0.8704871535301208,0.9996857047080994,0.8934950828552246,-0.14837194979190826,-0.18570925295352936,-0.16079366207122803,0.055480219423770905,0.06383347511291504,0.05883845314383507,0.06287869811058044,0.07208967953920364,0.06747641414403915,-0.14871403574943542,-0.15988734364509583,-0.1501498967409134,-0.0862368643283844,-0.0814901813864708,-0.08258785307407379,0.20584987103939056,0.22367317974567413,0.20480376482009888,-1.6339075955329463e-05,-0.011598039418458939,-0.010471707209944725,
-0.01592673920094967,-0.016860706731677055,-0.01516585610806942,-0.006768855266273022,-0.005640908144414425,-0.004582652822136879,-0.013096604496240616,-0.011100641451776028,-0.010614871978759766,0.009612668305635452,0.007152166683226824,0.005595942493528128,-0.0018141856417059898,-0.0030688841361552477,-0.0034928699024021626,0.008630002848803997,0.008578987792134285,0.007503900211304426,-0.0051872460171580315,-0.004560071974992752,-0.00372234801761806,-0.009470541030168533,-0.012009360827505589,-0.009626669809222221,0.00785102229565382,0.006899372674524784,0.0064292242750525475,0.008709625340998173,0.008508448489010334,0.007184506859630346,-0.0022922863718122244,-0.002599551575258374,-0.0009997932938858867,0.005822204984724522,0.006315020378679037,0.006215363275259733,-0.003649698570370674,-0.004142323043197393,-0.00405066879466176,0.0006324709393084049,0.0012051804224029183,0.0022977860644459724,0.001237357035279274,0.003257856471464038,0.0020069770980626345,0.028440561145544052,0.030936725437641144,0.033220577985048294,-0.007426267024129629,-0.01062060333788395,-0.01105520036071539,0.00014834690955467522,-0.0003883988247253001,-0.0014014729531481862,0.009387223981320858,0.010169889777898788,0.009339271113276482,0.0054885926656425,0.005827496759593487,0.006766955833882093,-0.018204735592007637,-0.01774468459188938,-0.016763007268309593,-0.04172518476843834,-0.04492473229765892,-0.04602556303143501,0.002814515959471464,0.004206509795039892,0.006408148445188999,0.08828412741422653,0.09521887451410294,0.10364200919866562,-0.014500836841762066,-0.01962442696094513,-0.022138958796858788,0.01436813734471798,0.013808694668114185,0.015302129089832306,0.011432849802076817,0.01115394290536642,0.012353112921118736,-0.00707556027919054,-0.006292793899774551,-0.0065478733740746975,-0.018195291981101036,-0.018639976158738136,-0.019239768385887146,0.020914923399686813,0.021584613248705864,0.02292746491730213,-0.0035572072956711054,-0.0011738385073840618,-0.00020138287800364196,0.46561145782470703,0.5013138651847839,0.5591570734977722,-0.06539563834667206,-0.08104361593723297,-0.08988422155380249,0.13759249448776245,0.1426428109407425,0.14797624945640564,-0.03236449509859085,-0.02576940506696701,-0.02487267553806305,0.09180690348148346,0.09956081956624985,0.10485310107469559,-0.1290040761232376,-0.13486778736114502,-0.14086420834064484,-0.2660315930843353,-0.28600403666496277,-0.31384390592575073,-0.04659861698746681,-0.04728204756975174,-0.04684700444340706,0.8229700326919556,0.8934950828552246,0.999688982963562,-0.13050657510757446,-0.1616564244031906,-0.18236006796360016,0.055585119873285294,0.058804504573345184,0.06367906183004379,0.06067837402224541,0.06578350812196732,0.06993290036916733,-0.14035259187221527,-0.15031340718269348,-0.15644322335720062,-0.07941223680973053,-0.08208341896533966,-0.07793669402599335,0.18958351016044617,0.20571203529834747,0.2256959080696106,-0.022097859531641006,-0.009631200693547726,-0.0036571058444678783,
0.013098453171551228,0.01104196161031723,0.009842531755566597,-0.008435254916548729,-0.00994948111474514,-0.010791589505970478,0.010891728103160858,0.007826654240489006,0.006186559796333313,-0.00913912896066904,-0.005899178795516491,-0.005071150604635477,0.0043152072466909885,0.0039794412441551685,0.00370372855104506,-0.00394029775634408,-0.004025861155241728,-0.002526885364204645,0.0014529827749356627,0.0014366373652592301,-0.00044545589480549097,0.0049931351095438,0.005961976479738951,0.006767334882169962,0.023118240758776665,0.017106227576732635,0.0163301732391119,-0.009036845527589321,-0.008694699965417385,-0.007023100275546312,0.012138593010604382,0.010939820669591427,0.00992981530725956,-0.0007293996750377119,-0.0013668646570295095,-0.0032057787757366896,0.0014842557720839977,0.004982424434274435,0.004668043460696936,0.001891119172796607,0.0006009693606756628,0.0029227975755929947,-0.0012718127109110355,-0.003296289825811982,-0.0013996632769703865,-0.01682499796152115,-0.0152614526450634,-0.014953378587961197,0.0930371806025505,0.08192069083452225,0.07966113835573196,-0.0024546897038817406,0.00026876889751292765,0.00139660167042166,0.012280755676329136,0.008435583673417568,0.0097441291436553,-0.001978708431124687,0.0049185664393007755,0.0011631394736468792,0.021782655268907547,0.02010931633412838,0.017515763640403748,0.02953929454088211,0.0257254708558321,0.024642784148454666,0.021789532154798508,0.01953793689608574,0.02006646618247032,-0.023514213040471077,-0.02009258233010769,-0.01839415542781353,0.14102472364902496,0.12359721213579178,0.12069761008024216,-0.017195913940668106,-0.016415070742368698,-0.014186686836183071,0.00341331260278821,0.002782762050628662,0.0019996613264083862,0.007809686008840799,0.005760629661381245,0.005794216878712177,0.01615370251238346,0.018314244225621223,0.016004672273993492,-9.707124991109595e-05,0.0021543665789067745,0.002858124440535903,0.010359213687479496,0.007022522389888763,0.010130136273801327,-0.14132006466388702,-0.11177051067352295,-0.09789478778839111,0.7232690453529358,0.6316441297531128,0.6022347807884216,-0.07161889225244522,-0.05828705430030823,-0.05480354279279709,0.13460777699947357,0.11750401556491852,0.11621826887130737,-0.05809575691819191,-0.04525433108210564,-0.058817308396101,0.19720235466957092,0.18556594848632812,0.1751166433095932,0.16135939955711365,0.14085401594638824,0.13667184114456177,0.12086769938468933,0.10527496784925461,0.10555489361286163,-0.18534483015537262,-0.14837194979190826,-0.13050657510757446,0.9997037649154663,0.8734657764434814,0.8281014561653137,-0.10639608651399612,-0.10208199918270111,-0.09658832103013992,0.07708051055669785,0.07057929784059525,0.060849182307720184,0.11167410016059875,0.09895943105220795,0.09693261981010437,0.13901039958000183,0.134053036570549,0.1180071160197258,-0.012882895767688751,-0.0001417183957528323,0.0007867018575780094,0.06488975137472153,0.059546682983636856,0.06588033586740494,
0.014939887449145317,0.012556897476315498,0.01162878517061472,-0.006935633718967438,-0.00927666760981083,-0.009960895404219627,0.013045448809862137,0.009048477746546268,0.008290464989840984,-0.006988100241869688,-0.006036794278770685,-0.00411688769236207,0.003393156686797738,0.004988023079931736,0.0043082754127681255,-0.005819930694997311,-0.005419156979769468,-0.004176451358944178,0.0008261157781817019,0.0018054855754598975,-6.926244532223791e-05,0.0058749946765601635,0.00771343894302845,0.007883063517510891,0.01641053520143032,0.0198395773768425,0.016856614500284195,-0.008173473179340363,-0.010084598325192928,-0.008303719572722912,0.011416447348892689,0.010904371738433838,0.010808301158249378,-0.0022830618545413017,-0.00020408954878803343,-0.002111884532496333,0.0020519329700618982,0.004426489118486643,0.00460424879565835,0.00511021725833416,0.0012705286499112844,0.0034580284263938665,0.0007141199894249439,-0.0008210757514461875,-3.692431710078381e-05,-0.013432218693196774,-0.01577693037688732,-0.016185730695724487,0.08261547982692719,0.0917791873216629,0.08625410497188568,0.00223471038043499,0.0011275546858087182,0.0022095285821706057,0.011162499897181988,0.010517914779484272,0.01114748790860176,0.005219979211688042,0.001541388570331037,0.002693502465263009,0.022199301049113274,0.022985581308603287,0.021731754764914513,0.026710117235779762,0.02652866020798683,0.025425875559449196,0.0203543808311224,0.022801091894507408,0.022922828793525696,-0.018718669191002846,-0.021299678832292557,-0.02008426934480667,0.12588919699192047,0.14077390730381012,0.13140973448753357,-0.015616506338119507,-0.01573270559310913,-0.014973449520766735,0.002124470192939043,0.004313604906201363,0.0038278046995401382,0.005770389921963215,0.00847083143889904,0.007673570886254311,0.016552766785025597,0.017057962715625763,0.016985787078738213,0.0059361206367611885,0.0017545642331242561,0.0033518115524202585,0.011565690860152245,0.009889892302453518,0.01082648616284132,-0.11132664233446121,-0.14093469083309174,-0.12203039973974228,0.6321575045585632,0.7206775546073914,0.6491976976394653,-0.05572286993265152,-0.06854885071516037,-0.05841203033924103,0.11777126789093018,0.14094096422195435,0.1270839124917984,-0.04454980045557022,-0.06646843999624252,-0.05739937722682953,0.1844979226589203,0.1951935589313507,0.18397168815135956,0.140804722905159,0.16660776734352112,0.15223515033721924,0.10312403738498688,0.12137973308563232,0.11121556907892227,-0.14788122475147247,-0.18570925295352936,-0.1616564244031906,0.8734657764434814,0.9997086524963379,0.8962915539741516,-0.09932275116443634,-0.10471367090940475,-0.10014138370752335,0.07048113644123077,0.07549037784337997,0.07127686589956284,0.0981774777173996,0.1135680228471756,0.10361633449792862,0.1329035460948944,0.13935908675193787,0.12732969224452972,0.0022895976435393095,-0.010220695286989212,-0.004095255862921476,0.05986461788415909,0.06738730520009995,0.06565254181623459,
0.013770380057394505,0.012417140416800976,0.011830434203147888,-0.004715664312243462,-0.005468057934194803,-0.0056731607764959335,0.01042892038822174,0.007506914436817169,0.006893018260598183,-0.005593695677816868,-0.004117099568247795,-0.0038460062351077795,0.0037025469355285168,0.0046600522473454475,0.0046035829000175,-0.0056238616816699505,-0.005977467633783817,-0.004465493373572826,0.0016958232736214995,0.002993580186739564,0.0005362730589695275,0.006571668665856123,0.007551443297415972,0.006585034541785717,0.016567815095186234,0.01652197539806366,0.019362308084964752,-0.009864727035164833,-0.010864168405532837,-0.00954519398510456,0.011270553804934025,0.011326150968670845,0.010325094684958458,-0.002894231816753745,-0.0015622274950146675,-0.0029329354874789715,0.0019038604805245996,0.0038925388362258673,0.002874477067962289,0.005734454374760389,0.003309896681457758,0.005415601190179586,0.00296590244397521,0.0010427639354020357,0.00012856826651841402,-0.012585889548063278,-0.014128467999398708,-0.016535306349396706,0.08024697005748749,0.08435828983783722,0.09061110019683838,0.0016227473970502615,0.0007333729299716651,0.0012073868419975042,0.012476164847612381,0.01121638622134924,0.01232252735644579,0.002232795348390937,0.0019757498521357775,0.0002255311410408467,0.019569389522075653,0.020528772845864296,0.021891837939620018,0.023676127195358276,0.022445950657129288,0.02484823763370514,0.021563922986388206,0.02332518994808197,0.023915976285934448,-0.015604822896420956,-0.017049025744199753,-0.020754177123308182,0.1218363493680954,0.12840062379837036,0.13835883140563965,-0.016051795333623886,-0.016516298055648804,-0.01633133552968502,0.0030537659768015146,0.004662593826651573,0.005972694605588913,0.005729899276047945,0.006803556345403194,0.007376623339951038,0.014612720347940922,0.016239725053310394,0.01710665598511696,0.005608263425529003,0.003588762367144227,0.004263811744749546,0.014839987270534039,0.012017268687486649,0.01086979079991579,-0.09841485321521759,-0.12337085604667664,-0.13658712804317474,0.6013895273208618,0.6482394933700562,0.7199200987815857,-0.055236559361219406,-0.06092887371778488,-0.06779303401708603,0.11482609063386917,0.12530672550201416,0.13580651581287384,-0.05792052671313286,-0.05723463371396065,-0.05704491212964058,0.17531104385852814,0.18488630652427673,0.19229817390441895,0.13462260365486145,0.15048885345458984,0.16515886783599854,0.10319540649652481,0.11115594953298569,0.12049136310815811,-0.12972113490104675,-0.16079366207122803,-0.18236006796360016,0.8281014561653137,0.8962915539741516,0.9997106790542603,-0.0956713929772377,-0.10116199404001236,-0.10404930263757706,0.060067400336265564,0.07091540843248367,0.07776962965726852,0.09471508860588074,0.10169106721878052,0.11296550184488297,0.11578917503356934,0.1262284219264984,0.142050102353096,0.0014858739450573921,-0.004880188032984734,-0.008406208828091621,0.06749629229307175,0.06685615330934525,0.0612902007997036,
-0.00514234509319067,-0.00624130479991436,-0.0062229223549366,0.0023910298477858305,0.00043472342076711357,-0.0017895136261358857,-0.0029334661085158587,-0.005327337421476841,-0.0032185916788876057,0.0008022143738344312,0.00011822171654785052,-0.0010418082820251584,-0.006205111276358366,-0.0019334127428010106,-0.0023984122090041637,0.0019557971972972155,5.2882041927659884e-05,0.001495824777521193,0.00744469091296196,0.005963358096778393,0.007380167953670025,-0.00013559327635448426,0.0016274083172902465,0.0007609216263517737,-0.003975374158471823,-0.006032521836459637,-0.005543263163417578,0.026995090767741203,0.020121527835726738,0.019169284030795097,-0.0032119823154062033,0.0006797875394113362,-2.4386585209867917e-05,-0.005651047453284264,-0.003921047784388065,-0.0024031600914895535,-0.008460103534162045,-0.004044858273118734,-0.003876545000821352,0.006740626413375139,0.004725269973278046,0.0030460013076663017,6.713657785439864e-05,-0.002012179931625724,0.0014326462987810373,0.007102077826857567,0.00974752102047205,0.009469723328948021,-0.017548130825161934,-0.020628580823540688,-0.018748287111520767,0.0036507423501461744,0.0005581577424891293,0.0006218859343789518,-0.011560557410120964,-0.013190371915698051,-0.008709023706614971,0.041652143001556396,0.03944573551416397,0.03504234552383423,-0.015271898359060287,-0.0064712511375546455,-0.010305865667760372,0.012333720922470093,0.005426020361483097,0.007954072207212448,-0.00013240533007774502,0.002075850497931242,0.0042758360505104065,-0.007215263321995735,-0.0023506092838943005,-0.004157501272857189,-0.005319744348526001,-0.00967440940439701,-0.0075174239464104176,0.1458893120288849,0.12579576671123505,0.1236715093255043,-0.019978728145360947,-0.015107149258255959,-0.015414976514875889,-0.007912996225059032,-0.004255740903317928,-0.004446723032742739,-0.013670726679265499,-0.006961696781218052,-0.009416736662387848,0.010372168384492397,0.006781527306884527,0.0064536286517977715,-0.005212555639445782,-0.009845882654190063,-0.006548549979925156,0.11208923161029816,0.09698536992073059,0.09632150083780289,-0.15172648429870605,-0.1400623619556427,-0.1328767091035843,0.12202735990285873,0.10606581717729568,0.1038905680179596,-0.007342686876654625,0.005485606379806995,0.009646689519286156,0.27852147817611694,0.2558242678642273,0.24154166877269745,-0.10062900930643082,-0.08159539848566055,-0.0950329452753067,-0.014048050157725811,-0.009816553443670273,-0.010323954746127129,-0.11629340052604675,-0.08460613340139389,-0.06871872395277023,0.06444227695465088,0.055480219423770905,0.055585119873285294,-0.10639608651399612,-0.09932275116443634,-0.0956713929772377,0.9997216463088989,0.8765672445297241,0.8363922238349915,-0.12381426990032196,-0.11307904869318008,-0.10634858906269073,-0.08599219471216202,-0.07241186499595642,-0.07342487573623657,0.030186308547854424,0.03643510863184929,0.037750691175460815,0.11486110091209412,0.10140863060951233,0.09931452572345734,-0.15122725069522858,-0.13961707055568695,-0.13779470324516296,
-0.0025120959617197514,-0.003833214985206723,-0.0034811552613973618,0.0008382307714782655,-0.002441437914967537,-0.00289286021143198,-0.008121390827000141,-0.00831657461822033,-0.007617608178406954,0.0022519000340253115,0.0025480061303824186,0.0020937954541295767,-0.005780072417110205,-0.005185677204281092,-0.004045770037919283,-0.002291366457939148,-0.0008133672527037561,-0.000821479014120996,0.008751822635531425,0.00800464116036892,0.009043807163834572,0.0030999258160591125,0.0023062974214553833,0.002358765574172139,-0.007674341090023518,-0.008224173448979855,-0.009409867227077484,0.016209939494729042,0.02265668660402298,0.01866559498012066,-0.0003363778523635119,-0.00042777127237059176,0.0013502455549314618,-0.005011702422052622,-0.004791577812284231,-0.003664835589006543,-0.004513497930020094,-0.007256948389112949,-0.005072297528386116,0.00721835857257247,0.006571251433342695,0.004749001003801823,-0.003913439344614744,-0.000521956302691251,-0.0004918047343380749,0.007258090656250715,0.00590742751955986,0.00793644692748785,-0.02091096341609955,-0.019013652577996254,-0.020085416734218597,0.002000478794798255,0.0015874105738475919,0.0012419692939147353,-0.01638180948793888,-0.013168737292289734,-0.013162482529878616,0.04075576364994049,0.0415663979947567,0.039380867034196854,-0.010140225291252136,-0.01623363420367241,-0.013504743576049805,0.0038452825974673033,0.007382377050817013,0.006668947637081146,0.0021238101180642843,-0.000560683780349791,0.0016827292274683714,-0.0013830806128680706,-0.005823158659040928,-0.0041029485873878,-0.012237662449479103,-0.009732960723340511,-0.01096782460808754,0.12366671860218048,0.1392112821340561,0.1297227293252945,-0.015422387979924679,-0.015770846977829933,-0.01471133902668953,-0.004571476485580206,-0.005322858225554228,-0.0047370088286697865,-0.005365581717342138,-0.009887582622468472,-0.007730259094387293,0.007971752434968948,0.008341274224221706,0.007324200589209795,-0.012586228549480438,-0.008460563607513905,-0.010680103674530983,0.09759034216403961,0.1107427179813385,0.10341233760118484,-0.14199422299861908,-0.14899471402168274,-0.1418161690235138,0.10593921691179276,0.12924626469612122,0.11545368283987045,0.0034020552411675453,-0.006131581962108612,0.0003343846183270216,0.25653108954429626,0.27738437056541443,0.25798162817955017,-0.08272768557071686,-0.11233393847942352,-0.09750200062990189,-0.011741398833692074,-0.012130675837397575,-0.010381429456174374,-0.08404873311519623,-0.12125054001808167,-0.09840023517608643,0.0578945130109787,0.06383347511291504,0.058804504573345184,-0.10208199918270111,-0.10471367090940475,-0.10116199404001236,0.8765672445297241,0.9997101426124573,0.8996546268463135,-0.11199036985635757,-0.12302330881357193,-0.1151936948299408,-0.07228361815214157,-0.09034723788499832,-0.08234533667564392,0.036991365253925323,0.0297272689640522,0.03270323947072029,0.10016714036464691,0.1199355199933052,0.1075243279337883,-0.14186258614063263,-0.14804959297180176,-0.14393380284309387,
-0.0007542493985965848,-0.001640637987293303,-0.0017639030702412128,0.0014430697774514556,-0.0008213041583076119,-0.0021440337877720594,-0.005166730843484402,-0.005920919124037027,-0.004837257321923971,0.0007189989555627108,0.0013096473412588239,0.000798834313172847,-0.0046156723983585835,-0.0029206490144133568,-0.0036401627585291862,-0.0010602270485833287,-0.000711288652382791,-0.00040078978054225445,0.009919313713908195,0.009452789090573788,0.010090705938637257,0.0029250704683363438,0.0027667784597724676,0.0016811118694022298,-0.006437774747610092,-0.008687049150466919,-0.008306670933961868,0.01568359136581421,0.017253609374165535,0.01898443140089512,-0.0006439165445044637,0.002405414590612054,0.0005696828011423349,-0.004207032732665539,-0.0037001208402216434,-0.002329368144273758,-0.005229105241596699,-0.005005866754800081,-0.0033054077066481113,0.006712581031024456,0.006189602427184582,0.0038548840675503016,-0.0017311382107436657,-0.0012906508054584265,-0.0005511270137503743,0.007992185652256012,0.008379371836781502,0.008743944577872753,-0.017584966495633125,-0.0186690054833889,-0.019013233482837677,0.001698161824606359,0.00113191781565547,0.002293327823281288,-0.012466058135032654,-0.012724906206130981,-0.012634024024009705,0.03808017075061798,0.03976305574178696,0.04126648232340813,-0.01196490228176117,-0.012400928884744644,-0.015222948975861073,0.00548828300088644,0.004774131346493959,0.006607226096093655,0.004951310809701681,0.0033230241388082504,0.0022269696928560734,-0.0015990235842764378,-0.0019274245714768767,-0.003618583083152771,-0.009667348116636276,-0.010965281166136265,-0.010581869632005692,0.12049833685159683,0.12612897157669067,0.1358756572008133,-0.014521590434014797,-0.013379066251218319,-0.014785350300371647,-0.004772461485117674,-0.004971356596797705,-0.0052583045326173306,-0.008175318129360676,-0.00785786285996437,-0.00843873992562294,0.008606835268437862,0.008546115830540657,0.008466644212603569,-0.009477520361542702,-0.010240118950605392,-0.010319036431610584,0.09702803194522858,0.10379063338041306,0.1114814430475235,-0.13424770534038544,-0.14192187786102295,-0.14955532550811768,0.10373367369174957,0.11488997936248779,0.12666158378124237,0.0072761294431984425,0.00024186565133277327,-0.005981938447803259,0.24196146428585052,0.25834164023399353,0.2753191292285919,-0.09541617333889008,-0.09646947681903839,-0.10333286970853806,-0.011943471617996693,-0.009551282972097397,-0.013530237600207329,-0.06738629937171936,-0.09759531915187836,-0.11483558267354965,0.05727643892168999,0.05883845314383507,0.06367906183004379,-0.09658832103013992,-0.10014138370752335,-0.10404930263757706,0.8363922238349915,0.8996546268463135,0.9997178316116333,-0.10621962696313858,-0.11618345230817795,-0.12430638074874878,-0.07314825057983398,-0.08184166997671127,-0.0864880234003067,0.038219258189201355,0.03272410109639168,0.029331794008612633,0.09958978742361069,0.10892727226018906,0.11683948338031769,-0.1399570256471634,-0.14393676817417145,-0.14808161556720734,
-0.007919984869658947,-0.006023881491273642,-0.006067806389182806,0.009682745672762394,0.009455986320972443,0.008373826742172241,-0.007933265529572964,-0.006542641203850508,-0.00681873457506299,0.0030081782024353743,0.002163736382499337,0.0022167533170431852,0.0038314976263791323,0.001942422124557197,0.0011405845871195197,0.010158202610909939,0.00818882416933775,0.008371572941541672,-0.003823376027867198,-0.004190539009869099,-0.004860066343098879,-0.008479584008455276,-0.007521169260144234,-0.0065575893968343735,0.0073711080476641655,0.007132424972951412,0.0061419568955898285,-0.005643600132316351,-0.0031336999963968992,-0.002837567124515772,0.009487655013799667,0.006582123693078756,0.006643193308264017,0.003621903248131275,0.002877272665500641,0.002890646457672119,-0.001069527235813439,0.0008506051381118596,0.0010528069688007236,-0.0016543917590752244,-0.0017385692335665226,-0.0007086291443556547,0.002906980225816369,0.002842869143933058,0.002194341504946351,0.002107173204421997,0.0029178448021411896,0.0033688778057694435,0.05287843570113182,0.04897230118513107,0.045784011483192444,0.005487686023116112,0.005099855829030275,0.0056668780744075775,0.02711772359907627,0.02745634876191616,0.02503935806453228,-0.023617010563611984,-0.023691872134804726,-0.022307541221380234,0.016092998906970024,0.013630738481879234,0.013053872622549534,-0.002863915404304862,-0.0013815783895552158,-0.0019321008585393429,0.0034714369103312492,0.0028033640701323748,0.0021765553392469883,0.016117706894874573,0.014783304184675217,0.014340583235025406,0.0014267537044361234,0.0012569527607411146,-0.000618063728325069,-0.02737238258123398,-0.023746641352772713,-0.022552231326699257,0.12265707552433014,0.10975979268550873,0.10632432997226715,0.015130641870200634,0.01445044670253992,0.016347484663128853,0.008378090336918831,0.005843478720635176,0.007502205204218626,-0.010633726604282856,-0.010828345082700253,-0.011462817899882793,0.001892046770080924,0.002372757764533162,0.0011672500986605883,-0.07423216104507446,-0.061133962124586105,-0.049571603536605835,0.3948717415332794,0.35869932174682617,0.3324306607246399,0.03259244188666344,0.029647663235664368,0.035549454391002655,0.16150662302970886,0.15132300555706024,0.1381569504737854,-0.08737920224666595,-0.09301944077014923,-0.08799629658460617,0.12573422491550446,0.11596407741308212,0.10875383019447327,-0.09048730880022049,-0.06854882091283798,-0.05727111175656319,0.0414600670337677,0.03941379114985466,0.03525357320904732,0.06661973148584366,0.06287869811058044,0.06067837402224541,0.07708051055669785,0.07048113644123077,0.060067400336265564,-0.12381426990032196,-0.11199036985635757,-0.10621962696313858,0.9997197985649109,0.8783596754074097,0.8320537209510803,0.12869106233119965,0.1255612075328827,0.12185966223478317,0.1349172741174698,0.11733457446098328,0.113009013235569,-0.11036498844623566,-0.10660046339035034,-0.09951908886432648,0.03237781673669815,0.03274593502283096,0.025986427441239357,
-0.009683589451014996,-0.007267516106367111,-0.007100154645740986,0.011529221199452877,0.009160962887108326,0.009305226616561413,-0.007965479046106339,-0.007857595570385456,-0.007581866811960936,0.0019627329893410206,0.0015402734279632568,0.0016084857052192092,0.00500090979039669,0.005001837387681007,0.004122683312743902,0.010030411183834076,0.007186195347458124,0.008233651518821716,-0.003756783902645111,-0.0034370683133602142,-0.00445516174659133,-0.010056152939796448,-0.007019928190857172,-0.006953801494091749,0.007916122674942017,0.00715419789776206,0.00713151041418314,-0.002236100612208247,-0.002896414604038,-0.0020629586651921272,0.006531212013214827,0.009290398098528385,0.008343829773366451,0.004549101460725069,0.0040076724253594875,0.003931016661226749,-0.0008512305212207139,0.00012731550668831915,0.00018925115000456572,-0.0011635187547653913,-0.0015747200231999159,-0.00020581521675921977,0.0030289064161479473,0.002932728035375476,0.0029689082875847816,0.00621028570458293,0.004962664097547531,0.004909507464617491,0.04904073104262352,0.0523957759141922,0.04932326078414917,0.005991219077259302,0.004471225198358297,0.005137920379638672,0.027107739821076393,0.026990186423063278,0.025825055316090584,-0.02336442470550537,-0.024014940485358238,-0.023437105119228363,0.013125026598572731,0.015138237737119198,0.014569479040801525,0.00016474387666676193,-0.002283271634951234,-0.0014406547416001558,0.003431114833801985,0.002473976230248809,0.0016885529039427638,0.01498452853411436,0.017139635980129242,0.015587585046887398,0.0022211831528693438,0.000740790565032512,0.0005677537410520017,-0.02359316311776638,-0.02508513815701008,-0.022762786597013474,0.10950585454702377,0.12008386850357056,0.11131667345762253,0.01703079417347908,0.015888696536421776,0.017283784225583076,0.005976221989840269,0.004968739580363035,0.00588220963254571,-0.009781445376574993,-0.009780974127352238,-0.01022767461836338,0.0028868422377854586,0.0016350721707567573,0.0020756253506988287,-0.06272617727518082,-0.07347242534160614,-0.0633775070309639,0.3592265248298645,0.3957860469818115,0.36527884006500244,0.030247291550040245,0.031021947041153908,0.03147578611969948,0.15122121572494507,0.1625439077615738,0.14891329407691956,-0.09346645325422287,-0.09224552661180496,-0.09277882426977158,0.11691618710756302,0.12499142438173294,0.1164570152759552,-0.06729969382286072,-0.09000232070684433,-0.07424042373895645,0.03930453583598137,0.043371472507715225,0.04170005023479462,0.06101199984550476,0.07208967953920364,0.06578350812196732,0.07057929784059525,0.07549037784337997,0.07091540843248367,-0.11307904869318008,-0.12302330881357193,-0.11618345230817795,0.8783596754074097,0.9997212886810303,0.8960515260696411,0.12631617486476898,0.12696994841098785,0.12255792319774628,0.11783663928508759,0.1390112191438675,0.12529389560222626,-0.10652408003807068,-0.10682760924100876,-0.10215666890144348,0.03254960849881172,0.028457751497626305,0.026144664734601974,
-0.010010001249611378,-0.0073873139917850494,-0.007607439998537302,0.010604091919958591,0.009529652073979378,0.009923379868268967,-0.008740975521504879,-0.007984533905982971,-0.007361347321420908,0.002522627590224147,0.001907368190586567,0.0008694499265402555,0.004337439313530922,0.0037470273673534393,0.0032262965105473995,0.010475318878889084,0.008134433068335056,0.007701010908931494,-0.0043447669595479965,-0.003551280125975609,-0.003774092998355627,-0.010370496660470963,-0.008920883759856224,-0.008375569246709347,0.008678453043103218,0.00872709322720766,0.009103846736252308,-0.0025355785619467497,-0.0027222344651818275,-0.00265135383233428,0.005731355864554644,0.0076220836490392685,0.007643665187060833,0.005186385940760374,0.00497169466689229,0.004365202039480209,-0.00016980498912744224,8.814364264253527e-05,-0.0008156716939993203,-0.0010639155516400933,-0.0008725126972422004,0.000844933558255434,0.002339586615562439,0.002817300148308277,0.0024238904006779194,0.0053131356835365295,0.003432114841416478,0.003341774456202984,0.04709448292851448,0.050560835748910904,0.05298854038119316,0.005233414005488157,0.00453971466049552,0.004347571171820164,0.026135262101888657,0.027128614485263824,0.027206767350435257,-0.022574756294488907,-0.023462988436222076,-0.024869076907634735,0.01282492931932211,0.013755825348198414,0.01598764769732952,0.0009401073912158608,-0.00020981238048989326,-0.0022119726054370403,0.0023004296235740185,0.0018643044168129563,0.0020236389245837927,0.012624005787074566,0.013466911390423775,0.014858383685350418,0.002570095472037792,0.0029371122363954782,0.003072350053116679,-0.022157318890094757,-0.023105131462216377,-0.024094749242067337,0.10550285875797272,0.11122744530439377,0.11735676974058151,0.018023381009697914,0.017306184396147728,0.018074916675686836,0.006838981062173843,0.005503585562109947,0.006626339163631201,-0.010094506666064262,-0.010141569189727306,-0.010274572297930717,0.00332564371638,0.0034130155108869076,0.0023916380014270544,-0.05042840167880058,-0.06313225626945496,-0.07229641824960709,0.33310529589653015,0.3653419613838196,0.3973233699798584,0.03541436046361923,0.030625199899077415,0.031877972185611725,0.1389702707529068,0.14902737736701965,0.16494277119636536,-0.08854825049638748,-0.09270524233579636,-0.08850999176502228,0.10961784422397614,0.11690352112054825,0.12421969324350357,-0.05672366917133331,-0.07523220777511597,-0.08399121463298798,0.03568003699183464,0.04199296981096268,0.04439553990960121,0.060385920107364655,0.06747641414403915,0.06993290036916733,0.060849182307720184,0.07127686589956284,0.07776962965726852,-0.10634858906269073,-0.1151936948299408,-0.12430638074874878,0.8320537209510803,0.8960515260696411,0.9997212290763855,0.12266949564218521,0.12196243554353714,0.12686021625995636,0.1132747083902359,0.12455752491950989,0.13568627834320068,-0.09921059012413025,-0.10197875648736954,-0.10475847125053406,0.027369679883122444,0.02798893302679062,0.028410779312253,
-0.0038588703610002995,-0.003959124442189932,-0.004830732010304928,0.013406479731202126,0.010693449527025223,0.010420966893434525,-0.001853802241384983,0.00011921066470677033,-0.0004813913255929947,-0.008606658317148685,-0.008593172766268253,-0.00787542387843132,0.0048104324378073215,0.00541100325062871,0.005310597363859415,-0.008464478887617588,-0.006730749737471342,-0.008103125728666782,0.008808428421616554,0.006524980068206787,0.006168291438370943,0.0020011228043586016,0.00016598000365775079,-1.4375555110746063e-05,-0.0009005699539557099,0.00016916611639317125,-0.0002986634790431708,-0.00678871339187026,-0.0064874072559177876,-0.005755971185863018,0.006708954926580191,0.005917538423091173,0.005047639831900597,0.007129016797989607,0.0055871508084237576,0.0044560483656823635,0.00040154875023290515,0.00032008931157179177,0.0007324838079512119,0.005888085812330246,0.006851989310234785,0.0069693513214588165,-0.008595255203545094,-0.007536751218140125,-0.006717047654092312,0.011753913015127182,0.009557009674608707,0.00992626417428255,0.012719334103167057,0.011429139412939548,0.011699376627802849,0.01121501624584198,0.012186297215521336,0.011071310378611088,-0.01181997824460268,-0.007700459100306034,-0.01023941021412611,-0.03103933297097683,-0.027218660339713097,-0.025941060855984688,0.027161629870533943,0.023595351725816727,0.023469839245080948,0.02049792930483818,0.020844070240855217,0.018336985260248184,0.003219590988010168,-0.0008184816688299179,0.0003250185400247574,-0.015403489582240582,-0.01662350259721279,-0.014145533554255962,0.006084118504077196,0.00506248464807868,0.003986782394349575,-0.01462229061871767,-0.010941552929580212,-0.011708502657711506,0.019609427079558372,0.018269764259457588,0.01943838968873024,0.11335772275924683,0.10311534255743027,0.09955570101737976,-0.0035223159939050674,-0.005195963196456432,-0.005689193028956652,-0.05288597568869591,-0.046967748552560806,-0.04701032117009163,-0.008744655176997185,-0.004282329231500626,-0.0063767628744244576,0.02436063066124916,0.014614105224609375,0.011279881000518799,0.1744370311498642,0.1591947078704834,0.15615227818489075,-0.1645098477602005,-0.13215124607086182,-0.13578006625175476,0.02884078025817871,0.02690371870994568,0.02007170394062996,-0.14099645614624023,-0.12211694568395615,-0.12249292433261871,0.12323026359081268,0.10573176294565201,0.10308532416820526,0.2224680483341217,0.20786014199256897,0.1938142478466034,0.0854296088218689,0.061952926218509674,0.0685989260673523,-0.15375788509845734,-0.14871403574943542,-0.14035259187221527,0.11167410016059875,0.0981774777173996,0.09471508860588074,-0.08599219471216202,-0.07228361815214157,-0.07314825057983398,0.12869106233119965,0.12631617486476898,0.12266949564218521,0.9996987581253052,0.8812785148620605,0.8398091197013855,0.030523857101798058,0.023116981610655785,0.021120183169841766,-0.4970586597919464,-0.4348928928375244,-0.41988158226013184,0.021769210696220398,0.025180784985423088,0.020169751718640327,
-0.003722219727933407,-0.0039397054351866245,-0.005033049266785383,0.013681408949196339,0.013525348156690598,0.012385150417685509,0.0012451777001842856,0.002084112958982587,0.0028771564830094576,-0.010378088802099228,-0.012178520672023296,-0.011507771909236908,0.004005711991339922,0.004394970368593931,0.00445925910025835,-0.00603305920958519,-0.005594974849373102,-0.00587177649140358,0.008459644392132759,0.005847164895385504,0.0056774308905005455,0.0006329268217086792,-0.0005968745099380612,-0.0017024026019498706,-0.00038844451773911715,0.0009880787692964077,0.0004924646927975118,-0.005219387821853161,-0.007699119858443737,-0.006916280835866928,0.005757251288741827,0.005992567632347345,0.004855489358305931,0.002266394207254052,0.0059202988632023335,0.003373226849362254,-0.0011455218773335218,0.0011691944673657417,0.0005698545137420297,0.008642385713756084,0.0067034512758255005,0.007978389039635658,-0.006219092756509781,-0.008621454238891602,-0.006079657934606075,0.007742634508758783,0.01043506246060133,0.009173914790153503,0.013321904465556145,0.014237004332244396,0.013457322493195534,0.012537235394120216,0.012885543517768383,0.013052679598331451,-0.003744648303836584,-0.00693240761756897,-0.005308086518198252,-0.028010938316583633,-0.03075595200061798,-0.028595617040991783,0.026552485302090645,0.02651152014732361,0.02578636258840561,0.02095174230635166,0.02223963476717472,0.020823944360017776,-0.0008621949818916619,0.0019960133358836174,0.0009679186623543501,-0.017505034804344177,-0.016886958852410316,-0.01686534285545349,0.0063644470646977425,0.00842771865427494,0.006700242403894663,-0.011265700682997704,-0.012982859276235104,-0.01351139135658741,0.020648809149861336,0.02048095315694809,0.02010359987616539,0.09929938614368439,0.11091555655002594,0.10354685038328171,-0.0053078969940543175,-0.0032971338368952274,-0.0045802709646523,-0.04391073063015938,-0.05173845216631889,-0.04861079901456833,-0.0009951519314199686,-0.004570917226374149,-0.002836800878867507,0.012369539588689804,0.02315858192741871,0.017175307497382164,0.16001883149147034,0.17291490733623505,0.15981879830360413,-0.13257792592048645,-0.16647620499134064,-0.14294451475143433,0.02836534194648266,0.025365719571709633,0.022290734574198723,-0.1234685480594635,-0.1388380229473114,-0.12788739800453186,0.10612250119447708,0.12689752876758575,0.11559727787971497,0.20891019701957703,0.22514526546001434,0.20795147120952606,0.06197119876742363,0.09100131690502167,0.07427597045898438,-0.1503968983888626,-0.15988734364509583,-0.15031340718269348,0.09895943105220795,0.1135680228471756,0.10169106721878052,-0.07241186499595642,-0.09034723788499832,-0.08184166997671127,0.1255612075328827,0.12696994841098785,0.12196243554353714,0.8812785148620605,0.9997183084487915,0.9011068940162659,0.02203557826578617,0.03021276742219925,0.025180749595165253,-0.4351772367954254,-0.5022362470626831,-0.45001235604286194,0.02619240991771221,0.02654067985713482,0.02623891830444336,
-0.0023363118525594473,-0.003135903738439083,-0.0037475840654224157,0.014998946338891983,0.014343022368848324,0.01412880513817072,0.0004115011543035507,0.0024326990824192762,0.002603329950943589,-0.009581300429999828,-0.010794968344271183,-0.011141974478960037,0.0032577926758676767,0.003693409264087677,0.004050711169838905,-0.006761142518371344,-0.006025706417858601,-0.006089320871978998,0.006489404942840338,0.004613340366631746,0.004069281276315451,0.0014929819153621793,-0.0005018236697651446,-0.0014994979137554765,-0.0007087746053002775,0.000631810340564698,0.0009328013984486461,-0.006147133186459541,-0.007008448243141174,-0.006706873886287212,0.006832045968621969,0.006663116626441479,0.00469803623855114,0.002424422651529312,0.0041735051199793816,0.004813880193978548,-0.0005488750757649541,0.000578342704102397,0.001123537658713758,0.008502371609210968,0.00799122266471386,0.00857547577470541,-0.006622549146413803,-0.00855435710400343,-0.007223626598715782,0.007386280223727226,0.008446342311799526,0.009235309436917305,0.013026704080402851,0.013133852742612362,0.013786456547677517,0.010265081189572811,0.010733267292380333,0.01227665040642023,-0.004553504288196564,-0.004490912891924381,-0.005102438386529684,-0.02907583862543106,-0.030851850286126137,-0.031403154134750366,0.02561267837882042,0.02580072730779648,0.026746340095996857,0.01790369302034378,0.019686061888933182,0.020988304167985916,-0.0011076702503487468,0.0007552323513664305,0.0012075998820364475,-0.015818534418940544,-0.016679618507623672,-0.017318757250905037,0.00546712102368474,0.006408287212252617,0.006555570289492607,-0.011790917254984379,-0.011981774121522903,-0.01383946929126978,0.02160879224538803,0.020598426461219788,0.02102988213300705,0.09598784893751144,0.1024123951792717,0.10953328758478165,-0.004846692085266113,-0.003735708072781563,-0.004353261552751064,-0.04388022795319557,-0.04802428185939789,-0.05095721408724785,-0.0018826621817424893,-0.0036230995319783688,-0.004406588152050972,0.00896673183888197,0.01674649305641651,0.026831191033124924,0.15770913660526276,0.1613503098487854,0.17342717945575714,-0.1365893930196762,-0.14352567493915558,-0.1643075942993164,0.022013148292899132,0.023661894723773003,0.027087245136499405,-0.12430226802825928,-0.12961217761039734,-0.13696803152561188,0.10465521365404129,0.1164889931678772,0.12317220121622086,0.19436714053153992,0.20741061866283417,0.22480621933937073,0.06875932961702347,0.07483673840761185,0.08682531118392944,-0.1420029103755951,-0.1501498967409134,-0.15644322335720062,0.09693261981010437,0.10361633449792862,0.11296550184488297,-0.07342487573623657,-0.08234533667564392,-0.0864880234003067,0.12185966223478317,0.12255792319774628,0.12686021625995636,0.8398091197013855,0.9011068940162659,0.9997159838676453,0.02009720169007778,0.025630773976445198,0.031980596482753754,-0.4206602871417999,-0.45069557428359985,-0.5006875395774841,0.02094571478664875,0.02605263888835907,0.026265740394592285,
0.010243804194033146,0.00772518664598465,0.006889566779136658,0.003893860848620534,0.005430978257209063,0.0052033476531505585,0.0026457244530320168,0.001312888110987842,0.00017304043285548687,9.730888268677518e-05,-6.691407907055691e-05,0.00044039549538865685,0.0004962814855389297,-0.0018725426634773612,-0.0018231173744425178,-0.004309759940952063,-0.002404920756816864,-0.002270182827487588,-0.0009726627613417804,-0.0025894856080412865,-0.0035350469406694174,0.0017980480333790183,0.000864006404299289,0.0006174775771796703,-0.0015632803551852703,0.00024741439847275615,-0.0012460782891139388,-0.004742523189634085,-0.004112890921533108,-0.005058515351265669,-0.0028125459793955088,-0.0011568641057237983,-0.002053400268778205,-0.002268900629132986,-0.0017525320872664452,-0.0005884566344320774,0.01076596137136221,0.0074848304502666,0.007818195037543774,0.0023046168498694897,0.0016633837949484587,-3.7292702472768724e-05,0.0015922425081953406,0.0020360511261969805,0.0019841401372104883,-0.012412404641509056,-0.013637584634125233,-0.013398855924606323,0.02231031283736229,0.024439746513962746,0.021738115698099136,-0.0048334538005292416,-0.006265372969210148,-0.005036518909037113,0.02252000942826271,0.02222648449242115,0.020148474723100662,0.028382720425724983,0.02673947997391224,0.027210762724280357,0.026791652664542198,0.02188210003077984,0.022930920124053955,0.010366911999881268,0.012434286996722221,0.009661935269832611,0.025071104988455772,0.024001561105251312,0.021114567294716835,-0.011688459664583206,-0.013285334222018719,-0.011866043321788311,0.01331773679703474,0.016830403357744217,0.012982960790395737,-0.014922951348125935,-0.011239802464842796,-0.013246108777821064,0.002144422847777605,0.0005571891088038683,0.0007697531837038696,-0.007898101583123207,-0.007573988288640976,-0.007873574271798134,0.1349482387304306,0.12219931930303574,0.11971060186624527,0.011015713214874268,0.009325714781880379,0.009520287625491619,-0.026016494259238243,-0.021460434421896935,-0.022470157593488693,-0.08049599081277847,-0.08416283875703812,-0.08008892834186554,0.18874432146549225,0.1780286431312561,0.16159889101982117,-0.0870509222149849,-0.0798453763127327,-0.07457049936056137,0.2920866310596466,0.26520368456840515,0.24297963082790375,0.06005162373185158,0.059764742851257324,0.06363426893949509,0.0701637864112854,0.06051554158329964,0.05838997662067413,0.027309948578476906,0.033323436975479126,0.01725316047668457,0.17035724222660065,0.1559370458126068,0.14449433982372284,-0.07974106073379517,-0.0862368643283844,-0.07941223680973053,0.13901039958000183,0.1329035460948944,0.11578917503356934,0.030186308547854424,0.036991365253925323,0.038219258189201355,0.1349172741174698,0.11783663928508759,0.1132747083902359,0.030523857101798058,0.02203557826578617,0.02009720169007778,0.9997214078903198,0.8776219487190247,0.8322270512580872,-0.04724220931529999,-0.04413851723074913,-0.042521558701992035,-0.16633562743663788,-0.14897146821022034,-0.14779029786586761,
0.010408137924969196,0.010453416965901852,0.008358951658010483,0.0042455606162548065,0.004110693000257015,0.0032068362925201654,0.004028198774904013,0.0011796144535765052,0.0007933776942081749,-0.001421464723534882,-4.988781802239828e-05,-3.090137761319056e-05,-0.0009570376132614911,-0.00024710356956347823,-0.0008564302115701139,-0.001762641710229218,-0.002328947652131319,-0.0015369155444204807,-0.0010237360838800669,-0.002305160043761134,-0.002819565124809742,-5.636168134515174e-05,0.0017707787919789553,0.0010463085491210222,-2.059629196082824e-06,-0.000312876160023734,-0.0009002836304716766,-0.003212139941751957,-0.004623121116310358,-0.00428783567622304,-0.002180093200877309,-0.000980667769908905,-0.0020898389630019665,-0.002747903112322092,-0.0020646105986088514,-0.0003994398284703493,0.005067786201834679,0.007553093135356903,0.006691886577755213,0.000642669852823019,-0.00018747002468444407,-0.00202297349460423,0.004178340081125498,0.0024058856070041656,0.0038393023423850536,-0.010810056701302528,-0.011126414872705936,-0.011469111777842045,0.023659048601984978,0.024393651634454727,0.023722678422927856,-0.0072677116841077805,-0.006849510129541159,-0.0058268397115170956,0.02460160292685032,0.024738524109125137,0.023629330098628998,0.0253598690032959,0.02888951264321804,0.027135884389281273,0.02452930621802807,0.02558080479502678,0.024437814950942993,0.015157652087509632,0.0144166499376297,0.013603848405182362,0.023424241691827774,0.024993425235152245,0.022623278200626373,-0.014107925817370415,-0.012129120528697968,-0.012637832202017307,0.01670907810330391,0.01617341861128807,0.015441499650478363,-0.011878210119903088,-0.013407430611550808,-0.013203239068388939,0.0004424658545758575,0.000605182780418545,0.0006455177208408713,-0.009221399202942848,-0.00851347390562296,-0.008593314327299595,0.11937759071588516,0.13175491988658905,0.12380794435739517,0.00895827729254961,0.009323591366410255,0.009277500212192535,-0.01776188425719738,-0.02229502610862255,-0.02088778465986252,-0.08595350384712219,-0.08518979698419571,-0.08612342178821564,0.179304301738739,0.18994462490081787,0.1747686117887497,-0.08076310902833939,-0.08999855816364288,-0.08235093951225281,0.26601293683052063,0.28828752040863037,0.26505905389785767,0.057866908609867096,0.06004476919770241,0.05840267986059189,0.06178342550992966,0.07180114835500717,0.06633823364973068,0.03445710986852646,0.024544253945350647,0.025811653584241867,0.155696302652359,0.17023158073425293,0.1568581908941269,-0.0878152847290039,-0.0814901813864708,-0.08208341896533966,0.134053036570549,0.13935908675193787,0.1262284219264984,0.03643510863184929,0.0297272689640522,0.03272410109639168,0.11733457446098328,0.1390112191438675,0.12455752491950989,0.023116981610655785,0.03021276742219925,0.025630773976445198,0.8776219487190247,0.9997128248214722,0.8965811133384705,-0.04541134834289551,-0.051137860864400864,-0.04704219475388527,-0.14852622151374817,-0.17333582043647766,-0.1541229486465454,
0.012060774490237236,0.011320636607706547,0.00944454874843359,0.002116877818480134,0.0023892237804830074,0.0026345772203058004,0.002904400462284684,0.0013716047396883368,0.001852214802056551,-1.267484731215518e-05,0.001349766505882144,0.0013590108137577772,-0.001742806052789092,-0.0013872117269784212,-0.001320131472311914,-0.0018521114252507687,-0.0020542405545711517,-0.0016406099312007427,-0.0015707124257460237,-0.00260448781773448,-0.00306444289162755,0.0015615071170032024,0.0025337503757327795,0.0018804038409143686,-0.00045444839634001255,0.00031395271071232855,-0.0008029146702028811,-0.003162715118378401,-0.004037609323859215,-0.003811813425272703,-0.0018398842075839639,-0.00178380380384624,-0.002058653626590967,-0.0025997578632086515,-0.001361251575872302,-0.00012112632248317823,0.004499792121350765,0.005629288963973522,0.007016740273684263,0.0015691432636231184,0.00024050117644947022,-0.000814019818790257,0.004663325846195221,0.003859105287119746,0.0049502672627568245,-0.011689960025250912,-0.012235371395945549,-0.012934275902807713,0.022146321833133698,0.024511685594916344,0.025040561333298683,-0.005683169234544039,-0.005375509150326252,-0.004506047815084457,0.021660801023244858,0.022540660575032234,0.02430715411901474,0.026082035154104233,0.02757577784359455,0.027929531410336494,0.022456586360931396,0.022002287209033966,0.02429639734327793,0.011936157941818237,0.012746554799377918,0.013424829579889774,0.020896874368190765,0.022978566586971283,0.023777833208441734,-0.013491666875779629,-0.012876690365374088,-0.014003220945596695,0.014791253954172134,0.016704456880688667,0.016433609649538994,-0.011654140427708626,-0.011466795578598976,-0.01269654929637909,0.00059946981491521,0.0009025456383824348,0.001232848153449595,-0.00831948034465313,-0.007369013503193855,-0.007032792549580336,0.11499477177858353,0.1220293790102005,0.13032294809818268,0.008131717331707478,0.008151442743837833,0.008932450786232948,-0.017321672290563583,-0.019678939133882523,-0.0221782848238945,-0.0814933180809021,-0.08619291335344315,-0.08183635026216507,0.1627550721168518,0.174757182598114,0.19313114881515503,-0.0764627680182457,-0.0831795260310173,-0.08926618099212646,0.2443234920501709,0.26556843519210815,0.29086166620254517,0.062307219952344894,0.058608751744031906,0.05951419472694397,0.060746628791093826,0.06676051020622253,0.06992711126804352,0.017520587891340256,0.025332968682050705,0.030038774013519287,0.1438821405172348,0.15644653141498566,0.1715681403875351,-0.08054021000862122,-0.08258785307407379,-0.07793669402599335,0.1180071160197258,0.12732969224452972,0.142050102353096,0.037750691175460815,0.03270323947072029,0.029331794008612633,0.113009013235569,0.12529389560222626,0.13568627834320068,0.021120183169841766,0.025180749595165253,0.031980596482753754,0.8322270512580872,0.8965811133384705,0.999718427658081,-0.0440206304192543,-0.04737390950322151,-0.050157107412815094,-0.1465981900691986,-0.1534145474433899,-0.1704115867614746,
0.002093568677082658,0.0028160454239696264,0.0031013665720820427,-0.013585628010332584,-0.008738239295780659,-0.0071344380266964436,-0.004633396863937378,-0.007068573962897062,-0.0064648352563381195,0.013185475021600723,0.01259541418403387,0.011354654096066952,-0.0051779733039438725,-0.008110437542200089,-0.006938733160495758,0.004361480474472046,0.0023357418831437826,0.003101400565356016,-0.007929990068078041,-0.005300231743603945,-0.005709490273147821,-0.004911215975880623,-0.003652862273156643,-0.0046217311173677444,0.004959058482199907,0.0031542200595140457,0.0033029206097126007,0.008285357616841793,0.00865686871111393,0.0062993778847157955,-0.005196817219257355,-0.0054534319788217545,-0.004677250515669584,0.006108688656240702,0.006306085269898176,0.0063694799318909645,0.005861686542630196,0.0038383775390684605,0.0016449748072773218,0.009904510341584682,0.006252421997487545,0.004478097427636385,0.0006059147417545319,0.000277209299383685,-0.001150368945673108,0.0006276280037127435,0.0016004901845008135,-0.0014279981842264533,-0.010553889907896519,-0.010080864652991295,-0.010870897211134434,0.04827236384153366,0.04258869215846062,0.04298153892159462,0.0071226987056434155,0.0026381819043308496,0.0052919406443834305,0.036077287048101425,0.03251795843243599,0.032244354486465454,0.0020865928381681442,0.0023359465412795544,0.0025698908139020205,0.0029931196477264166,-0.00023842122755013406,-0.0003947927034460008,-0.003605170175433159,0.002391721121966839,-0.00095777289243415,0.017587054520845413,0.01945793256163597,0.014906533993780613,0.0009681928204372525,0.0022760313004255295,0.0027714730240404606,0.014915701001882553,0.013032447546720505,0.013447520323097706,-0.017301542684435844,-0.01678817719221115,-0.017293093726038933,-0.048571594059467316,-0.04353317618370056,-0.04342898726463318,0.007827880792319775,0.00786343589425087,0.007434351835399866,0.1224222332239151,0.1091751828789711,0.10773997753858566,0.0035994481295347214,-0.001238335156813264,0.0003959675959777087,0.19553756713867188,0.18506906926631927,0.1734292209148407,-0.15094280242919922,-0.13250601291656494,-0.12767215073108673,0.5581727623939514,0.48171037435531616,0.4652126729488373,-0.032618071883916855,-0.037671465426683426,-0.034156154841184616,0.1201467216014862,0.10247959941625595,0.1034012958407402,-0.007558803539723158,0.00887890625745058,0.01193713117390871,0.016104619950056076,0.011722465045750141,0.009935279376804829,-0.07041227072477341,-0.051459383219480515,-0.0659165233373642,0.22255095839500427,0.20584987103939056,0.18958351016044617,-0.012882895767688751,0.0022895976435393095,0.0014858739450573921,0.11486110091209412,0.10016714036464691,0.09958978742361069,-0.11036498844623566,-0.10652408003807068,-0.09921059012413025,-0.4970586597919464,-0.4351772367954254,-0.4206602871417999,-0.04724220931529999,-0.04541134834289551,-0.0440206304192543,0.9997222423553467,0.8728699088096619,0.8281394243240356,0.0029565016739070415,-0.009381946176290512,-0.012140282429754734,
0.0028311924543231726,0.0030139335431158543,0.0037883282639086246,-0.016310879960656166,-0.013797329738736153,-0.011089794337749481,-0.00921285804361105,-0.009719008579850197,-0.010848775506019592,0.012255026958882809,0.014837382361292839,0.013280184008181095,-0.0059082587249577045,-0.00614630151540041,-0.005342940799891949,0.002514441264793277,0.0019302526488900185,0.0018234065501019359,-0.007132790517061949,-0.004158392082899809,-0.0037133274599909782,-0.0016054833540692925,-0.0036520562134683132,-0.0031393917743116617,0.003377859015017748,0.0027133426629006863,0.003765142522752285,0.008566669188439846,0.00939333438873291,0.008487608283758163,-0.004619890358299017,-0.005432393401861191,-0.005090375430881977,0.009342234581708908,0.007228044793009758,0.008145601488649845,0.00525322649627924,0.0027322436217218637,0.0014112676726654172,0.002748382743448019,0.007175840437412262,0.004416953306645155,-0.0019678089302033186,0.0009468007483519614,-0.002354305936023593,0.0030895466916263103,1.890179919428192e-05,0.00028919181204400957,-0.01053460594266653,-0.012629632838070393,-0.012187941931188107,0.04199107363820076,0.04641813039779663,0.04345661774277687,-0.0021256147883832455,0.0028445690404623747,0.0004952948656864464,0.03147149085998535,0.03472787141799927,0.0335613377392292,-0.0006394909578375518,0.0019437165465205908,0.001998579129576683,-0.0005174381076358259,-0.002068581758067012,-0.0019242125563323498,0.001889909035526216,-0.00037268950836732984,0.0006977645098231733,0.021453367546200752,0.019549287855625153,0.01849324069917202,0.0008488375460729003,-0.0012871487997472286,0.001105792704038322,0.013399139977991581,0.012944187968969345,0.015017271973192692,-0.018575767055153847,-0.01773100346326828,-0.01775571145117283,-0.04062880575656891,-0.04703415185213089,-0.04423860087990761,0.0076508428901433945,0.008508042432367802,0.008538383059203625,0.10407554358243942,0.12020785361528397,0.1129913404583931,-0.00477915583178401,-0.0004945267573930323,-0.0027085398323833942,0.18791531026363373,0.19397003948688507,0.1830114722251892,-0.1348850429058075,-0.1471053510904312,-0.13497653603553772,0.4828818142414093,0.5519105792045593,0.49659425020217896,-0.040074922144412994,-0.03368477150797844,-0.034518707543611526,0.10335756838321686,0.12092582136392593,0.11038478463888168,0.007752538193017244,-0.004609999712556601,0.0024841444101184607,0.01025347225368023,0.01078575849533081,0.009825377725064754,-0.05180332809686661,-0.0782787948846817,-0.06493602693080902,0.20812463760375977,0.22367317974567413,0.20571203529834747,-0.0001417183957528323,-0.010220695286989212,-0.004880188032984734,0.10140863060951233,0.1199355199933052,0.10892727226018906,-0.10660046339035034,-0.10682760924100876,-0.10197875648736954,-0.4348928928375244,-0.5022362470626831,-0.45069557428359985,-0.04413851723074913,-0.051137860864400864,-0.04737390950322151,0.8728699088096619,0.9997071623802185,0.8953829407691956,-0.011676122434437275,-0.0033970545046031475,-0.010713821277022362,
0.0005416658823378384,0.0013893815921619534,0.002047737594693899,-0.015978658571839333,-0.014419681392610073,-0.013035657815635204,-0.007776737213134766,-0.010058621875941753,-0.010549576953053474,0.01158253662288189,0.01363169215619564,0.012443180195987225,-0.004208986181765795,-0.004540198482573032,-0.0036639166064560413,0.0023843408562242985,0.0014110800111666322,0.0021511500235646963,-0.006277977488934994,-0.003740796120837331,-0.0034792539663612843,-0.0026086140424013138,-0.00255865091457963,-0.000944273779168725,0.003896520007401705,0.0025145974941551685,0.003372213104739785,0.008552859537303448,0.008715766482055187,0.007157034240663052,-0.004844943061470985,-0.00554689159616828,-0.0038523832336068153,0.008512499742209911,0.007663354277610779,0.007772437296807766,0.004216378554701805,0.0030792895704507828,0.0023117640521377325,0.002987705171108246,0.00507867056876421,0.00603289483115077,-0.0008690832182765007,0.0009774932404980063,-0.0008110465132631361,0.0003740034007932991,0.0001289398642256856,0.0006884133908897638,-0.008847169578075409,-0.010838648304343224,-0.010549614205956459,0.043625347316265106,0.04582879692316055,0.047236595302820206,-0.00040384684689342976,0.0009211376891471446,0.0017884208355098963,0.03216135501861572,0.03501679375767708,0.03621203824877739,-0.00065242825075984,0.0010181986726820469,0.0016745569882914424,0.0008154713432304561,-0.001064733718521893,0.00018259939679410309,0.0001600081886863336,0.00031081249471753836,6.625824607908726e-05,0.018145596608519554,0.019388597458600998,0.0204861331731081,0.0026562847197055817,0.0011380333453416824,0.002174969995394349,0.013430285267531872,0.013130702078342438,0.015668751671910286,-0.018413420766592026,-0.01708575151860714,-0.017547957599163055,-0.040341101586818695,-0.043699126690626144,-0.04650844633579254,0.007528115063905716,0.008879811502993107,0.01014418713748455,0.10105572640895844,0.11049012094736099,0.11906222254037857,-0.0043632350862026215,-0.002236924832686782,-0.00044738437281921506,0.1748560070991516,0.18241620063781738,0.19160737097263336,-0.12888415157794952,-0.1345812827348709,-0.14494000375270844,0.4654088020324707,0.49596866965293884,0.5520904660224915,-0.035498738288879395,-0.033829741179943085,-0.03255399316549301,0.10349943488836288,0.11041691154241562,0.11910779029130936,0.01001025177538395,0.00163992156740278,-0.0004818255256395787,0.010207959450781345,0.010903649963438511,0.011610087007284164,-0.06614430248737335,-0.06465846300125122,-0.0685003399848938,0.18985380232334137,0.20480376482009888,0.2256959080696106,0.0007867018575780094,-0.004095255862921476,-0.008406208828091621,0.09931452572345734,0.1075243279337883,0.11683948338031769,-0.09951908886432648,-0.10215666890144348,-0.10475847125053406,-0.41988158226013184,-0.45001235604286194,-0.5006875395774841,-0.042521558701992035,-0.04704219475388527,-0.050157107412815094,0.8281394243240356,0.8953829407691956,0.9997045397758484,-0.013146014884114265,-0.00950391124933958,-0.0013360242592170835,
0.0020550168119370937,0.002157597104087472,0.0018699425272643566,-0.0006549495155923069,0.0008122345898300409,0.0008075510268099606,0.00412050960585475,0.0035421308130025864,0.0039011023472994566,-7.417677261400968e-05,-0.0005524990847334266,0.0007311608060263097,0.002806724514812231,0.002000126289203763,0.0027784474659711123,-0.008476780727505684,-0.009677073918282986,-0.009092963300645351,0.007325423415750265,0.007184636313468218,0.007839630357921124,0.0010818508453667164,0.00244784913957119,0.0018548081861808896,0.0021569926757365465,0.002355746692046523,0.0018429735209792852,-0.005841515492647886,-0.003613264998421073,-0.0028211399912834167,0.00033887787139974535,-0.0008876154897734523,-0.0012433294905349612,-0.006920956540852785,-0.007433220278471708,-0.0065438696183264256,0.0064899250864982605,0.004930990748107433,0.004683515522629023,0.005762821063399315,0.006416086107492447,0.0061165811493992805,0.016762232407927513,0.01304364763200283,0.012390869669616222,-0.0016177927609533072,0.0007932662265375257,-0.0005724952206946909,0.0028578985948115587,0.004489485640078783,0.004617644008249044,0.0003862018929794431,-0.000669143395498395,-9.545324428472668e-05,0.04446881636977196,0.038872890174388885,0.039576221257448196,-0.0028771127108484507,-0.002464513061568141,-0.00211220420897007,0.013831735588610172,0.010787442326545715,0.01103975996375084,-0.012976335361599922,-0.012025474570691586,-0.010195781476795673,0.007156507112085819,0.007888085208833218,0.005694650579243898,0.0007687750039622188,0.0030739211943000555,-0.0008363454835489392,0.008713348768651485,0.010010742582380772,0.010768737643957138,-0.022121228277683258,-0.018779374659061432,-0.019148319959640503,-0.0014009911101311445,-0.0012390345800668001,-0.0014857128262519836,-0.005223125219345093,-0.00457047438248992,-0.00559204863384366,-0.019671881571412086,-0.01979674957692623,-0.01877519302070141,0.0032737706787884235,0.00014207515050657094,0.0011850186856463552,0.1285054236650467,0.11813277751207352,0.11443497240543365,-0.04708006978034973,-0.034633148461580276,-0.04883570596575737,0.04763593524694443,0.042406752705574036,0.047767963260412216,-0.07963838428258896,-0.07563988119363785,-0.07109000533819199,0.3996329605579376,0.3324953019618988,0.32228532433509827,-0.05161804333329201,-0.03283234313130379,-0.03030254691839218,0.05988486483693123,0.049872662872076035,0.04890826717019081,-0.036504969000816345,-0.04540357366204262,-0.03240871801972389,0.10160645097494125,0.10082338750362396,0.09546318650245667,-0.006642387248575687,-1.6339075955329463e-05,-0.022097859531641006,0.06488975137472153,0.05986461788415909,0.06749629229307175,-0.15122725069522858,-0.14186258614063263,-0.1399570256471634,0.03237781673669815,0.03254960849881172,0.027369679883122444,0.021769210696220398,0.02619240991771221,0.02094571478664875,-0.16633562743663788,-0.14852622151374817,-0.1465981900691986,0.0029565016739070415,-0.011676122434437275,-0.013146014884114265,0.9997087717056274,0.8700653910636902,0.8191084265708923,
0.003213424701243639,0.0014700692845508456,0.002359099453315139,-0.00258765765465796,-0.0007407651282846928,-0.00029682464082725346,0.005469927564263344,0.005865630228072405,0.005284262355417013,-0.0008207269129343331,-0.00012962108303327113,0.0010080370120704174,0.0027827024459838867,0.002551858779042959,0.002264845184981823,-0.009184098802506924,-0.009608850814402103,-0.00940210185945034,0.006988490000367165,0.0058975741267204285,0.006576929707080126,0.003701147623360157,0.0034164858516305685,0.0036692435387521982,0.004509857390075922,0.004514747299253941,0.0034574244637042284,-0.0045260414481163025,-0.0030490090139210224,-0.0019783172756433487,0.0020613721571862698,0.0008877630461938679,0.0007659506518393755,-0.006122980732470751,-0.007376229390501976,-0.0060008978471159935,0.009532341733574867,0.009026848711073399,0.008806847967207432,0.005314252804964781,0.006875385995954275,0.0061042215675115585,0.01086434070020914,0.013878760859370232,0.011582035571336746,0.0011846339330077171,0.0016528500709682703,0.0022639886010438204,0.00523382006213069,0.006182355340570211,0.0057795546017587185,0.00039097366970963776,0.0013365865452215075,0.0006847759941592813,0.0368707999587059,0.041496749967336655,0.03949790075421333,-0.0028016173746436834,-0.001826707273721695,-0.0024049526546150446,0.010773763060569763,0.013084124773740768,0.012295715510845184,-0.011853016912937164,-0.010989774949848652,-0.0104598393663764,0.009593435563147068,0.008581419475376606,0.009267738088965416,0.004052119795233011,0.003448760835453868,0.0035810249391943216,0.011737934313714504,0.012914219871163368,0.012729511596262455,-0.01908803917467594,-0.02069845236837864,-0.019809678196907043,-0.0006663904641754925,-0.0007446030504070222,-0.0007386314682662487,-0.001040482078678906,-0.0031175382900983095,-0.0028209493029862642,-0.017511585727334023,-0.02038092352449894,-0.018933672457933426,-0.0010612993501126766,0.0025697611272335052,0.001812306814827025,0.11304790526628494,0.1288643330335617,0.120934396982193,-0.03218734636902809,-0.0457877553999424,-0.037515878677368164,0.041954878717660904,0.04845507815480232,0.04798712953925133,-0.0741322711110115,-0.07954137027263641,-0.07499520480632782,0.3312992751598358,0.3841715455055237,0.345102459192276,-0.03162345290184021,-0.038968775421381,-0.033266592770814896,0.04954324662685394,0.06142657995223999,0.054731179028749466,-0.044734787195920944,-0.0320739671587944,-0.03489772602915764,0.09897931665182114,0.1004798635840416,0.09889417141675949,0.0012324429117143154,-0.011598039418458939,-0.009631200693547726,0.059546682983636856,0.06738730520009995,0.06685615330934525,-0.13961707055568695,-0.14804959297180176,-0.14393676817417145,0.03274593502283096,0.028457751497626305,0.02798893302679062,0.025180784985423088,0.02654067985713482,0.02605263888835907,-0.14897146821022034,-0.17333582043647766,-0.1534145474433899,-0.009381946176290512,-0.0033970545046031475,-0.00950391124933958,0.8700653910636902,0.9997186660766602,0.8911123275756836,
0.001884481986053288,0.0006153376307338476,0.00040125337545759976,-0.003724516835063696,-0.0019056664314121008,-0.0019510530401021242,0.008977074176073074,0.00899356696754694,0.008153129369020462,-7.694007217651233e-05,5.91741300013382e-05,0.0014772186987102032,0.0030824639834463596,0.0022927350364625454,0.002682180143892765,-0.009380090981721878,-0.009417381137609482,-0.008860628120601177,0.008719287812709808,0.007021650671958923,0.007403349503874779,0.0037015224806964397,0.004090677015483379,0.004413383547216654,0.0048884921707212925,0.004880810622125864,0.0031673016492277384,-0.005065308418124914,-0.0033535787370055914,-0.0028751252684742212,0.001447495655156672,0.0008699215832166374,2.4178249077522196e-05,-0.00588940130546689,-0.007083748932927847,-0.006441211793571711,0.010263144969940186,0.010194176807999611,0.010316131636500359,0.00495782820507884,0.006538148038089275,0.0062121739611029625,0.012208057567477226,0.01399884931743145,0.015889493748545647,-0.000604397093411535,0.001426729722879827,0.002402488375082612,0.00494840694591403,0.005067678168416023,0.003807919332757592,0.0008553809020668268,0.0008812173036858439,0.0011725298827514052,0.039053600281476974,0.041316013783216476,0.042423851788043976,-0.003470025025308132,-0.0021878189872950315,-0.0024197562597692013,0.01066083088517189,0.012175292707979679,0.012838686816394329,-0.010849300771951675,-0.009890258312225342,-0.010974450036883354,0.008627071976661682,0.009373338893055916,0.009235477074980736,0.0002603380708023906,0.0016160134691745043,0.0036230157129466534,0.012487497180700302,0.012881847098469734,0.011465894058346748,-0.019695568829774857,-0.019921476021409035,-0.01982872746884823,-0.0009699870715849102,-0.0014848725404590368,-0.0014304228825494647,-0.0019762679003179073,-0.0028337789699435234,-0.0034264170099049807,-0.01512940600514412,-0.017428306862711906,-0.019044024869799614,-0.0015522708417847753,0.0009141400805674493,0.003386038588359952,0.10863950848579407,0.11976351588964462,0.12972690165042877,-0.047940611839294434,-0.0380915068089962,-0.03841153904795647,0.0466143861413002,0.04693770408630371,0.04087967425584793,-0.07062438875436783,-0.07619218528270721,-0.07920502871274948,0.32055336236953735,0.34400150179862976,0.38498663902282715,-0.029915301129221916,-0.0334770642220974,-0.040765661746263504,0.047764480113983154,0.05445494502782822,0.06010220944881439,-0.030907241627573967,-0.033655691891908646,-0.03521518409252167,0.0927739143371582,0.09805610030889511,0.10110469162464142,-0.021855032071471214,-0.010471707209944725,-0.0036571058444678783,0.06588033586740494,0.06565254181623459,0.0612902007997036,-0.13779470324516296,-0.14393380284309387,-0.14808161556720734,0.025986427441239357,0.026144664734601974,0.028410779312253,0.020169751718640327,0.02623891830444336,0.026265740394592285,-0.14779029786586761,-0.1541229486465454,-0.1704115867614746,-0.012140282429754734,-0.010713821277022362,-0.0013360242592170835,0.8191084265708923,0.8911123275756836,0.9997168183326721,
